-- MySQL dump 10.16  Distrib 10.1.38-MariaDB, for osx10.10 (x86_64)
--
-- Host: localhost    Database: glagopedija
-- ------------------------------------------------------
-- Server version	10.1.38-MariaDB

/*!40101 SET @OLD_CHARACTER_SET_CLIENT=@@CHARACTER_SET_CLIENT */;
/*!40101 SET @OLD_CHARACTER_SET_RESULTS=@@CHARACTER_SET_RESULTS */;
/*!40101 SET @OLD_COLLATION_CONNECTION=@@COLLATION_CONNECTION */;
/*!40101 SET NAMES utf8 */;
/*!40103 SET @OLD_TIME_ZONE=@@TIME_ZONE */;
/*!40103 SET TIME_ZONE='+00:00' */;
/*!40014 SET @OLD_UNIQUE_CHECKS=@@UNIQUE_CHECKS, UNIQUE_CHECKS=0 */;
/*!40014 SET @OLD_FOREIGN_KEY_CHECKS=@@FOREIGN_KEY_CHECKS, FOREIGN_KEY_CHECKS=0 */;
/*!40101 SET @OLD_SQL_MODE=@@SQL_MODE, SQL_MODE='NO_AUTO_VALUE_ON_ZERO' */;
/*!40111 SET @OLD_SQL_NOTES=@@SQL_NOTES, SQL_NOTES=0 */;

--
-- Table structure for table `grupa`
--

DROP TABLE IF EXISTS `grupa`;
/*!40101 SET @saved_cs_client     = @@character_set_client */;
/*!40101 SET character_set_client = utf8 */;
CREATE TABLE `grupa` (
  `id` int(11) NOT NULL AUTO_INCREMENT,
  `naziv` varchar(45) NOT NULL,
  PRIMARY KEY (`id`)
) ENGINE=InnoDB AUTO_INCREMENT=16 DEFAULT CHARSET=utf8;
/*!40101 SET character_set_client = @saved_cs_client */;

--
-- Dumping data for table `grupa`
--

LOCK TABLES `grupa` WRITE;
/*!40000 ALTER TABLE `grupa` DISABLE KEYS */;
INSERT INTO `grupa` VALUES (2,'Glagoljica'),(3,'Ćirilica'),(4,'Latinica'),(13,'Kanon staroslavenskih spisa');
/*!40000 ALTER TABLE `grupa` ENABLE KEYS */;
UNLOCK TABLES;

--
-- Table structure for table `grupa_jezik`
--

DROP TABLE IF EXISTS `grupa_jezik`;
/*!40101 SET @saved_cs_client     = @@character_set_client */;
/*!40101 SET character_set_client = utf8 */;
CREATE TABLE `grupa_jezik` (
  `grupa` int(11) NOT NULL,
  `jezik` char(2) NOT NULL,
  `vrijednost` text NOT NULL,
  KEY `jezik` (`jezik`),
  KEY `grupa` (`grupa`),
  CONSTRAINT `grupa_jezik_ibfk_1` FOREIGN KEY (`jezik`) REFERENCES `jezik` (`id`),
  CONSTRAINT `grupa_jezik_ibfk_2` FOREIGN KEY (`grupa`) REFERENCES `grupa` (`id`)
) ENGINE=InnoDB DEFAULT CHARSET=utf8;
/*!40101 SET character_set_client = @saved_cs_client */;

--
-- Dumping data for table `grupa_jezik`
--

LOCK TABLES `grupa_jezik` WRITE;
/*!40000 ALTER TABLE `grupa_jezik` DISABLE KEYS */;
INSERT INTO `grupa_jezik` VALUES (2,'en','Glagolitic'),(2,'hr','Glagoljica'),(3,'hr','Ćirilica'),(4,'hr','Latinica'),(3,'en','Cyrillic'),(4,'en','Latin'),(13,'hr','Kanon staroslavenskih spisa');
/*!40000 ALTER TABLE `grupa_jezik` ENABLE KEYS */;
UNLOCK TABLES;

--
-- Table structure for table `informacije`
--

DROP TABLE IF EXISTS `informacije`;
/*!40101 SET @saved_cs_client     = @@character_set_client */;
/*!40101 SET character_set_client = utf8 */;
CREATE TABLE `informacije` (
  `id` int(11) NOT NULL AUTO_INCREMENT,
  `naziv` varchar(30) NOT NULL,
  `opis` longtext NOT NULL,
  PRIMARY KEY (`id`)
) ENGINE=InnoDB DEFAULT CHARSET=utf8;
/*!40101 SET character_set_client = @saved_cs_client */;

--
-- Dumping data for table `informacije`
--

LOCK TABLES `informacije` WRITE;
/*!40000 ALTER TABLE `informacije` DISABLE KEYS */;
/*!40000 ALTER TABLE `informacije` ENABLE KEYS */;
UNLOCK TABLES;

--
-- Table structure for table `jezik`
--

DROP TABLE IF EXISTS `jezik`;
/*!40101 SET @saved_cs_client     = @@character_set_client */;
/*!40101 SET character_set_client = utf8 */;
CREATE TABLE `jezik` (
  `id` char(2) NOT NULL,
  `naziv` text NOT NULL,
  PRIMARY KEY (`id`)
) ENGINE=InnoDB DEFAULT CHARSET=utf8;
/*!40101 SET character_set_client = @saved_cs_client */;

--
-- Dumping data for table `jezik`
--

LOCK TABLES `jezik` WRITE;
/*!40000 ALTER TABLE `jezik` DISABLE KEYS */;
INSERT INTO `jezik` VALUES ('de','Njemački'),('en','Engleski'),('fr','Francuski'),('hr','Hrvatski'),('pl','Poljski'),('ta','Talijanski');
/*!40000 ALTER TABLE `jezik` ENABLE KEYS */;
UNLOCK TABLES;

--
-- Table structure for table `kategorija`
--

DROP TABLE IF EXISTS `kategorija`;
/*!40101 SET @saved_cs_client     = @@character_set_client */;
/*!40101 SET character_set_client = utf8 */;
CREATE TABLE `kategorija` (
  `id` int(11) NOT NULL AUTO_INCREMENT,
  `naziv` varchar(45) NOT NULL,
  `slika` int(11) DEFAULT NULL,
  `slikaPutanja` varchar(255) DEFAULT NULL,
  `grupa` int(11) NOT NULL,
  PRIMARY KEY (`id`),
  KEY `slika` (`slika`),
  KEY `grupa` (`grupa`),
  CONSTRAINT `kategorija_ibfk_1` FOREIGN KEY (`slika`) REFERENCES `slika` (`id`),
  CONSTRAINT `kategorija_ibfk_2` FOREIGN KEY (`grupa`) REFERENCES `grupa` (`id`)
) ENGINE=InnoDB AUTO_INCREMENT=25 DEFAULT CHARSET=utf8;
/*!40101 SET character_set_client = @saved_cs_client */;

--
-- Dumping data for table `kategorija`
--

LOCK TABLES `kategorija` WRITE;
/*!40000 ALTER TABLE `kategorija` DISABLE KEYS */;
INSERT INTO `kategorija` VALUES (1,'11. stoljeće',1,NULL,2),(2,'12. stoljeće',2,NULL,2),(3,'13. stoljeće',3,NULL,2),(4,'14. stoljeće',4,NULL,2),(5,'15. stoljeće',5,NULL,2),(6,'16. stoljeće',6,NULL,2),(7,'17. stoljeće',7,NULL,2),(8,'18. stoljeće',8,NULL,2),(9,'19. stoljeće',9,NULL,2),(10,'20. stoljeće',10,NULL,2),(11,'11. i 12. stoljeće',11,NULL,3),(12,'13. stoljeće',12,NULL,3),(13,'14. i 15. stoljeće',13,NULL,3),(14,'16. stoljeće',14,NULL,3),(15,'17. stoljeće',15,NULL,3),(16,'18. stoljeće',16,NULL,3),(17,'19. stoljeće',17,NULL,3);
/*!40000 ALTER TABLE `kategorija` ENABLE KEYS */;
UNLOCK TABLES;

--
-- Table structure for table `kategorija_jezik`
--

DROP TABLE IF EXISTS `kategorija_jezik`;
/*!40101 SET @saved_cs_client     = @@character_set_client */;
/*!40101 SET character_set_client = utf8 */;
CREATE TABLE `kategorija_jezik` (
  `kategorija` int(11) NOT NULL,
  `jezik` char(2) NOT NULL,
  `vrijednost` text,
  KEY `jezik` (`jezik`),
  KEY `kategorija` (`kategorija`),
  CONSTRAINT `kategorija_jezik_ibfk_1` FOREIGN KEY (`jezik`) REFERENCES `jezik` (`id`),
  CONSTRAINT `kategorija_jezik_ibfk_2` FOREIGN KEY (`kategorija`) REFERENCES `kategorija` (`id`)
) ENGINE=InnoDB DEFAULT CHARSET=utf8;
/*!40101 SET character_set_client = @saved_cs_client */;

--
-- Dumping data for table `kategorija_jezik`
--

LOCK TABLES `kategorija_jezik` WRITE;
/*!40000 ALTER TABLE `kategorija_jezik` DISABLE KEYS */;
INSERT INTO `kategorija_jezik` VALUES (1,'hr','11. stoljeće'),(1,'en','11th century'),(2,'hr','12. stoljeće'),(2,'en','12th century'),(3,'hr','13. stoljeće'),(3,'en','13th century'),(4,'hr','14. stoljeće'),(4,'en','14th century'),(5,'hr','15. stoljeće'),(5,'en','15th century'),(6,'hr','16. stoljeće'),(6,'en','16th century'),(7,'hr','17. stoljeće'),(7,'en','17th century'),(8,'hr','18. stoljeće'),(8,'en','18th century'),(9,'hr','19. stoljeće'),(9,'en','19th century'),(10,'hr','20. stoljeće'),(10,'en','20th century'),(11,'hr','11. i 12. stoljeće'),(11,'en','11th and 12th century'),(12,'hr','13. stoljeće'),(12,'en','13th century'),(13,'hr','14. i 15. stoljeće'),(13,'en','14th and 15th century'),(14,'hr','16. stoljeće'),(14,'en','16th century'),(15,'hr','17. stoljeće'),(15,'en','17th century'),(16,'hr','18. stoljeće'),(16,'en','18th century'),(17,'hr','19. stoljeće'),(17,'en','19th century');
/*!40000 ALTER TABLE `kategorija_jezik` ENABLE KEYS */;
UNLOCK TABLES;

--
-- Table structure for table `operater`
--

DROP TABLE IF EXISTS `operater`;
/*!40101 SET @saved_cs_client     = @@character_set_client */;
/*!40101 SET character_set_client = utf8 */;
CREATE TABLE `operater` (
  `id` int(11) NOT NULL AUTO_INCREMENT,
  `email` varchar(255) NOT NULL,
  `lozinka` char(60) NOT NULL,
  `uloga` varchar(50) NOT NULL,
  `ime` varchar(255) NOT NULL,
  `prezime` varchar(255) NOT NULL,
  PRIMARY KEY (`id`)
) ENGINE=InnoDB AUTO_INCREMENT=3 DEFAULT CHARSET=utf8;
/*!40101 SET character_set_client = @saved_cs_client */;

--
-- Dumping data for table `operater`
--

LOCK TABLES `operater` WRITE;
/*!40000 ALTER TABLE `operater` DISABLE KEYS */;
INSERT INTO `operater` VALUES (1,'tjakopec@ffos.hr','$2y$12$04kUnvp0lOGs8vVk/ycfrul8Rqg1uBj2uW6SWNgXGJHy7rIa/AR7.','korisnik','Tomislav','Jakopec'),(2,'admin','$2y$10$RGof7pVErWcUeD9zsjEvKOJWnUMm/5NVAdTeaRDRwC3NVyHwQ7luW','admin','admin','admin');
/*!40000 ALTER TABLE `operater` ENABLE KEYS */;
UNLOCK TABLES;

--
-- Table structure for table `popisLiterature`
--

DROP TABLE IF EXISTS `popisLiterature`;
/*!40101 SET @saved_cs_client     = @@character_set_client */;
/*!40101 SET character_set_client = utf8 */;
CREATE TABLE `popisLiterature` (
  `id` int(11) NOT NULL AUTO_INCREMENT,
  `opis` text COLLATE utf8_general_ci NOT NULL,
  PRIMARY KEY (`id`)
) ENGINE=InnoDB AUTO_INCREMENT=72 DEFAULT CHARSET=utf8 COLLATE=utf8_general_ci;
/*!40101 SET character_set_client = @saved_cs_client */;

--
-- Dumping data for table `popisLiterature`
--

LOCK TABLES `popisLiterature` WRITE;
/*!40000 ALTER TABLE `popisLiterature` DISABLE KEYS */;
INSERT INTO `popisLiterature` VALUES (1,'Lukić, Milica; Blažević Krezić, Vera. 2014. Divanimo, dakle postojimo... Osijek: Matica hrvatska, Ogranak Osijek.\n'),(2,'Lokmer, Juraj. 2005. Ex–voto Kvirina Desantića, patricija senjskoga u crkvi Majke Božje Goričke u Baški, Senjski zbornik, 32/1, 95-115.\n'),(3,'Lukić, Milica. 2012. Dragutin Antun Parčić i njegov Rimski misal slavenskim jezikom (Rim, 1893.) – (u povodu 100. obljetnice Parčićeve smrti i pretiska njegova glagoljskog Misala u Crnoj Gori), Lingua Montenegrina (časopis za jezikoslovna, književna i kulturna pitanja), 10, 317-337.\n'),(4,'Nazor, Anica. 2008. Ja slovo znajući govorim... Knjiga o hrvatskoj glagoljici, Zagreb: Erasmus naklada.\n'),(5,'Nazor, Anica. 1970. Moskovski odlomak glagoljskog misala XV. st., Slovo, 20, 103-109.\n'),(6,'Nazor, Anica. 1999. Pronađeni Bašćanski ostrišci iz 12. stoljeća, Slovo, 47-48-49, 359-360.\n'),(7,'Nazor, Anica. 1993. Tragom Parčićeva „Misala“, u: Antun Dragutin Parčić, hrvatski jezikoslovac i glagoljaš (160. obljetnica rođenja i 90. obljetnica smrti hrvatskoga jezikoslovca), zbornik radova sa znanstvenoga skupa „Život i djelo Dragutina Parčića“ održanoga u Zadru i Preku 18. i 19. listopada 1992., Zagreb – Zadar: Matica hrvatska, Ogranak Zadar, 103-120.\n'),(8,'Pantelić, Marija Agnezija. 1994–1996. Drivenički odlomak glagoljskoga brevijara iz 15. st., Slovo, 44-46, 85-97.\n'),(9,'Petrović, Ivanka. 1979. Franjo Rački – otac hrvatske Cyrillo-Methodiane, Zbornik zavoda za povijesne znanosti Istraživačkog centra JAZU, 9, 47-99.\n'),(10,'Runje, Petar. 2006. Otočac, srednjovjekovna biskupija i kulturni centar, Senjski zbornik, 33/1, 51-62.\n'),(11,'Šimić, Marinka. 2010. Fojnički glagoljski fragment brevijara, Slovo, 60, 687-724.\n'),(12,'Štefanić, Vjekoslav. 1969.–1970. Glagoljski rukopisi Jugoslavenske akademije, Zagreb: JAZU.\n'),(13,'Tandarić, Josip Leonard. 1993. Hrvatskoglagoljska liturgijska književnost – rasprave i prinosi, Zagreb: Kršćanska sadašnjost.\n'),(14,'Vlahov, Dražen. 1994–1995. Nekoliko glagoljskih zapisa iz Vižinade, Vjesnik Istarskog arhiva, 4/5, 153-164.\n'),(15,'Žagar, Mateo. 2013. Uvod u glagoljsku paleografiju 1, Zagreb: Institut za hrvatski jezik i jezikoslovlje.\n'),(16,'http://www.croatianhistory.net/glagoljica/glkro.html (15. 9. 2015.)\n'),(17,'http://www.croatianhistory.net/etf/acta.html (15. 9. 2015.)\n'),(18,'http://www.croatianhistory.net/glagoljica/runjak.html (15. 9. 2015.)\n'),(19,'Barbarić, Vuk-Tadija. 2014. Prema analizi prepisivačkih pogrešaka u dubrovačkim ćiriličkim prijepisima Bernardinova lekcionara, Filologija, 63, 1-15.\n'),(20,'Berčić, Ivan. 1862. Bukvar staroslavenskog jezika, Prag: Tisak c. k. dvorne tiskarnice sinov Bogumila Haase.\n'),(21,'Bratulić, Josip. 2014. Hrvatska ćirilica kao poslovno pismo, Filologija, 63, 17-32.\n'),(22,'Brković, Milko. 2014. Neobjavljene poljičke ćirilične isprave, Filologija, 63, 33-71.\n'),(23,'Duvnjak, Stjepan. 2014. Bosanični rukopisi u knjižnici franjevačkog samostana u Kraljevoj Sutjesci, Filologija, 63, 85-102.\n'),(24,'Đordić, Petar. 1987. Istorija srpske ćirilice, Beograd: Zavod za udžbenike i nastavna sredstva.\n'),(25,'Eckhardt, Thorvi. 1978. Die Bosančica; Eine Sonderform der westlichen Kyrillica, Österreichische Osthefte, 20, 183-192.\n'),(26,'Fučić, Branko. 1988. Supetarski ulomak, Slovo: časopis Staroslavenskoga instituta u Zagrebu, 38, 55-62.\n'),(27,'Gabrić-Bagarić, Darija. 2014. Hrvatska bosanička baština u djelima bosanskih franjevaca, Filologija, 62, 33-59.\n'),(28,'Glagoljična i ćirilična tabla za dicu (1561.), Zagreb: Hrvatska sveučilišna naklada, 2007. (pretisak izvornika)\n'),(29,'Hercigonja, Eduard. 1982. Bosančica (enciklopedijska natuknica), u: Enciklopedija Jugoslavije, II. svezak, Zagreb: Leksikografski zavod Miroslav Krleža.\n'),(30,'Hercigonja, Eduard, 2006. Tropismena i trojezična kultura hrvatskoga srednjovjekovlja, Zagreb: Matica hrvatska.\n'),(31,'Hrvatski ćirilički molitvenik (1512.), Zagreb: NSK, HAZU, Matica hrvatska, 2013. (pretisak izvornika)\n'),(32,'Jembrih, Alojzije. 2008. Pogovor uz pretisak ćiriličkoga Novoga teštamenta, Zagreb: Teološki fakultet\n'),(33,'Jurić-Kappel, Jagoda. 2014. Matija Divković kao reformator ćirilice, Filologija, 63, 117-129.\n'),(34,'Kapetanović, Amir. 2014. Jezična uporaba u ćiriličnom dubrovačkom dominikanskom lekcionaru, Filologija, 62, 61-68.\n'),(35,'Kosić, Ivan. 2014. Hrvatske ćirilične knjige u Zbirci rukopisa i starih knjiga Nacionalne i sveučilišne knjižnice u Zagrebu, Filologija, 62, 69-113.\n'),(36,'Krtalić, Nikolina. 1999. Prinove bosančice u Hrvatskom državnom arhivu, Arhivski vjesnik, 41, 163-173.\n'),(37,'Kuštović, Tanja. 2014. Jezik hrvatskog protestantskog ćiriličkog Novog Zavjeta (1563.) prema hrvatskoglagoljskoj tradiciji, Filologija, 62, 115-129.\n'),(38,'Lovrić Jović, Ivana. 2014. Dubrovačke ćirilične oporuke iz 17. i 18. stoljeća, Filologija, 63, 131-149.\n'),(39,'Lukić, Milica. 2010. Lingua Montenegrina - Croatica, Izabrane teme iz crnogorske i hrvatske književnojezične povijesti i sadašnjosti, Cetinje: Institut za crnogorski jezik i jezikoslovlje, Vojislav P. Nikčević.\n'),(40,'Lukić, Milica, Blažević Krezić Vera. 2014. Tragom hrvatske ćirilične baštine u Slavoniji, Filologija, 63, 151-171.\n'),(41,'Mošin, Vladimir. 1955. Ćirilski rukopisi Jugoslavenske akademije, I. dio, opis rukopisa, Zagreb: Jugoslavenska akademija znanosti i umjetnosti.\n'),(42,'Mošin, Vladimir, 1964. Ćirilski rukopisi i pisma Nacionalne i sveučilišne biblioteke u Zagrebu, Radovi Staroslavenskog instituta, 5, 5, 163-233.\n'),(43,'Mošin, Vladimir, 1952. Poljičke konstitucije iz 1620. i 1688. godine, Radovi Staroslavenskog instituta, 1, 1, 175-206.\n'),(44,'Nakaš, Lejla. 2014. Hrvatsko-bosanska ćirilična korespondencija 16. i 17. stoljeća, Filologija, 62, 161-182.\n'),(45,'Nazor, Anica. 1987. Ćirilica i glagoljaši, Brački zbornik, 15, 78-83.\n'),(46,'Nazor, Anica. 2000. Prožimanje glagoljice i ćirilice na hrvatskom prostoru, u: Hrvatska i Europa. Srednji vijek i renesansa, sv. 2 (ur. Eduard Hercigonja), Zagreb: HAZU, 288-297.\n'),(47,'Nazor, Anica. 2014. Hrvatski ćirilički molitvenik iz 1512. godine, Filologija, 62, 17-31.\n'),(48,'Novi teštament (1563.), Zagreb: Teološki fakultet \"Matija Vlačić Ilirik\", 2008. (pretisak izvornika)\n'),(49,'Nikčević, Vojislav. 1996. Crnogorska književna raskršća, Cetinje: Matica crnogorska.\n'),(50,'Raukar, Tomislav. 1973. O problemu bosančice u našoj historiografiji, Radovi Muzeja grada Zenice III, Zenica.\n'),(51,'Šimić, Marinka. 2014. Jezik i grafija bosansko-humskih natpisa, Filologija, 62, 203-219.\n'),(52,'Truhelka, Ćiro. 1889. Bosančica: Prinos bosanskoj paleografiji, Glasnik zemaljskog muzeja u Bosni i Hercegovini, IV, Sarajevo.\n'),(53,'Vego, Marko. 1962. Ćirilski natpis u Brotnjicama u Konavlima, Prilozi povijesti umjetnosti u Dalmaciji, 13, 1, 188-192.\n'),(54,'Vego, Marko. 1956. Humačka ploča, najstariji pisani ćirilski spomenik u BiH, Glasnik Zemaljskog muzeja u Sarajevu, 11, 41-61.\n'),(55,'Zelić-Bučan, Benedikta. 2000. Bosančica ili hrvatska ćirilica u srednjoj Dalmaciji, Split: Državni arhiv u Splitu.\n'),(56,'Žagar, Mateo. 2009. Hrvatska pisma u srednjem vijeku, u: Povijest hrvatskoga jezika, Srednji vijek, Knjiga 1 (ur. Ante Bičanić), Zagreb: Croatica, 107-220.\n'),(57,'Žagar, Mateo, Paskojević, Kristian. 2014. Ćiriličke isprave dubrovačke kancelarije XV. stoljeća između minuskule i kurziva, Filologija, 62, 221-247.\n'),(58,'Badurina, Anđelko. 1993. Nepoznati Parčić. Antun Dragutin Parčić, hrvatski jezikoslovac i glagoljaš (160. obljetnica rođenja i 90. obljetnica smrti hrvatskoga jezikoslovca), zbornik radova sa znanstvenoga skupa „Život i djelo Dragutina Parčića“ održanoga u Zadru i Preku 18. i 19. listopada 1992, Zagreb – Zadar: Matica hrvatska, Ogranak Zadar, 155-182.\n'),(59,'Bogović, Mile. 2008. Senjska glagoljska baština, Senjski zbornik, 35/1, 11-26.\n'),(60,'Bratulić, Josip i dr. 2009. Povijest hrvatskoga jezika, Srednji vijek, Knjiga 1, Zagreb: CROATICA.\n'),(61,'Bratulić, Josip i dr. 2013. Povijest hrvatskoga jezika, 17. i 18. stoljeće, Knjiga 3, Zagreb: CROATICA.\n'),(62,'Bratulić, Josip. 1998. Žitja Konstantina Ćirila i Metodija, Zagreb: Kršćanska sadašnjost.\n'),(63,'Damjanović, Stjepan. 1991. Jedanaest stoljeća nezaborava, Osijek – Zagreb: IC Revija i Međunarodni slavistički centar.\n'),(64,'Damjanović, Stjepan. 2008. Jezik hrvatskih glagoljaša, Zagreb: Matica hrvatska.\n'),(65,'Damjanović, Stjepan. 2012. Slovo iskona, Zagreb: Matica hrvatska.\n'),(66,'Damjanović, Stjepan. 2014. Novi filološki prinosi, Zagreb: Matica hrvatska.\n'),(67,'Fučić, Branko. 1976. Ročki glagoljski abecedarij, Slovo, 25-26, 193-201.\n'),(68,'Fučić, Branko. 1981. Kulturno-povijesni vidovi glagoljske epigrafike, Croatia Christiana Periodica, 5/8, 135-189.\n'),(69,'Fučić, Branko. 1988. Kvaderna kapitula lovranskoga, Zbornik Odsjeka za povijesne znanosti Zavoda za povijesne i društvene znanosti Hrvatske akademije znanosti i umjetnosti, 15, 27-39.\n'),(70,'Gadžijeva, Sofija, Kovačević, Ana, Mihaljević, Milan, Požar, Sandra, Reinhart, Johannes, Šimić, Marinka, Vince, Jasna. 2014. Hrvatski crkvenoslavenski jezik, Zagreb: Hrvatska sveučilišna naknada, Staroslavenski institut.\n'),(71,'Kapetanović, Amir. 2006. Hrvatska srednjovjekovna latinica, Rasprave: časopis Instituta za hrvatski jezik i jezikoslovlje, 31/1, 463-471.');
/*!40000 ALTER TABLE `popisLiterature` ENABLE KEYS */;
UNLOCK TABLES;

--
-- Table structure for table `porukeapp`
--

DROP TABLE IF EXISTS `porukeapp`;
/*!40101 SET @saved_cs_client     = @@character_set_client */;
/*!40101 SET character_set_client = utf8 */;
CREATE TABLE `porukeapp` (
  `kljuc` varchar(50) NOT NULL,
  `opis` text NOT NULL,
  PRIMARY KEY (`kljuc`)
) ENGINE=InnoDB DEFAULT CHARSET=utf8;
/*!40101 SET character_set_client = @saved_cs_client */;

--
-- Dumping data for table `porukeapp`
--

LOCK TABLES `porukeapp` WRITE;
/*!40000 ALTER TABLE `porukeapp` DISABLE KEYS */;
INSERT INTO `porukeapp` VALUES ('ciljProjektaHeader_poruka','CILJ PROJEKTA'),('ciljProjekta_poruka','Cilj je ovoga projekta osvješćivanje ljudi o nužnosti poznavanja glagoljskih spomenika, odnosno lakše pretraživanje istih i upravo je zbog toga zamišljen kao aplikacija pomoću koje se na jednostavan način mogu dobiti sve potrebne informacije, kao i popis svih hrvatskih glagoljskih spomenika - simbolično govoreći od Bašćanske ploče do Parčićeva misala (1893), odnosno od X/XI. st. do kraja XIX. i početka XX. st.\n          '),('emailLogin_poruka','E-mail'),('errorPorukaGrupaDugacko_poruka','Naziv ne smije biti duži od 50 znakova!'),('errorPorukaGrupaPrazno_poruka','Naziv ne smije biti prazan!'),('errorPorukaOstaloDugacko_poruka','Predugačko'),('glagopedijaNamjenaHeader_poruka','KOMU JE GLAGOPEDIJA NAMIJENJENA?'),('glagopedijaNamjena_poruka','Namijenjena onima koji znaju ili žele znati više o hrvatskoj pismovnoj povijesti i sadašnjosti - spominjemo ćirilicu u svjetlu dnevnopolitičkih rasprava u Hrvatskoj, ali podsjećamo i na zanimljivost u vezi s hrvatskom ćirilicom koja je u nekim poljičkim obiteljima živjela i tijekom 20. stoljeća - godine 1993. naime umrla je posljednja osoba kojoj je hrvatska ćirilica/poljičica bila materinsko pismo - GLAGOPEDIJA je otvorena virtualna knjiga koja u svojemu drugom poglavlju nije popisala i opisala sve ćiriličke spomenike, nego najpoznatije i reprezentativne, a 71 spomeniku njezine druge glave mogu se pridružiti i neki novi\", što podrazumijeva aktivnu ulogu Vas korisnika u dijalogu i suradnji s njezinim nesavršenim tvorcima.\n'),('godinaZapisEdit_poruka','Godina'),('imeRegister_poruka','Ime'),('izvoriIliteratura10_poruka','Runje, Petar. 2006. Otočac, srednjovjekovna biskupija i kulturni centar, Senjski zbornik, 33/1, 51-62. '),('izvoriIliteratura11_poruka','Šimić, Marinka. 2010. Fojnički glagoljski fragment brevijara, Slovo, 60, 687-724. '),('izvoriIliteratura12_poruka','Štefanić, Vjekoslav. 1969.-1970. Glagoljski rukopisi Jugoslavenske akademije, Zagreb : JAZU.'),('izvoriIliteratura13_poruka','Tandarić, Josip Leonard. 1993. Hrvatskoglagoljska liturgijska književnost - rasprave i prinosi, Zagreb : Kršćanska sadašnjost. '),('izvoriIliteratura14_poruka','Vlahov, Dražen. 1994.-1995. Nekoliko glagoljskih zapisa iz Vižinade, Vjesnik Istarskog arhiva, 4/5, 153-164. '),('izvoriIliteratura15_poruka','Žagar, Mateo. 2013. Uvod u glagoljsku paleografiju 1, Zagreb : Institut za hrvatski jezik i jezikoslovlje. '),('izvoriIliteratura16_poruka','http://www.generalhistory.net/glagoljica/glkro.html (15.9.2015.) '),('izvoriIliteratura17_poruka','http://www.generalhistory.net/etf/acta.html (15.9.2015.) '),('izvoriIliteratura18_poruka','http://www.generalhistory.net/glagoljica/runjak.html (15.9.2015.) '),('izvoriIliteratura19_poruka','Barbarić, Vuk-Tadija, 2014. Prema analizi prepisivačkih pogrešaka u dubrovačkim ćiriličkim prijepisima Bernardinova lekcionara, Filologija, 63, 1-15. '),('izvoriIliteratura1_poruka','Lukić, Milica; Blazević Krezić, Vera. 2014. Divanimo, dakle postojimo... Osijek : Matica hrvatska, Ogranak Osijek. '),('izvoriIliteratura20_poruka','Berčić, Ivan, 1862. Bukvar staroslavenskog jezika, Prag: Tisk c. k. dvorne tiskarnice sinov Bogumila Haase. '),('izvoriIliteratura21_poruka','Bratulić, Josip, 2014. Hrvatska ćirilica kao poslovno pismo, Filologija, 63, 17-32. '),('izvoriIliteratura22_poruka','Brković, Milko, 2014. Neobjavljene poljičke ćirilične isprave, Filologija, 63, 33-71. '),('izvoriIliteratura23_poruka','Damjanović, Stjepan, 2014. Novi filološki prinosi, Zagreb: Matica hrvatska.'),('izvoriIliteratura24_poruka','Duvnjak, Stjepan, 2014. Bosanični rukopisi u knjižnici franjevačkog samostana u Kraljevoj Sutjesci, Filologija, 63, 85-102.'),('izvoriIliteratura25_poruka','Đordić, Petar, 1987. Istorija srpske ćirilice, Beograd: Zavod za udžbenike i nastavna sredstva. '),('izvoriIliteratura26_poruka','Eckhardt, Thorvi, 1978. Die Bosančica; Eine Sonderform der westlichen Kyrillica, Österreichische Osthefte, 20, 183-192. '),('izvoriIliteratura27_poruka','Fučić, Branko, 1988. Supetarski ulomak, Slovo: časopis Staroslavenskoga instituta u Zagrebu, 38, 55-62. '),('izvoriIliteratura28_poruka','Gabrić-Bagarić, Darija, 2014. Hrvatska bosanička baština u djelima bosanskih franjevaca, Filologija, 62, 33-59. '),('izvoriIliteratura29_poruka','Glagoljična i ćirilična tabla za dicu (1561.), Zagreb: Hrvatska sveučilišna naklada, 2007. (pretisak izvornika) '),('izvoriIliteratura2_poruka','Lokmec, Juraj. 2005. Ex - voto Kvirina Desantića, patricija senjskoga u crkvi Majke Božje Goričke u Baški, Senjski zbornik, 32/1, 95-115. '),('izvoriIliteratura30_poruka','Hercigonja, Eduard, 1982. Bosančica (enciklopedijska natuknica), u: Enciklopedija Jugoslavije, II. svezak, Zagreb: Leksikografski zavod Miroslav Krleža. '),('izvoriIliteratura31_poruka','Hercigonja, Eduard, 2006. Tropismena i trojezična kultura hrvatskoga srednjovjekovlja, Zagreb: Matica hrvatska. '),('izvoriIliteratura32_poruka','Hrvatski ćirilički molitvenik (1512.), Zagreb: NSK, HAZU, Matica hrvatska, 2013. (pretisak izvornika)'),('izvoriIliteratura33_poruka','Jembrih, Alojzije, 2008. Pogovor uz pretisak ćiriličkoga Novoga teštamenta, Zagreb: Teološki fakultet \"Matija Vlačić Ilirik\". '),('izvoriIliteratura34_poruka','Jurić-Kappel, Jagoda, 2014. Matija Divković kao reformator ćirilice, Filologija, 63, 117-129. '),('izvoriIliteratura35_poruka','Kapetanović, Amir, 2014. Jezična uporaba u ćiriličnom dubrovačkom dominikanskom lekcionaru, Filologija, 62, 61-68. '),('izvoriIliteratura36_poruka','Kosić, Ivan, 2014. Hrvatske ćirilične knjige u Zbirci rukopisa i starih knjiga Nacionalne i sveučilišne knjižnice u Zagrebu, Filologija, 62, 69-113. '),('izvoriIliteratura37_poruka','Krtalić, Nikolina, 1999. Prinove bosančice u Hrvatskom državnom arhivu, Arhivski vjesnik, 41, 163-173. '),('izvoriIliteratura38_poruka','Kuštović, Tanja, 2014. Jezik hrvatskog protestantskog ćiriličkog Novog Zavjeta (1563.) prema hrvatskoglagoljskoj tradiciji, Filologija, 62, 115-129. '),('izvoriIliteratura39_poruka','Lovrić Jović, Ivana, 2014. Dubrovačke ćirilične oporuke iz 17. i 18. stoljeća, Filologija, 63, 131-149.'),('izvoriIliteratura3_poruka','Lukić, Milica. 2012. Dragutin Antun Parčić i njegov Rimski misal slavenskim jezikom (Rim, 1893.) - (u povodu 100. obljetnice Parčićeve smrti i pretiska njegova glagoljskog Misala u Crnoj Gori), Lingua Montenegrina (časopis za jezikoslovna, književna i kulturna pitanja), 10, 317-337. '),('izvoriIliteratura40_poruka','Lukić, Milica, 2010. Lingua Montenegrina - Croatica, Izabrane teme iz crnogorske i hrvatske književnojezične povijesti i sadašnjosti, Cetinje: Institut za crnogorski jezik i jezikoslovlje, Vojislav P. Nikčević. '),('izvoriIliteratura41_poruka','Lukić, Milica, Blažević Krezić Vera, 2014. Tragom hrvatske ćirilične baštine u Slavoniji, Filologija, 63, 151-171. '),('izvoriIliteratura42_poruka','Mošin, Vladimir, 1955. Ćirilski rukopisi Jugoslavenske akademije, I. dio, opis rukopisa, Zagreb: Jugoslavenska akademija znanosti i umjetnosti. '),('izvoriIliteratura43_poruka','Mošin, Vladimir, 1964. Ćirilski rukopisi i pisma Nacionalne i sveučilišne biblioteke u Zagrebu, Radovi Staroslavenskog instituta, 5, 5, 163-233. '),('izvoriIliteratura44_poruka','Mošin, Vladimir, 1952. Poljičke konstitucije iz 1620. i 1688. godine, Radovi Staroslavenskog instituta, 1, 1, 175-206. '),('izvoriIliteratura45_poruka','Nakaš, Lejla, 2014. Hrvatsko-bosanska ćirilična korespondencija 16. i 17. stoljeća, Filologija, 62, 161-182. '),('izvoriIliteratura46_poruka','Nazor, Anica, 1987. Ćirilica i glagoljaši, Brački zbornik, 15, 78-83.'),('izvoriIliteratura47_poruka','Nazor, Anica, 2000. Prožimanje glagoljice i ćirilice na hrvatskom prostoru, u: Hrvatska i Europa. Srednji vijek i renesansa, sv. 2 (ur. Eduard Hercigonja), Zagreb: HAZU, 288-297. '),('izvoriIliteratura48_poruka','Nazor, Anica, 2008. Ja slovo znajući govorim... : knjiga o hrvatskoj glagoljici, Zagreb: Erasmus naklada. '),('izvoriIliteratura49_poruka','Nazor, Anica, 2014. Hrvatski ćirilički molitvenik iz 1512. godine, Filologija, 62, 17-31. '),('izvoriIliteratura4_poruka','Nazor, Anica. 2008. Ja slovo znajući govorim..., Knjiga o hrvatskoj glagoljici, Zagreb : Erasmus naklada. '),('izvoriIliteratura50_poruka','Novi teštament (1563.), Zagreb: Teološki fakultet \"Matija Vlačić Ilirik\", 2008. (pretisak izvornika) '),('izvoriIliteratura51_poruka','Nikčević, Vojislav, 1996. Crnogorska književna raskršća, Cetinje: Matica crnogorska.'),('izvoriIliteratura52_poruka','Raukar, Tomislav, 1973. O problemu bosančice u našoj historiografiji, Radovi Muzeja grada Zenice III, Radovi sa simpozija \"Srednjovjekovna Bosna i evropska kultura\", 103-144. '),('izvoriIliteratura53_poruka','Šimić, Marinka, 2014. Jezik i grafija bosansko-humskih natpisa, Filologija, 62, 203-219. '),('izvoriIliteratura54_poruka','Truhelka, Ćiro, 1889. Bosančica: Prinos bosanskoj paleografiji, Glasnik zemaljskog muzeja u Bosni i Hercegovini, IV, Sarajevo. '),('izvoriIliteratura55_poruka','Vego, Marko, 1962. Ćirilski natpis u Brotnjicama u Konavlima, Prilozi povijesti umjetnosti u Dalmaciji, 13, 1, 188-192. '),('izvoriIliteratura56_poruka','Vego, Marko, 1956. Humačka ploča, najstariji pisani ćirilski spomenik u BiH, Glasnik Zemaljskog muzeja u Sarajevu, 11, 41-61. '),('izvoriIliteratura57_poruka','Zelić-Bučan, Benedikta, 2000. Bosančica ili hrvatska ćirilica u srednjoj Dalmaciji, Split: Državni arhiv u Splitu. '),('izvoriIliteratura58_poruka','Žagar, Mateo, 2009. Hrvatska pisma u srednjem vijeku, u: Povijest hrvatskoga jezika, Srednji vijek, Knjiga 1 (ur. Ante Bičanić), Zagreb: Croatica, 107-220. '),('izvoriIliteratura59_poruka','Žagar, Mateo, Paskojević, Kristian, 2014. Ćiriličke isprave dubrovačke kancelarije XV. stoljeća između minuskule i kurziva, Filologija, 62, 221-247. '),('izvoriIliteratura5_poruka','Nazor, Anica. 1970. Moskovski odlomak glagoljskog misala XV. st., Slovo, 20, 103-109. '),('izvoriIliteratura6_poruka','Nazor, Anica. 1999. Pronađeni Bašćanski ostrišci iz 12. stoljeća, Slovo, 47-48-49, 359-360. '),('izvoriIliteratura7_poruka','Nazor, Anica. 1993. Tragom Parčićeva \"Misala\", u: Antun Dragutin Parčić, hrvatski jezikoslovac i glagoljaš (160. obljetnica rođenja i 90. obljetnica smrti hrvatskoga jezikoslovca), zbornik radova sa znanstvenoga skupa \"Život i djelo Dragutina Parčića\" održanoga u Zadru i Preku 18. i 19. listopada 1992, Zagreb - Zadar : Matica hrvatska, Ogranak Zadar, 103-120.'),('izvoriIliteratura8_poruka','Pantelić, Marija Agnezija. 1994-1996. Drivenički odlomak glagoljskoga brevijara iz 15. st., Slovo, 44-46, 85-97. '),('izvoriIliteratura9_poruka','Petrović, Ivanka. 1979. Franjo Rački - otac hrvatske Cyrillo-Methodiane, Zbornik zavoda za povijesne znanosti Istraživačkog centra JAZU, 9, 47-99.'),('izvoriILiteraturaIzbornik_gumbPoruka','Izvori i literatura'),('jezikZapisEdit_poruka','Jezik'),('jezik_poruka','Jezik'),('login_gumbPoruka','Prijava'),('lozinkaLogin_poruka','Lozinka'),('mjestoGodina_poruka','Godina'),('mjestoJezik_poruka','Jezik'),('mjestoPismo_poruka','Pismo'),('mjestoVeličina_poruka','Veličina'),('mjestoZanimljivosti_poruka','Zanimljivosti'),('mjestoZapisEdit_poruka','Mjesto'),('mjestoZapis_poruka','Mjesto\n'),('naslovAplikacije_poruka','Glagopedija'),('nazivGrupeEdit_poruka','Naziv'),('oAppCiljProjektaDrugiUlomak_poruka','Projekt odlikuje suradnja dviju znanstveno-nastavnih sastavnica osječkoga Sveučilišta - Filozofskoga fakulteta i Fakulteta elektrotehnike, računarstva i informacijskih tehnologija, a realizirali su ga studenti dvaju fakulteta u suradnji sa svojim mentorima čime će projekt poprimiti autorizaciju, znanstveno opravdanje kao temelj za popularizaciju i širu uporabnu vrijednost medu korisnicima. Oblikovane su dvije aplikacije, odnosno po jedna aplikacija za svaku platformu čime će aplikacija biti dostupna širem broju ljudi. Platforme su za pravljenje aplikacije Android i Windows, odnosno Windows Phone za pametne uređaje. '),('oAppCiljProjektaHeader_poruka','CILJ PROJEKTA'),('oAppCiljProjektaPrviUlomak_poruka','Cilj je ovoga projekta osvješćivanje ljudi o nužnosti poznavanja glagoljskih spomenika, odnosno lakše pretraživanje istih i upravo je zbog toga zamišljen kao aplikacija pomoću koje se na jednostavan način mogu dobiti sve potrebne informacije, kao i popis svih hrvatskih glagoljskih spomenika - simbolično govoreći od Bašćanske ploče do Parčićeva misala (1893), odnosno od X/XI. st. do kraja XIX. i početka XX. st. '),('oAppCirilicaHeader_poruka','O aplikaciji - Ćirilica'),('oAppHeader_poruka','O aplikaciji - glagoljica'),('oAppIzbornik_gumbPoruka','O aplikaciji'),('oAppNamjenaGlagopedijaCirilicaDrugiUlomak_poruka','Informacijsko je doba na kušnju stavilo humanističke znanosti, ponajprije studij nacionalne filologije. U njezinu je okrilju hrvatsko glagoljaštvo danas gotovo pa zasužnjeno, što zbog nezainteresiranosti mladega naraštaja, što zbog narušavanja opstojnosti kroatistike u njezinu slavističkome okružju, što zbog neprevladanih i zastarjelih ideoloških, političkih, filoloških i inih koncepata znanstvene zajednice i kulturne javnosti, što zbog pismovne barijere koju su, paradoksalno, baš u u informacijskome dobu prema svojemu sadržaju podignule glagoljica i ćirilica. '),('oAppNamjenaGlagopedijaCirilicaHeader_poruka','KOMU JE GLAGOPEDIJA NAMIJENJENA?'),('oAppNamjenaGlagopedijaCirilicaPrviUlomak_poruka','Namijenjena onima koji znaju ili žele znati više o hrvatskoj pismovnoj povijesti i sadašnjosti - spominjemo ćirilicu u svjetlu dnevnopolitičkih rasprava u Hrvatskoj, ali podsjećamo i na zanimljivost u vezi s hrvatskom ćirilicom koja je u nekim poljičkim obiteljima živjela i tijekom 20. stoljeća - godine 1993. naime umrla je posljednja osoba kojoj je hrvatska ćirilica/poljičica bila materinsko pismo - GLAGOPEDIJA je otvorena virtualna knjiga koja u svojemu drugom poglavlju nije popisala i opisala sve ćiriličke spomenike, nego najpoznatije i reprezentativne, a 71 spomeniku njezine druge glave mogu se pridružiti i neki novi\", što podrazumijeva aktivnu ulogu Vas korisnika u dijalogu i suradnji s njezinim nesavršenim tvorcima.'),('oAppNamjenaGlagopedijaCirilicaTreciUlomak_poruka','Na tim spoznajama počiva drugi život (Second Life) hrvatskih glagoljičkih, ćiriličkih i latiničkih spomenika u demokratičnome, inovativnome, ali i izazovnome mediju Interneta. Sveta je dužnost mladoga kroatista suočiti se s tim izazovima jer je u podatkovnome moru koje svakoga Zemljanina drži autorom i svakomu zavodljivo obećava 15 minuta slave važno ne ispuštati kormilo, zaveden ne lutati bespućima, važno je i prevažno znanjem upraviti taj naš (paleo)kroatistički brod, što su glagopedisti, nadamo se, prepoznali kao svoju maksimu i svoj moto. Tek po njima GLAGOPEDIJA može postati neisključivo, neiscrpno i nedjeljivo javno dobro namijenjeno svim ljudima.'),('oAppNamjenaGlagopedijeHeader_poruka','KOMU JE GLAGOPEDIJA NAMIJENJENA?'),('oAppNamjenaGlagopedijePrviUlomak_poruka','Ova virtualna glagoljska enciklopedija - GLAGOPEDIJA - poslužit će kao još jedan nastavni izvor i vrijedan materijal za pripremu sveučilišnih ispita, projekata, završnih i diplimskih radova, no vjerujemo kako će jednako uspješno zainteresirati i širu publiku. Glagoljici hrvatskih spomenika u tisućgodišnjem kontinuitetu aplikacijom biva udahnut nov život prema staroj srednjovjekovnoj, evanđeoskoj i ćirilometodskoj, maksimi: Novo vino u nove mijehove (usp. Bratulić 1998: 13), a tradirana izjava o njezinu kabinetskom životu i životarenju na stolovima filologa pokretanjem ove aplikacije biva stubokom revidirana. '),('oAppProjektGlagopedijaDrugiUlomak_poruka','U okviru tropismene i trojezične hrvatske kulturne baštine (srednjovjekovne i novovjekovne) dosada nije identificiran interes paleoslavista i paleokroatista za tipom popularizacije glagoljične sastavnice hrvatske jezične povijesti putem novih tehnologija, u ovom slučaju mobilnih aplikacija. Napredovanjem tehnologije, odlučili smo cjelokupnu prošlost glagoljičnog pisma podignuti na novu razinu i prilagoditi vremenu u kojem živimo. Da bismo doprinijeli paleoslavistici, odnosno paleokroatistici, odlučili smo napraviti popis svih relevantnih glagoljskih spomenika koji su nastali na hrvatskom kulturnom prostoru. '),('oAppProjektGlagopedijaHeader_poruka','PROJEKT \"GLAGOPEDIJA\"'),('oAppProjektGlagopedijaPrviUlomak_poruka','Na temelju plana provedbe aktivnosti u okviru Programskih ugovora za cilj Unapređenje ishoda učenja u akademskoj godini 2014./2015. predvideno je i odobreno oblikovanje mobilne aplikacije kojoj je cilj popularizacija i usvajanje nastavnih sadržaja iz hrvatske jezične povijesti, u kontinuitetu od IX. do XIX. i XX st. u okviru katedre za hrvatsku jezičnu povijest i hrvatsku dijalektologiju (nositeljica Projekta: prof. dr. sc. Milica Lukić). '),('oAppSadrzajGlagopedijeCetvrtiUlomak_poruka','Ističemo da se ranije predstavljena i u opisima rabljena terminologija akademika Damjanovića odnosi na tekstove XIV. i XV. stoljeća, ali se njome nastavljamo, u skladu s istaknutim, služiti i kod novovjekih glagoljskih spomenika. Primjerice, u određenim situacijama (kod izdanja riječke glagoljske tiskare) služimo se terminom hrvatsko-staroslavenski jezik samo kako bismo naglasili da i u XVI. stoljeću, inače razdoblju velikoga previranja, jezični koncept glagoljaša počiva na tradiciji sastavljanja elemenata staroslavenskoga jezika i elemenata hrvatskih idioma (ponajprije čakavskih, ali i s iznimnim kajkavskim naslojavanjima, pogotovo u zbornicima). Tu je, s druge strane, i osobita jezična politika protestanata (izdali su 14 glagoljskih naslova u Urachu) koja počiva na hibridnom tronarječnom jeziku, što će koncepcijski nasljedovati pripadnici ozaljskoga književnog kruga. '),('oAppSadrzajGlagopedijeDesetiUlomak_poruka','Na ikonu je aplikacije zasluženo postavljena Bašćanska ploča kao jedan od najbitnijih spomenika hrvatske kulturne baštine.'),('oAppSadrzajGlagopedijeDevetiUlomak_poruka','U trenutku objavljivanja aplikacije obrađeno je više od 200 spomenika, a s obzirom na to da je riječ o mobilnoj aplikaciji koja se svakodnevno može nadograđivati, taj broj može se i povećati. Popis svih spomenika raspoređen je kroz 10 stoljeća počevši od XI. pa sve do XX. stoljeća. Svako stoljeće predstavlja slika koja kao reprezentativni primjer svjedoči o razdoblju pa su tako prva stoljeća predstavljena kroz kamene spomenike, a nadolazeća kroz fragmente te na kraju kroz gotove tiskane knjige. '),('oAppSadrzajGlagopedijeDrugiUlomak_poruka','U tabličnim opisima spomenika trudili smo se poštovati rezultate najnovijih paleoslavističkih/paleokroatističkih analiza, najvažnije zaključke i recentna izdanja (spomenika i priručnika), osobito kod odrednica pismo i jezik. Za hrvatske srednjovjekovne tekstove slijedili smo klasifikaciju akademika Stjepana Damjanovića nazivajući jezik liturgijskih spomenika staroslavenski, potom amalgamni jezik liiepe kniiževnosti (beletristike) hrvatsko-staroslavenski jezik, a jezik pravnih tekstova (tzv. poslovni jezik, usp. Bratulić 2013: 309) (staro)hrvatski (čakavski, kajkavski, štokavski) (usp. Damjanović 2009: 351). S druge strane, za pismo smo rabili termine i klasifikaciju paleografa i grafolingvista Matea Zagara (usp. 2009: 175) pa razlikujemo najstarije kamene zapise i neke spomenike kanona staroslavenskih spisa) na obloj glagoljici, potom spomenike ispisane formativnom glagoljicom (predstandardizacijsko razdoblje zapadnoga ili istočnoga pola hrvatskoga glagoljaštva), formiranom ustavnom (uglatom) glagoljicom, potom poluustavom (poluuncijalom) i kurzivom (knjiški kurziv uistinu je poluustav, a kancelarijski / poslovni kurziv pravi je kurziv). '),('oAppSadrzajGlagopedijeHeader_poruka','SADRŽAJ GLAGOPEDIJE'),('oAppSadrzajGlagopedijeJedanestiUlomak_poruka','Preostaje istaknuti da je riječ o nastavnom projektu koji ponajprije svoje opravdanje i svoju funkcionalnost pronalazi među studentskom populacijom, i to među studentima humanističkih i društvenih studija.'),('oAppSadrzajGlagopedijeOsmiUlomak_poruka','Kako ne bismo narušili kontinuitet, u opise smo uvrstili i te reprezentativne hstsl. spomenike iz XX. stoljeća, premda su ostvareni na latinici. Također je važno napomenuti, osobito kada je riječ o pravnim i privatnim dokumentima (općinsko, javnopravno i privatnopravno ustrojstvo: npr. pisma, isprave, oporuke, odluke, ugovori, računi i dr.), da nismo uvrstili sve dokumente iz izdanja Acta croatica (listine do XVI. st., 1. izdanje I. Kukuljević Sakcinski 1863 2. izdanje Đuro Šurmin 1898, potom izdanja Radoslava Lopašića od 1879. do 1895) kao ni sve dokumente u razdoblju od XVII. do XIX. stoljeća, već smo se rukovodili načelom reprezentativnosti, bilo da je riječ o opsegu i cjelovitosti dokumenata, izvornosti sadržaja i/ili važnosti jezika. pisma i stila kojima su dokumenti ostvareni. '),('oAppSadrzajGlagopedijePetiUlomak_poruka','U skladu s tim, velik broj pravnih tekstova XVI. st. pisan je tronarječnim hibridnim jezikom (primjerice listine zrinsko-frankopanske kancelarije). Glagoljički udio hrvatske pismenosti u XVII. i XVIII. stoljeću pripada rukopisnoj kancelarijskoj i zborničkoj domeni (glagoljski kurziv i poluustav poslovne i privatne sfere), ali u proširenom geografskom prstenu koji obuhvaća čak i slovenske i slavonske župe na sjeveru i istoku, pa i krajnje južne prostore gdje se inače rabila hrvatska ćirilica (Brač, Dubrovnik). '),('oAppSadrzajGlagopedijePrviUlomak_poruka','U kontinuitetu od X. stoljeća pa sve do pojave tiska i sutona hrvatskoga srednjovjekovlja identificirani su i preko osobne iskaznice opisani raznorodni hrvatskoglagoljski spomenici - od kamenih grafita i natpisa na istočnom i zapadnom polu hrvatskoga glagoljaštva (s poznatom demarkacijskom linijom oko rijeke Krke, ali i dublje prema sjeveru (okolica Zagreba) pa čak i u Slavoniji: drenovačka glagoljica, glagoljica iz Lovčića, preko najstarijih fragmentarnih liturgijskih spomenika (Bečki listići, Budimpeštanski odlomci, Splitski odlomak misala, Kukuljevićev odlomak misala, Ljubljanski homilijar i dr.) do prvih cjelovitih rukopisnih misala i brevijara (Vatikanski Illirico 4, Novakov misal, Prvi i Drugi vrbnički brevijar, Hrvojev misal i dr.) te najstarijih beletrističkih / zborničkih tekstova (Ivančićev zbornik, Vinodolski zbornik, Petrisov zbornik i dr.) i pravnih spomenika (Darovnica slavnoga Dragoslava, Vinodolski zakon, Razvod istarski, Krčki statut i dr.). '),('oAppSadrzajGlagopedijeSedmiUlomak_poruka','Pravi uzmak glagoljice, pritom ne mislimo na kurziv privatne i poslovne sfere, dolazi do izražaja u XVIII. st. Sćaveti (čakavizirani latinični lekcionarii, kasnije, misali) sve više počinju zamjenjivati litrugijske knjige koje je puk odbijao zbog istočnoslavenskoga jezika. Potkraj XIX. stoljeća glagoljica će se pokušati revitalizirati, uz hrvatski crkvenoslavenski jezik, u okviru Cyrilomethodiane (Lukić 2012: 317-337) u novim liturgijskim knjigama (Misal D. A. Parčića 1893), no već početkom XX. stoljeća hrvatskostaroslavenske liturgijske knjige otisnute su latiničnim pismom. '),('oAppSadrzajGlagopedijeSestiUlomak_poruka','Glede liturgijskoga tiska može se zaključiti da je - centraliziran u Rimu, ograničen djelovanjem unionističke politike i rimske Propagande za širenje vjere - sveden na izdavanje jezično i pismovno reformiranih hrvatskoglagoljskih liturgijskih knjiga prema istočnoslavenskoj (ukrajinskoj) recenziji u početnoj i zreloj, razvijenoj fazi (izdanja Rafaela Levakovića, Ivana Paštrića, Matea Karamana, Mateja Sovića i dr.).'),('oAppSadrzajGlagopedijeTreciUlomak_poruka','Od XVI. stoljeća nastupa razdoblje velikoga previranja hrvatskoga jezika na pragu novovjekovlja. Premda se uvijek ističe kako hrvatski glagoljaši s prvotiskom Misala po zakonu rimskoga dvora 22. veljače 1483. dotiču vrhunac svoga djelovanja, dok Brozićev brevijar iz 1561. godine simbolizira kraj prirodnoga razvoja hrvatskostaroslavenskoga jezika, to ne znači da se glagoljična rukopisna i tiskovna produkcija smanjila u odnosu na zlatno doba glagoljaštva u XIV. i XV. stoljeću. Tek je u novije vrijeme detaljnije istražen glagoljični korpus XVI. stoljeća (Damjanović 2014: 59-62) i postavljen u okvire modernoga konceptualiziranja hrvatskoga glagoljaštva kao integralnoga fenomena koji se promatra kao tisućgodišnja cjelina (od IX/X. do XX. st.), a istražuje primjenom novih, interdisciplinarnih pristupa i metodoloških aparata.'),('oAppUvrstavanjeCiriliceCetvrtiUlomak_poruka','Informatički pismen, za hrvatsku jezično-pismovnu povijest zainteresiran recipijent u drugome će dijelu GLAGOPEDIJE pronaći tekstove hrvatske i bosanske diplomatike i prepiske od 12. do 14. stoljeća (npr. Povelja Kulina bana iz 1189. i dr.), dakle banske i kneževske isprave, potom rukopise Crkve bo i akte bosanske kraljevske kancelarije te listine feudalnih gospodara u Humu. '),('oAppUvrstavanjeCiriliceDrugiUlomak_poruka','S obzirom na to da je ćirilica, jednako kao i glagoljica, pismo koje ima ćirilometodske korijene te se, njima osnažena, proširila, reformirala i značajno utjecala na kulturu svih slavenskih naroda (ne samo istočnih), bjelodano je da je riječ o pismu koje se od samih početaka prepleće s glagoljicom dolazeći u 11. stoljeću u hrvatske krajeve tzv. južnim putem širenja svekolike ćirilometodske baštine odnosno iz smjera Makedonije. '),('oAppUvrstavanjeCiriliceHeader_poruka','PROJEKT GLAGOPEDIJA - UVRŠTAVANJE ĆIRILICE'),('oAppUvrstavanjeCirilicePetiUlomak_poruka','Osim što su predstavljeni najvažniji spomenici triju regionalnih tipova ćirilice, afirmiranih još u srednjemu vijeku, nisu zanemareni ni tragovi (hrvatsko)ćiriličke baštine u Slavoniji (Grafit na crkvi Sv. Martina i dr.). Posebna je pažnja posvećena hrvatskomu ćiriličkom tisku kojim je obilježen ulazak u novovjekovlje: Dubrovački molitvenik i Petnaest molitava Sv. Brigite iz 1512, potom ćirilički tisak u okviru bosanske franjevačke tradicije (Nauk krstjanski iz 1611. i dr.), šest ćiriličkih otisaka hrvatskih protestanata u Urachu, ali i ćirilički tisak u okviru jezuitske balkanske politike koji ne nosi mnogo zapadnoćiriličkih posebnosti, nego slijedi (ili evocira) uzuse knjiga Istočne crkve (npr. Summa nauka kristjanskoga Šime Budinića iz 1583, Kratka azbukvica i kratak krstjanski katoličanski nauk iz 1696. i dr.), a u drugi su dio GLAGOPEDIJE uvrštena čak i tzv. neutralna ćirilička izdanja novocrkvenoslavenskoga (istočnoslaveniziranoga) rimskog korpusa (npr. Bukvar slavenskij Matea Karamana iz 1739). Uz istaknute spomenike kroz čitavo novovjekovlje supostoji iznimno plodna hrvatskoćirilička rukopisna (brzopisna) djelatnost, napose ona dalmatinskoga tipa (administrativna uporaba u župama, slovnici/rječnici, likarije/recepti, kronike, oporuke, troškovnici i dr.). '),('oAppUvrstavanjeCirilicePrviUlomak_poruka','U akademskoj godini 2015/2016. projektni tim GLAGOPEDIJE nastavio je popisivati i opisivati ćiriličke spomenike koji predstavljaju iznimno važan dio hrvatske pismovne (i jezične) te kulturne povijesti. Šetnja kroz stoljeća hrvatskoćiriličke pismenosti započela je s 11, a završila s 19. i 20. stoljećem. Ulazeći u okvire prokušane metodologije koja počiva na načelu reprezentativnosti i prigodnosti te na novim (paleo) slavističkim i (paleo)kroatističkim znanjima, članovi su projektnoga tima u tablične opise uvrštavali najvažnije ćiriličke spomenike (ukupno 71) koji su nastali na hrvatskome kulturnom tlu ili su za njegovu pismovnu povijest i raznolikost iznimno značajni. '),('oAppUvrstavanjeCiriliceSedmiUlomak_poruka','Projektni tim koji je u protekloj akademskoj godini radio na popisivanju hrvatskoćiriličkih spomenika još ima potrebu istaknuti kako se opredijelio za naziv.hrvatska ćirilica\" ne zbog njegovih jednonacionalnih (i isključivih) konotacija, nego zbog toga što je riječ o korpusu bez kojega se ne može proučavati povijest hrvatskoga jezika, književnosti i kulture, a u koji zasigurno ulaze i spomenici koji su, istovremeno, dionicima drugih (južnoslavenskih kultura. Usto, izbor najvažnijih hrvatskoćiriličkih spomenika koji su svoje mjesto pronašli na virtualnim stranicama GLAGOPEDIJE nije zaobišao ni one ćiriličke spomenike koji su važni za hrvatsku pismovnu povijest, a po svojim odlikama evociraju i/ili slijede istočnu ćirilicu više od zapadne.'),('oAppUvrstavanjeCiriliceSestiUlomak_poruka','Drugo je poglavlje našega virtualnoga obrazovnog priručnika značajno već zbog činjenice da hrvatskoćirilička pismenost u svim svojim pojavnim oblicima nije do danas zauzela zasluženo mjesto u hrvatskoj filologiji i kulturnoj javnosti, što su pokazali zaključci Međunarodnoga znanstvenog skupa Hrvatska ćirilična baština kojim se 2012. godine, pod okriljem Hrvatske akademije znanosti i umjetnosti, a u povodu 500. obljetnice tiskanja prve hrvatske ćiriličke knjige, pokušala dijelom nadoknaditi i ispraviti ta povijesna nepravda u temelju koje je jedan prevladan i isključiv devetnaestostoljetni filološki koncept (prema kojemu bi na srednjojužnoslavenskome prostoru (hrvatsko-srpskom”) ćirilička baština pripadala Srbima, a glagoljička Hrvatima). '),('oAppUvrstavanjeCiriliceTreciUlomak_poruka','U njezinu su pak okrilju ispisani najvažniji spomenici kanona staroslavenskih spisa tijekom 10. i 11. stoljeća, lako najstarija ćirilica hrvatskih epigrafskih spomenika (Kninski ulomak, Plastovski ulomak, Povaljski prag, Humačka ploča, poruke sa stećaka, ali i Bašćanska ploča, Supetarski ulomak i dr.) ne nosi (sve) grafomorfološke i ortografske posebnosti koje odlikuju hrvatsku ćirilicu i/ili bosančicu i/ili bosanicu (po nekim autorima samo - zapadnu ćirilicu, i to od 13. stoljeća nadalje) te njezina tri regionalna podtipa - bosanski, dalmatinski i dubrovački (Ivan Berčić 1862), ona svojim prožimanjem s glagoljicom i rasprostiranjem na istočnome i zapadnome krilu hrvatskoga glagoljaštva jasno pokazuje svoje ćirilometodske korijene i svoje jedinstveno mjesto u okviru hrvatskoga glagoljaštva i glagolizma, hrvatske kulture uopće. Epigrafici već u srednjemu vijeku treba pribrojiti funkcionalnostilski raslojene i raznolike ćiriličke tekstove među kojima su brojni pravi tekstovi, ali naši studenti nisu zanemarili ni liturgijske te druge crkvene tekstove kao ni hrvatskoćiriličku beletristiku. '),('odjavaIzbornik_gumbPoruka','Odjava'),('oNamaDrugiUlomak_poruka','Šlesko sveučilište u Katowicama, Institut za slavensku filologiju (voditelji i urednici: dr. hab. Leszek Małczak, dr. Paulina Pycia-Košćak, Piotr Herda; studenti prevoditelji: Aleksandra Nowicka, Piotr Herda, Kamila Targańska, Marzena Mrozik, Magdalena Zagórska, Bartosz Kluwa, Klaudia Korlacka, Wiktoria Kozłowska, Anna Wąsik) '),('oNamaIzbornik_gumbPoruka','O nama'),('oNamaPrviUlomak_poruka','Projektni tim prve verzije - Filozofski fakultet Osijek: Matej Peharda (student), Silvijo Šaur (student), Prof. dr. sc. Milica Lukić, Dr. sc. Vera Blaević Krezić, poslijedoktorandica; Fakultet elektrotehnike, računarstva i informacijskih tehnologija: Luka Mandić (mag. ing. comp.), Matija Marić (mag. ing. comp., Prof. dr. sc. Goran Martinović; Projektni tim druge verzije: Web sučelje - Dajana Stojanović (studentica), Ana Leh (studentica); Projektni tim treće verzije: Web sučelje - Sanja Čajkovac, Monika Bikadi, Dino Bečarević '),('oNamaTreciUlomak_poruka','Fakultet elektrotehnike, računarstva i informacijskih tehonologija Sveučilišta J. J. Strossmayera u Osijeku (voditelj: prof. dr. sc. Goran Martinović, bivši studenti suradnici: Luka Mandić, Matija Marić).'),('pismoZapisEdit_poruka','Pismo'),('prezimeRegister_poruka','Prezime'),('prijaviSeLogin_poruka','Prijavi se'),('projektGlagopedijaHeader_poruka','PROJEKT \"GLAGOPEDIJA\"'),('projektGlagopedija_poruka','Na temelju plana provedbe aktivnosti u okviru Programskih ugovora za cilj Unapređenje ishoda učenja u akademskoj godini 2014./2015. predvideno je i odobreno oblikovanje mobilne aplikacije kojoj je cilj popularizacija i usvajanje nastavnih sadržaja iz hrvatske jezične povijesti, u kontinuitetu od IX. do XIX. i XX st. u okviru katedre za hrvatsku jezičnu povijest i hrvatsku dijalektologiju (nositeljica Projekta: prof. dr. sc. Milica Lukić).'),('razlogAplikacije_poruka','Napredovanjem tehnologije, odlučili smo cjelokupnu prošlost glagoljičnog pisma podignuti na novu razinu i prilagoditi vremenu u kojem živimo.'),('recenicaZaUnosNoveGrupe_poruka','Prvo unesite ime grupe na hrvatskom jeziku te ju po uspješnom unosu možete prevesti!'),('recenicaZaUnosNoveKategorija_poruka','Prvo unesite ime kategorije na hrvatskom jeziku te ju po uspješnom unosu možete prevesti!'),('recenicaZaUnosNoveZapis_poruka','Prvo unesite ime zapisa na hrvatskom jeziku te ju po uspješnom unosu možete prevesti!'),('registrirajSeLogin_poruka','Registriraj se'),('sadrzajGlagopedijaHeader_poruka','SADRŽAJ GLAGOPEDIJE'),('sadrzajGlagopedija_poruka','U kontinuitetu od X. stoljeća pa sve do pojave tiska i sutona hrvatskoga srednjovjekovlja identificirani su i preko osobne iskaznice opisani raznorodni hrvatskoglagoljski spomenici - od kamenih grafita i natpisa na istočnom i zapadnom polu hrvatskoga glagoljaštva (s poznatom demarkacijskom linijom oko rijeke Krke, ali i dublje prema sjeveru (okolica Zagreba) pa čak i u Slavoniji.\n          '),('sadrzajIzbornik_gumbPoruka','Sadržaj\n'),('sadrzajZapisEdit_poruka','Sadržaj'),('spremiGrupeEditgumbPoruka','spremi'),('uploadSlikeKategorijagumbPoruka','Slika'),('velicinaZapisEdit_poruka','Velicina'),('zanimljivostiZapisEdit_poruka','Zanimljivosti'),('zapocnimo_gumbPoruka','ZAPOČNIMO');
/*!40000 ALTER TABLE `porukeapp` ENABLE KEYS */;
UNLOCK TABLES;

--
-- Table structure for table `porukeapp_jezik`
--

DROP TABLE IF EXISTS `porukeapp_jezik`;
/*!40101 SET @saved_cs_client     = @@character_set_client */;
/*!40101 SET character_set_client = utf8 */;
CREATE TABLE `porukeapp_jezik` (
  `poruka` varchar(50) NOT NULL,
  `jezik` char(2) NOT NULL,
  `vrijednost` text NOT NULL,
  KEY `jezik` (`jezik`),
  KEY `poruka` (`poruka`),
  CONSTRAINT `porukeapp_jezik_ibfk_1` FOREIGN KEY (`jezik`) REFERENCES `jezik` (`id`),
  CONSTRAINT `porukeapp_jezik_ibfk_2` FOREIGN KEY (`poruka`) REFERENCES `porukeapp` (`kljuc`)
) ENGINE=InnoDB DEFAULT CHARSET=utf8;
/*!40101 SET character_set_client = @saved_cs_client */;

--
-- Dumping data for table `porukeapp_jezik`
--

LOCK TABLES `porukeapp_jezik` WRITE;
/*!40000 ALTER TABLE `porukeapp_jezik` DISABLE KEYS */;
INSERT INTO `porukeapp_jezik` VALUES ('naslovAplikacije_poruka','hr','Glagopedija'),('jezik_poruka','hr','Jezik'),('razlogAplikacije_poruka','hr','Napredovanjem tehnologije, odlučili smo cjelokupnu prošlost glagoljičnog pisma podignuti na novu razinu i prilagoditi vremenu u kojem živimo.'),('zapocnimo_gumbPoruka','hr','ZAPOČNIMO'),('projektGlagopedija_poruka','hr','Na temelju plana provedbe aktivnosti u okviru Programskih ugovora za cilj Unapređenje ishoda učenja u akademskoj godini 2014./2015. predvideno je i odobreno oblikovanje mobilne aplikacije kojoj je cilj popularizacija i usvajanje nastavnih sadržaja iz hrvatske jezične povijesti, u kontinuitetu od IX. do XIX. i XX st. u okviru katedre za hrvatsku jezičnu povijest i hrvatsku dijalektologiju (nositeljica Projekta: prof. dr. sc. Milica Lukić).'),('projektGlagopedijaHeader_poruka','hr','PROJEKT \"GLAGOPEDIJA\"'),('ciljProjektaHeader_poruka','hr','CILJ PROJEKTA'),('ciljProjekta_poruka','hr','Cilj je ovoga projekta osvješćivanje ljudi o nužnosti poznavanja glagoljskih spomenika, odnosno lakše pretraživanje istih i upravo je zbog toga zamišljen kao aplikacija pomoću koje se na jednostavan način mogu dobiti sve potrebne informacije, kao i popis svih hrvatskih glagoljskih spomenika - simbolično govoreći od Bašćanske ploče do Parčićeva misala (1893), odnosno od X/XI. st. do kraja XIX. i početka XX. st.\n          '),('sadrzajGlagopedijaHeader_poruka','hr','SADRŽAJ GLAGOPEDIJE'),('sadrzajGlagopedija_poruka','hr','U kontinuitetu od X. stoljeća pa sve do pojave tiska i sutona hrvatskoga srednjovjekovlja identificirani su i preko osobne iskaznice opisani raznorodni hrvatskoglagoljski spomenici - od kamenih grafita i natpisa na istočnom i zapadnom polu hrvatskoga glagoljaštva (s poznatom demarkacijskom linijom oko rijeke Krke, ali i dublje prema sjeveru (okolica Zagreba) pa čak i u Slavoniji.\n          '),('glagopedijaNamjenaHeader_poruka','hr','KOMU JE GLAGOPEDIJA NAMIJENJENA?'),('glagopedijaNamjena_poruka','hr','Namijenjena onima koji znaju ili žele znati više o hrvatskoj pismovnoj povijesti i sadašnjosti - spominjemo ćirilicu u svjetlu dnevnopolitičkih rasprava u Hrvatskoj, ali podsjećamo i na zanimljivost u vezi s hrvatskom ćirilicom koja je u nekim poljičkim obiteljima živjela i tijekom 20. stoljeća - godine 1993. naime umrla je posljednja osoba kojoj je hrvatska ćirilica/poljičica bila materinsko pismo - GLAGOPEDIJA je otvorena virtualna knjiga koja u svojemu drugom poglavlju nije popisala i opisala sve ćiriličke spomenike, nego najpoznatije i reprezentativne, a 71 spomeniku njezine druge glave mogu se pridružiti i neki novi\", što podrazumijeva aktivnu ulogu Vas korisnika u dijalogu i suradnji s njezinim nesavršenim tvorcima.\n'),('oAppHeader_poruka','hr','O aplikaciji - glagoljica'),('oAppProjektGlagopedijaHeader_poruka','hr','PROJEKT \"GLAGOPEDIJA\"'),('oAppProjektGlagopedijaPrviUlomak_poruka','hr','Na temelju plana provedbe aktivnosti u okviru Programskih ugovora za cilj Unapređenje ishoda učenja u akademskoj godini 2014./2015. predvideno je i odobreno oblikovanje mobilne aplikacije kojoj je cilj popularizacija i usvajanje nastavnih sadržaja iz hrvatske jezične povijesti, u kontinuitetu od IX. do XIX. i XX st. u okviru katedre za hrvatsku jezičnu povijest i hrvatsku dijalektologiju (nositeljica Projekta: prof. dr. sc. Milica Lukić). '),('oAppProjektGlagopedijaDrugiUlomak_poruka','hr','U okviru tropismene i trojezične hrvatske kulturne baštine (srednjovjekovne i novovjekovne) dosada nije identificiran interes paleoslavista i paleokroatista za tipom popularizacije glagoljične sastavnice hrvatske jezične povijesti putem novih tehnologija, u ovom slučaju mobilnih aplikacija. Napredovanjem tehnologije, odlučili smo cjelokupnu prošlost glagoljičnog pisma podignuti na novu razinu i prilagoditi vremenu u kojem živimo. Da bismo doprinijeli paleoslavistici, odnosno paleokroatistici, odlučili smo napraviti popis svih relevantnih glagoljskih spomenika koji su nastali na hrvatskom kulturnom prostoru. '),('oAppCiljProjektaHeader_poruka','hr','CILJ PROJEKTA'),('oAppCiljProjektaPrviUlomak_poruka','hr','Cilj je ovoga projekta osvješćivanje ljudi o nužnosti poznavanja glagoljskih spomenika, odnosno lakše pretraživanje istih i upravo je zbog toga zamišljen kao aplikacija pomoću koje se na jednostavan način mogu dobiti sve potrebne informacije, kao i popis svih hrvatskih glagoljskih spomenika - simbolično govoreći od Bašćanske ploče do Parčićeva misala (1893), odnosno od X/XI. st. do kraja XIX. i početka XX. st. '),('oAppCiljProjektaDrugiUlomak_poruka','hr','Projekt odlikuje suradnja dviju znanstveno-nastavnih sastavnica osječkoga Sveučilišta - Filozofskoga fakulteta i Fakulteta elektrotehnike, računarstva i informacijskih tehnologija, a realizirali su ga studenti dvaju fakulteta u suradnji sa svojim mentorima čime će projekt poprimiti autorizaciju, znanstveno opravdanje kao temelj za popularizaciju i širu uporabnu vrijednost medu korisnicima. Oblikovane su dvije aplikacije, odnosno po jedna aplikacija za svaku platformu čime će aplikacija biti dostupna širem broju ljudi. Platforme su za pravljenje aplikacije Android i Windows, odnosno Windows Phone za pametne uređaje. '),('oAppSadrzajGlagopedijeHeader_poruka','hr','SADRŽAJ GLAGOPEDIJE'),('oAppSadrzajGlagopedijePrviUlomak_poruka','hr','U kontinuitetu od X. stoljeća pa sve do pojave tiska i sutona hrvatskoga srednjovjekovlja identificirani su i preko osobne iskaznice opisani raznorodni hrvatskoglagoljski spomenici - od kamenih grafita i natpisa na istočnom i zapadnom polu hrvatskoga glagoljaštva (s poznatom demarkacijskom linijom oko rijeke Krke, ali i dublje prema sjeveru (okolica Zagreba) pa čak i u Slavoniji: drenovačka glagoljica, glagoljica iz Lovčića, preko najstarijih fragmentarnih liturgijskih spomenika (Bečki listići, Budimpeštanski odlomci, Splitski odlomak misala, Kukuljevićev odlomak misala, Ljubljanski homilijar i dr.) do prvih cjelovitih rukopisnih misala i brevijara (Vatikanski Illirico 4, Novakov misal, Prvi i Drugi vrbnički brevijar, Hrvojev misal i dr.) te najstarijih beletrističkih / zborničkih tekstova (Ivančićev zbornik, Vinodolski zbornik, Petrisov zbornik i dr.) i pravnih spomenika (Darovnica slavnoga Dragoslava, Vinodolski zakon, Razvod istarski, Krčki statut i dr.). '),('oAppSadrzajGlagopedijeDrugiUlomak_poruka','hr','U tabličnim opisima spomenika trudili smo se poštovati rezultate najnovijih paleoslavističkih/paleokroatističkih analiza, najvažnije zaključke i recentna izdanja (spomenika i priručnika), osobito kod odrednica pismo i jezik. Za hrvatske srednjovjekovne tekstove slijedili smo klasifikaciju akademika Stjepana Damjanovića nazivajući jezik liturgijskih spomenika staroslavenski, potom amalgamni jezik liiepe kniiževnosti (beletristike) hrvatsko-staroslavenski jezik, a jezik pravnih tekstova (tzv. poslovni jezik, usp. Bratulić 2013: 309) (staro)hrvatski (čakavski, kajkavski, štokavski) (usp. Damjanović 2009: 351). S druge strane, za pismo smo rabili termine i klasifikaciju paleografa i grafolingvista Matea Zagara (usp. 2009: 175) pa razlikujemo najstarije kamene zapise i neke spomenike kanona staroslavenskih spisa) na obloj glagoljici, potom spomenike ispisane formativnom glagoljicom (predstandardizacijsko razdoblje zapadnoga ili istočnoga pola hrvatskoga glagoljaštva), formiranom ustavnom (uglatom) glagoljicom, potom poluustavom (poluuncijalom) i kurzivom (knjiški kurziv uistinu je poluustav, a kancelarijski / poslovni kurziv pravi je kurziv). '),('oAppSadrzajGlagopedijeTreciUlomak_poruka','hr','Od XVI. stoljeća nastupa razdoblje velikoga previranja hrvatskoga jezika na pragu novovjekovlja. Premda se uvijek ističe kako hrvatski glagoljaši s prvotiskom Misala po zakonu rimskoga dvora 22. veljače 1483. dotiču vrhunac svoga djelovanja, dok Brozićev brevijar iz 1561. godine simbolizira kraj prirodnoga razvoja hrvatskostaroslavenskoga jezika, to ne znači da se glagoljična rukopisna i tiskovna produkcija smanjila u odnosu na zlatno doba glagoljaštva u XIV. i XV. stoljeću. Tek je u novije vrijeme detaljnije istražen glagoljični korpus XVI. stoljeća (Damjanović 2014: 59-62) i postavljen u okvire modernoga konceptualiziranja hrvatskoga glagoljaštva kao integralnoga fenomena koji se promatra kao tisućgodišnja cjelina (od IX/X. do XX. st.), a istražuje primjenom novih, interdisciplinarnih pristupa i metodoloških aparata.'),('oAppSadrzajGlagopedijeCetvrtiUlomak_poruka','hr','Ističemo da se ranije predstavljena i u opisima rabljena terminologija akademika Damjanovića odnosi na tekstove XIV. i XV. stoljeća, ali se njome nastavljamo, u skladu s istaknutim, služiti i kod novovjekih glagoljskih spomenika. Primjerice, u određenim situacijama (kod izdanja riječke glagoljske tiskare) služimo se terminom hrvatsko-staroslavenski jezik samo kako bismo naglasili da i u XVI. stoljeću, inače razdoblju velikoga previranja, jezični koncept glagoljaša počiva na tradiciji sastavljanja elemenata staroslavenskoga jezika i elemenata hrvatskih idioma (ponajprije čakavskih, ali i s iznimnim kajkavskim naslojavanjima, pogotovo u zbornicima). Tu je, s druge strane, i osobita jezična politika protestanata (izdali su 14 glagoljskih naslova u Urachu) koja počiva na hibridnom tronarječnom jeziku, što će koncepcijski nasljedovati pripadnici ozaljskoga književnog kruga. '),('oAppSadrzajGlagopedijePetiUlomak_poruka','hr','U skladu s tim, velik broj pravnih tekstova XVI. st. pisan je tronarječnim hibridnim jezikom (primjerice listine zrinsko-frankopanske kancelarije). Glagoljički udio hrvatske pismenosti u XVII. i XVIII. stoljeću pripada rukopisnoj kancelarijskoj i zborničkoj domeni (glagoljski kurziv i poluustav poslovne i privatne sfere), ali u proširenom geografskom prstenu koji obuhvaća čak i slovenske i slavonske župe na sjeveru i istoku, pa i krajnje južne prostore gdje se inače rabila hrvatska ćirilica (Brač, Dubrovnik). '),('oAppSadrzajGlagopedijeSestiUlomak_poruka','hr','Glede liturgijskoga tiska može se zaključiti da je - centraliziran u Rimu, ograničen djelovanjem unionističke politike i rimske Propagande za širenje vjere - sveden na izdavanje jezično i pismovno reformiranih hrvatskoglagoljskih liturgijskih knjiga prema istočnoslavenskoj (ukrajinskoj) recenziji u početnoj i zreloj, razvijenoj fazi (izdanja Rafaela Levakovića, Ivana Paštrića, Matea Karamana, Mateja Sovića i dr.).'),('oAppSadrzajGlagopedijeSedmiUlomak_poruka','hr','Pravi uzmak glagoljice, pritom ne mislimo na kurziv privatne i poslovne sfere, dolazi do izražaja u XVIII. st. Sćaveti (čakavizirani latinični lekcionarii, kasnije, misali) sve više počinju zamjenjivati litrugijske knjige koje je puk odbijao zbog istočnoslavenskoga jezika. Potkraj XIX. stoljeća glagoljica će se pokušati revitalizirati, uz hrvatski crkvenoslavenski jezik, u okviru Cyrilomethodiane (Lukić 2012: 317-337) u novim liturgijskim knjigama (Misal D. A. Parčića 1893), no već početkom XX. stoljeća hrvatskostaroslavenske liturgijske knjige otisnute su latiničnim pismom. '),('oAppSadrzajGlagopedijeOsmiUlomak_poruka','hr','Kako ne bismo narušili kontinuitet, u opise smo uvrstili i te reprezentativne hstsl. spomenike iz XX. stoljeća, premda su ostvareni na latinici. Također je važno napomenuti, osobito kada je riječ o pravnim i privatnim dokumentima (općinsko, javnopravno i privatnopravno ustrojstvo: npr. pisma, isprave, oporuke, odluke, ugovori, računi i dr.), da nismo uvrstili sve dokumente iz izdanja Acta croatica (listine do XVI. st., 1. izdanje I. Kukuljević Sakcinski 1863 2. izdanje Đuro Šurmin 1898, potom izdanja Radoslava Lopašića od 1879. do 1895) kao ni sve dokumente u razdoblju od XVII. do XIX. stoljeća, već smo se rukovodili načelom reprezentativnosti, bilo da je riječ o opsegu i cjelovitosti dokumenata, izvornosti sadržaja i/ili važnosti jezika. pisma i stila kojima su dokumenti ostvareni. '),('oAppSadrzajGlagopedijeDevetiUlomak_poruka','hr','U trenutku objavljivanja aplikacije obrađeno je više od 200 spomenika, a s obzirom na to da je riječ o mobilnoj aplikaciji koja se svakodnevno može nadograđivati, taj broj može se i povećati. Popis svih spomenika raspoređen je kroz 10 stoljeća počevši od XI. pa sve do XX. stoljeća. Svako stoljeće predstavlja slika koja kao reprezentativni primjer svjedoči o razdoblju pa su tako prva stoljeća predstavljena kroz kamene spomenike, a nadolazeća kroz fragmente te na kraju kroz gotove tiskane knjige. '),('oAppSadrzajGlagopedijeDesetiUlomak_poruka','hr','Na ikonu je aplikacije zasluženo postavljena Bašćanska ploča kao jedan od najbitnijih spomenika hrvatske kulturne baštine.'),('oAppSadrzajGlagopedijeJedanestiUlomak_poruka','hr','Preostaje istaknuti da je riječ o nastavnom projektu koji ponajprije svoje opravdanje i svoju funkcionalnost pronalazi među studentskom populacijom, i to među studentima humanističkih i društvenih studija.'),('oAppNamjenaGlagopedijeHeader_poruka','hr','KOMU JE GLAGOPEDIJA NAMIJENJENA?'),('oAppNamjenaGlagopedijePrviUlomak_poruka','hr','Ova virtualna glagoljska enciklopedija - GLAGOPEDIJA - poslužit će kao još jedan nastavni izvor i vrijedan materijal za pripremu sveučilišnih ispita, projekata, završnih i diplimskih radova, no vjerujemo kako će jednako uspješno zainteresirati i širu publiku. Glagoljici hrvatskih spomenika u tisućgodišnjem kontinuitetu aplikacijom biva udahnut nov život prema staroj srednjovjekovnoj, evanđeoskoj i ćirilometodskoj, maksimi: Novo vino u nove mijehove (usp. Bratulić 1998: 13), a tradirana izjava o njezinu kabinetskom životu i životarenju na stolovima filologa pokretanjem ove aplikacije biva stubokom revidirana. '),('oAppCirilicaHeader_poruka','hr','O aplikaciji - Ćirilica'),('oAppUvrstavanjeCiriliceHeader_poruka','hr','PROJEKT GLAGOPEDIJA - UVRŠTAVANJE ĆIRILICE'),('oAppUvrstavanjeCirilicePrviUlomak_poruka','hr','U akademskoj godini 2015/2016. projektni tim GLAGOPEDIJE nastavio je popisivati i opisivati ćiriličke spomenike koji predstavljaju iznimno važan dio hrvatske pismovne (i jezične) te kulturne povijesti. Šetnja kroz stoljeća hrvatskoćiriličke pismenosti započela je s 11, a završila s 19. i 20. stoljećem. Ulazeći u okvire prokušane metodologije koja počiva na načelu reprezentativnosti i prigodnosti te na novim (paleo) slavističkim i (paleo)kroatističkim znanjima, članovi su projektnoga tima u tablične opise uvrštavali najvažnije ćiriličke spomenike (ukupno 71) koji su nastali na hrvatskome kulturnom tlu ili su za njegovu pismovnu povijest i raznolikost iznimno značajni. '),('oAppUvrstavanjeCiriliceDrugiUlomak_poruka','hr','S obzirom na to da je ćirilica, jednako kao i glagoljica, pismo koje ima ćirilometodske korijene te se, njima osnažena, proširila, reformirala i značajno utjecala na kulturu svih slavenskih naroda (ne samo istočnih), bjelodano je da je riječ o pismu koje se od samih početaka prepleće s glagoljicom dolazeći u 11. stoljeću u hrvatske krajeve tzv. južnim putem širenja svekolike ćirilometodske baštine odnosno iz smjera Makedonije. '),('oAppUvrstavanjeCiriliceTreciUlomak_poruka','hr','U njezinu su pak okrilju ispisani najvažniji spomenici kanona staroslavenskih spisa tijekom 10. i 11. stoljeća, lako najstarija ćirilica hrvatskih epigrafskih spomenika (Kninski ulomak, Plastovski ulomak, Povaljski prag, Humačka ploča, poruke sa stećaka, ali i Bašćanska ploča, Supetarski ulomak i dr.) ne nosi (sve) grafomorfološke i ortografske posebnosti koje odlikuju hrvatsku ćirilicu i/ili bosančicu i/ili bosanicu (po nekim autorima samo - zapadnu ćirilicu, i to od 13. stoljeća nadalje) te njezina tri regionalna podtipa - bosanski, dalmatinski i dubrovački (Ivan Berčić 1862), ona svojim prožimanjem s glagoljicom i rasprostiranjem na istočnome i zapadnome krilu hrvatskoga glagoljaštva jasno pokazuje svoje ćirilometodske korijene i svoje jedinstveno mjesto u okviru hrvatskoga glagoljaštva i glagolizma, hrvatske kulture uopće. Epigrafici već u srednjemu vijeku treba pribrojiti funkcionalnostilski raslojene i raznolike ćiriličke tekstove među kojima su brojni pravi tekstovi, ali naši studenti nisu zanemarili ni liturgijske te druge crkvene tekstove kao ni hrvatskoćiriličku beletristiku. '),('oAppUvrstavanjeCiriliceCetvrtiUlomak_poruka','hr','Informatički pismen, za hrvatsku jezično-pismovnu povijest zainteresiran recipijent u drugome će dijelu GLAGOPEDIJE pronaći tekstove hrvatske i bosanske diplomatike i prepiske od 12. do 14. stoljeća (npr. Povelja Kulina bana iz 1189. i dr.), dakle banske i kneževske isprave, potom rukopise Crkve bo i akte bosanske kraljevske kancelarije te listine feudalnih gospodara u Humu. '),('oAppUvrstavanjeCirilicePetiUlomak_poruka','hr','Osim što su predstavljeni najvažniji spomenici triju regionalnih tipova ćirilice, afirmiranih još u srednjemu vijeku, nisu zanemareni ni tragovi (hrvatsko)ćiriličke baštine u Slavoniji (Grafit na crkvi Sv. Martina i dr.). Posebna je pažnja posvećena hrvatskomu ćiriličkom tisku kojim je obilježen ulazak u novovjekovlje: Dubrovački molitvenik i Petnaest molitava Sv. Brigite iz 1512, potom ćirilički tisak u okviru bosanske franjevačke tradicije (Nauk krstjanski iz 1611. i dr.), šest ćiriličkih otisaka hrvatskih protestanata u Urachu, ali i ćirilički tisak u okviru jezuitske balkanske politike koji ne nosi mnogo zapadnoćiriličkih posebnosti, nego slijedi (ili evocira) uzuse knjiga Istočne crkve (npr. Summa nauka kristjanskoga Šime Budinića iz 1583, Kratka azbukvica i kratak krstjanski katoličanski nauk iz 1696. i dr.), a u drugi su dio GLAGOPEDIJE uvrštena čak i tzv. neutralna ćirilička izdanja novocrkvenoslavenskoga (istočnoslaveniziranoga) rimskog korpusa (npr. Bukvar slavenskij Matea Karamana iz 1739). Uz istaknute spomenike kroz čitavo novovjekovlje supostoji iznimno plodna hrvatskoćirilička rukopisna (brzopisna) djelatnost, napose ona dalmatinskoga tipa (administrativna uporaba u župama, slovnici/rječnici, likarije/recepti, kronike, oporuke, troškovnici i dr.). '),('oAppUvrstavanjeCiriliceSestiUlomak_poruka','hr','Drugo je poglavlje našega virtualnoga obrazovnog priručnika značajno već zbog činjenice da hrvatskoćirilička pismenost u svim svojim pojavnim oblicima nije do danas zauzela zasluženo mjesto u hrvatskoj filologiji i kulturnoj javnosti, što su pokazali zaključci Međunarodnoga znanstvenog skupa Hrvatska ćirilična baština kojim se 2012. godine, pod okriljem Hrvatske akademije znanosti i umjetnosti, a u povodu 500. obljetnice tiskanja prve hrvatske ćiriličke knjige, pokušala dijelom nadoknaditi i ispraviti ta povijesna nepravda u temelju koje je jedan prevladan i isključiv devetnaestostoljetni filološki koncept (prema kojemu bi na srednjojužnoslavenskome prostoru (hrvatsko-srpskom”) ćirilička baština pripadala Srbima, a glagoljička Hrvatima). '),('oAppUvrstavanjeCiriliceSedmiUlomak_poruka','hr','Projektni tim koji je u protekloj akademskoj godini radio na popisivanju hrvatskoćiriličkih spomenika još ima potrebu istaknuti kako se opredijelio za naziv.hrvatska ćirilica\" ne zbog njegovih jednonacionalnih (i isključivih) konotacija, nego zbog toga što je riječ o korpusu bez kojega se ne može proučavati povijest hrvatskoga jezika, književnosti i kulture, a u koji zasigurno ulaze i spomenici koji su, istovremeno, dionicima drugih (južnoslavenskih kultura. Usto, izbor najvažnijih hrvatskoćiriličkih spomenika koji su svoje mjesto pronašli na virtualnim stranicama GLAGOPEDIJE nije zaobišao ni one ćiriličke spomenike koji su važni za hrvatsku pismovnu povijest, a po svojim odlikama evociraju i/ili slijede istočnu ćirilicu više od zapadne.'),('oAppNamjenaGlagopedijaCirilicaHeader_poruka','hr','KOMU JE GLAGOPEDIJA NAMIJENJENA?'),('oAppNamjenaGlagopedijaCirilicaPrviUlomak_poruka','hr','Namijenjena onima koji znaju ili žele znati više o hrvatskoj pismovnoj povijesti i sadašnjosti - spominjemo ćirilicu u svjetlu dnevnopolitičkih rasprava u Hrvatskoj, ali podsjećamo i na zanimljivost u vezi s hrvatskom ćirilicom koja je u nekim poljičkim obiteljima živjela i tijekom 20. stoljeća - godine 1993. naime umrla je posljednja osoba kojoj je hrvatska ćirilica/poljičica bila materinsko pismo - GLAGOPEDIJA je otvorena virtualna knjiga koja u svojemu drugom poglavlju nije popisala i opisala sve ćiriličke spomenike, nego najpoznatije i reprezentativne, a 71 spomeniku njezine druge glave mogu se pridružiti i neki novi\", što podrazumijeva aktivnu ulogu Vas korisnika u dijalogu i suradnji s njezinim nesavršenim tvorcima.'),('oAppNamjenaGlagopedijaCirilicaDrugiUlomak_poruka','hr','Informacijsko je doba na kušnju stavilo humanističke znanosti, ponajprije studij nacionalne filologije. U njezinu je okrilju hrvatsko glagoljaštvo danas gotovo pa zasužnjeno, što zbog nezainteresiranosti mladega naraštaja, što zbog narušavanja opstojnosti kroatistike u njezinu slavističkome okružju, što zbog neprevladanih i zastarjelih ideoloških, političkih, filoloških i inih koncepata znanstvene zajednice i kulturne javnosti, što zbog pismovne barijere koju su, paradoksalno, baš u u informacijskome dobu prema svojemu sadržaju podignule glagoljica i ćirilica. '),('oAppNamjenaGlagopedijaCirilicaTreciUlomak_poruka','hr','Na tim spoznajama počiva drugi život (Second Life) hrvatskih glagoljičkih, ćiriličkih i latiničkih spomenika u demokratičnome, inovativnome, ali i izazovnome mediju Interneta. Sveta je dužnost mladoga kroatista suočiti se s tim izazovima jer je u podatkovnome moru koje svakoga Zemljanina drži autorom i svakomu zavodljivo obećava 15 minuta slave važno ne ispuštati kormilo, zaveden ne lutati bespućima, važno je i prevažno znanjem upraviti taj naš (paleo)kroatistički brod, što su glagopedisti, nadamo se, prepoznali kao svoju maksimu i svoj moto. Tek po njima GLAGOPEDIJA može postati neisključivo, neiscrpno i nedjeljivo javno dobro namijenjeno svim ljudima.'),('oNamaPrviUlomak_poruka','hr','Projektni tim prve verzije - Filozofski fakultet Osijek: Matej Peharda (student), Silvijo Šaur (student), Prof. dr. sc. Milica Lukić, Dr. sc. Vera Blaević Krezić, poslijedoktorandica; Fakultet elektrotehnike, računarstva i informacijskih tehnologija: Luka Mandić (mag. ing. comp.), Matija Marić (mag. ing. comp., Prof. dr. sc. Goran Martinović; Projektni tim druge verzije: Web sučelje - Dajana Stojanović (studentica), Ana Leh (studentica); Projektni tim treće verzije: Web sučelje - Sanja Čajkovac, Monika Bikadi, Dino Bečarević '),('oNamaDrugiUlomak_poruka','hr','Šlesko sveučilište u Katowicama, Institut za slavensku filologiju (voditelji i urednici: dr. hab. Leszek Małczak, dr. Paulina Pycia-Košćak, Piotr Herda; studenti prevoditelji: Aleksandra Nowicka, Piotr Herda, Kamila Targańska, Marzena Mrozik, Magdalena Zagórska, Bartosz Kluwa, Klaudia Korlacka, Wiktoria Kozłowska, Anna Wąsik) '),('oNamaTreciUlomak_poruka','hr','Fakultet elektrotehnike, računarstva i informacijskih tehonologija Sveučilišta J. J. Strossmayera u Osijeku (voditelj: prof. dr. sc. Goran Martinović, bivši studenti suradnici: Luka Mandić, Matija Marić).'),('izvoriIliteratura1_poruka','hr','Lukić, Milica; Blazević Krezić, Vera. 2014. Divanimo, dakle postojimo... Osijek : Matica hrvatska, Ogranak Osijek. '),('izvoriIliteratura2_poruka','hr','Lokmec, Juraj. 2005. Ex - voto Kvirina Desantića, patricija senjskoga u crkvi Majke Božje Goričke u Baški, Senjski zbornik, 32/1, 95-115. '),('izvoriIliteratura3_poruka','hr','Lukić, Milica. 2012. Dragutin Antun Parčić i njegov Rimski misal slavenskim jezikom (Rim, 1893.) - (u povodu 100. obljetnice Parčićeve smrti i pretiska njegova glagoljskog Misala u Crnoj Gori), Lingua Montenegrina (časopis za jezikoslovna, književna i kulturna pitanja), 10, 317-337. '),('izvoriIliteratura4_poruka','hr','Nazor, Anica. 2008. Ja slovo znajući govorim..., Knjiga o hrvatskoj glagoljici, Zagreb : Erasmus naklada. '),('izvoriIliteratura5_poruka','hr','Nazor, Anica. 1970. Moskovski odlomak glagoljskog misala XV. st., Slovo, 20, 103-109. '),('izvoriIliteratura6_poruka','hr','Nazor, Anica. 1999. Pronađeni Bašćanski ostrišci iz 12. stoljeća, Slovo, 47-48-49, 359-360. '),('izvoriIliteratura7_poruka','hr','Nazor, Anica. 1993. Tragom Parčićeva \"Misala\", u: Antun Dragutin Parčić, hrvatski jezikoslovac i glagoljaš (160. obljetnica rođenja i 90. obljetnica smrti hrvatskoga jezikoslovca), zbornik radova sa znanstvenoga skupa \"Život i djelo Dragutina Parčića\" održanoga u Zadru i Preku 18. i 19. listopada 1992, Zagreb - Zadar : Matica hrvatska, Ogranak Zadar, 103-120.'),('izvoriIliteratura8_poruka','hr','Pantelić, Marija Agnezija. 1994-1996. Drivenički odlomak glagoljskoga brevijara iz 15. st., Slovo, 44-46, 85-97. '),('izvoriIliteratura9_poruka','hr','Petrović, Ivanka. 1979. Franjo Rački - otac hrvatske Cyrillo-Methodiane, Zbornik zavoda za povijesne znanosti Istraživačkog centra JAZU, 9, 47-99.'),('izvoriIliteratura10_poruka','hr','Runje, Petar. 2006. Otočac, srednjovjekovna biskupija i kulturni centar, Senjski zbornik, 33/1, 51-62. '),('izvoriIliteratura11_poruka','hr','Šimić, Marinka. 2010. Fojnički glagoljski fragment brevijara, Slovo, 60, 687-724. '),('izvoriIliteratura12_poruka','hr','Štefanić, Vjekoslav. 1969.-1970. Glagoljski rukopisi Jugoslavenske akademije, Zagreb : JAZU.'),('izvoriIliteratura13_poruka','hr','Tandarić, Josip Leonard. 1993. Hrvatskoglagoljska liturgijska književnost - rasprave i prinosi, Zagreb : Kršćanska sadašnjost. '),('izvoriIliteratura14_poruka','hr','Vlahov, Dražen. 1994.-1995. Nekoliko glagoljskih zapisa iz Vižinade, Vjesnik Istarskog arhiva, 4/5, 153-164. '),('izvoriIliteratura15_poruka','hr','Žagar, Mateo. 2013. Uvod u glagoljsku paleografiju 1, Zagreb : Institut za hrvatski jezik i jezikoslovlje. '),('izvoriIliteratura16_poruka','hr','http://www.generalhistory.net/glagoljica/glkro.html (15.9.2015.) '),('izvoriIliteratura17_poruka','hr','http://www.generalhistory.net/etf/acta.html (15.9.2015.) '),('izvoriIliteratura18_poruka','hr','http://www.generalhistory.net/glagoljica/runjak.html (15.9.2015.) '),('izvoriIliteratura19_poruka','hr','Barbarić, Vuk-Tadija, 2014. Prema analizi prepisivačkih pogrešaka u dubrovačkim ćiriličkim prijepisima Bernardinova lekcionara, Filologija, 63, 1-15. '),('izvoriIliteratura20_poruka','hr','Berčić, Ivan, 1862. Bukvar staroslavenskog jezika, Prag: Tisk c. k. dvorne tiskarnice sinov Bogumila Haase. '),('izvoriIliteratura21_poruka','hr','Bratulić, Josip, 2014. Hrvatska ćirilica kao poslovno pismo, Filologija, 63, 17-32. '),('izvoriIliteratura22_poruka','hr','Brković, Milko, 2014. Neobjavljene poljičke ćirilične isprave, Filologija, 63, 33-71. '),('izvoriIliteratura23_poruka','hr','Damjanović, Stjepan, 2014. Novi filološki prinosi, Zagreb: Matica hrvatska.'),('izvoriIliteratura24_poruka','hr','Duvnjak, Stjepan, 2014. Bosanični rukopisi u knjižnici franjevačkog samostana u Kraljevoj Sutjesci, Filologija, 63, 85-102.'),('izvoriIliteratura25_poruka','hr','Đordić, Petar, 1987. Istorija srpske ćirilice, Beograd: Zavod za udžbenike i nastavna sredstva. '),('izvoriIliteratura26_poruka','hr','Eckhardt, Thorvi, 1978. Die Bosančica; Eine Sonderform der westlichen Kyrillica, Österreichische Osthefte, 20, 183-192. '),('izvoriIliteratura27_poruka','hr','Fučić, Branko, 1988. Supetarski ulomak, Slovo: časopis Staroslavenskoga instituta u Zagrebu, 38, 55-62. '),('izvoriIliteratura28_poruka','hr','Gabrić-Bagarić, Darija, 2014. Hrvatska bosanička baština u djelima bosanskih franjevaca, Filologija, 62, 33-59. '),('izvoriIliteratura29_poruka','hr','Glagoljična i ćirilična tabla za dicu (1561.), Zagreb: Hrvatska sveučilišna naklada, 2007. (pretisak izvornika) '),('izvoriIliteratura30_poruka','hr','Hercigonja, Eduard, 1982. Bosančica (enciklopedijska natuknica), u: Enciklopedija Jugoslavije, II. svezak, Zagreb: Leksikografski zavod Miroslav Krleža. '),('izvoriIliteratura31_poruka','hr','Hercigonja, Eduard, 2006. Tropismena i trojezična kultura hrvatskoga srednjovjekovlja, Zagreb: Matica hrvatska. '),('izvoriIliteratura32_poruka','hr','Hrvatski ćirilički molitvenik (1512.), Zagreb: NSK, HAZU, Matica hrvatska, 2013. (pretisak izvornika)'),('izvoriIliteratura33_poruka','hr','Jembrih, Alojzije, 2008. Pogovor uz pretisak ćiriličkoga Novoga teštamenta, Zagreb: Teološki fakultet \"Matija Vlačić Ilirik\". '),('izvoriIliteratura34_poruka','hr','Jurić-Kappel, Jagoda, 2014. Matija Divković kao reformator ćirilice, Filologija, 63, 117-129. '),('izvoriIliteratura35_poruka','hr','Kapetanović, Amir, 2014. Jezična uporaba u ćiriličnom dubrovačkom dominikanskom lekcionaru, Filologija, 62, 61-68. '),('izvoriIliteratura36_poruka','hr','Kosić, Ivan, 2014. Hrvatske ćirilične knjige u Zbirci rukopisa i starih knjiga Nacionalne i sveučilišne knjižnice u Zagrebu, Filologija, 62, 69-113. '),('izvoriIliteratura37_poruka','hr','Krtalić, Nikolina, 1999. Prinove bosančice u Hrvatskom državnom arhivu, Arhivski vjesnik, 41, 163-173. '),('izvoriIliteratura38_poruka','hr','Kuštović, Tanja, 2014. Jezik hrvatskog protestantskog ćiriličkog Novog Zavjeta (1563.) prema hrvatskoglagoljskoj tradiciji, Filologija, 62, 115-129. '),('izvoriIliteratura39_poruka','hr','Lovrić Jović, Ivana, 2014. Dubrovačke ćirilične oporuke iz 17. i 18. stoljeća, Filologija, 63, 131-149.'),('izvoriIliteratura40_poruka','hr','Lukić, Milica, 2010. Lingua Montenegrina - Croatica, Izabrane teme iz crnogorske i hrvatske književnojezične povijesti i sadašnjosti, Cetinje: Institut za crnogorski jezik i jezikoslovlje, Vojislav P. Nikčević. '),('izvoriIliteratura41_poruka','hr','Lukić, Milica, Blažević Krezić Vera, 2014. Tragom hrvatske ćirilične baštine u Slavoniji, Filologija, 63, 151-171. '),('izvoriIliteratura42_poruka','hr','Mošin, Vladimir, 1955. Ćirilski rukopisi Jugoslavenske akademije, I. dio, opis rukopisa, Zagreb: Jugoslavenska akademija znanosti i umjetnosti. '),('izvoriIliteratura43_poruka','hr','Mošin, Vladimir, 1964. Ćirilski rukopisi i pisma Nacionalne i sveučilišne biblioteke u Zagrebu, Radovi Staroslavenskog instituta, 5, 5, 163-233. '),('izvoriIliteratura44_poruka','hr','Mošin, Vladimir, 1952. Poljičke konstitucije iz 1620. i 1688. godine, Radovi Staroslavenskog instituta, 1, 1, 175-206. '),('izvoriIliteratura45_poruka','hr','Nakaš, Lejla, 2014. Hrvatsko-bosanska ćirilična korespondencija 16. i 17. stoljeća, Filologija, 62, 161-182. '),('izvoriIliteratura46_poruka','hr','Nazor, Anica, 1987. Ćirilica i glagoljaši, Brački zbornik, 15, 78-83.'),('izvoriIliteratura47_poruka','hr','Nazor, Anica, 2000. Prožimanje glagoljice i ćirilice na hrvatskom prostoru, u: Hrvatska i Europa. Srednji vijek i renesansa, sv. 2 (ur. Eduard Hercigonja), Zagreb: HAZU, 288-297. '),('izvoriIliteratura48_poruka','hr','Nazor, Anica, 2008. Ja slovo znajući govorim... : knjiga o hrvatskoj glagoljici, Zagreb: Erasmus naklada. '),('izvoriIliteratura49_poruka','hr','Nazor, Anica, 2014. Hrvatski ćirilički molitvenik iz 1512. godine, Filologija, 62, 17-31. '),('izvoriIliteratura50_poruka','hr','Novi teštament (1563.), Zagreb: Teološki fakultet \"Matija Vlačić Ilirik\", 2008. (pretisak izvornika) '),('izvoriIliteratura51_poruka','hr','Nikčević, Vojislav, 1996. Crnogorska književna raskršća, Cetinje: Matica crnogorska.'),('izvoriIliteratura52_poruka','hr','Raukar, Tomislav, 1973. O problemu bosančice u našoj historiografiji, Radovi Muzeja grada Zenice III, Radovi sa simpozija \"Srednjovjekovna Bosna i evropska kultura\", 103-144. '),('izvoriIliteratura53_poruka','hr','Šimić, Marinka, 2014. Jezik i grafija bosansko-humskih natpisa, Filologija, 62, 203-219. '),('izvoriIliteratura54_poruka','hr','Truhelka, Ćiro, 1889. Bosančica: Prinos bosanskoj paleografiji, Glasnik zemaljskog muzeja u Bosni i Hercegovini, IV, Sarajevo. '),('izvoriIliteratura55_poruka','hr','Vego, Marko, 1962. Ćirilski natpis u Brotnjicama u Konavlima, Prilozi povijesti umjetnosti u Dalmaciji, 13, 1, 188-192. '),('izvoriIliteratura56_poruka','hr','Vego, Marko, 1956. Humačka ploča, najstariji pisani ćirilski spomenik u BiH, Glasnik Zemaljskog muzeja u Sarajevu, 11, 41-61. '),('izvoriIliteratura57_poruka','hr','Zelić-Bučan, Benedikta, 2000. Bosančica ili hrvatska ćirilica u srednjoj Dalmaciji, Split: Državni arhiv u Splitu. '),('izvoriIliteratura58_poruka','hr','Žagar, Mateo, 2009. Hrvatska pisma u srednjem vijeku, u: Povijest hrvatskoga jezika, Srednji vijek, Knjiga 1 (ur. Ante Bičanić), Zagreb: Croatica, 107-220. '),('izvoriIliteratura59_poruka','hr','Žagar, Mateo, Paskojević, Kristian, 2014. Ćiriličke isprave dubrovačke kancelarije XV. stoljeća između minuskule i kurziva, Filologija, 62, 221-247. '),('zapocnimo_gumbPoruka','en','let\'s start\n'),('naslovAplikacije_poruka','en','Glagopedia\n'),('sadrzajIzbornik_gumbPoruka','hr','Sadržaj\n'),('oAppIzbornik_gumbPoruka','hr','O aplikaciji'),('oNamaIzbornik_gumbPoruka','hr','O nama'),('izvoriILiteraturaIzbornik_gumbPoruka','hr','Izvori i literatura'),('sadrzajIzbornik_gumbPoruka','en','Content'),('oAppIzbornik_gumbPoruka','en','About app'),('oNamaIzbornik_gumbPoruka','en','About us'),('izvoriILiteraturaIzbornik_gumbPoruka','en','Sources and literature'),('nazivGrupeEdit_poruka','hr','Naziv'),('nazivGrupeEdit_poruka','en','Name'),('spremiGrupeEditgumbPoruka','hr','spremi'),('spremiGrupeEditgumbPoruka','en','save'),('errorPorukaGrupaPrazno_poruka','hr','Naziv ne smije biti prazan!'),('errorPorukaGrupaDugacko_poruka','hr','Naziv ne smije biti duži od 50 znakova!'),('errorPorukaGrupaPrazno_poruka','en','Name is required'),('recenicaZaUnosNoveGrupe_poruka','hr','Prvo unesite ime grupe na hrvatskom jeziku te ju po uspješnom unosu možete prevesti!'),('odjavaIzbornik_gumbPoruka','hr','Odjava'),('odjavaIzbornik_gumbPoruka','en','Logout'),('mjestoZapis_poruka','hr','Mjesto\n'),('mjestoGodina_poruka','hr','Godina'),('mjestoVeličina_poruka','hr','Veličina'),('mjestoJezik_poruka','hr','Jezik'),('mjestoPismo_poruka','hr','Pismo'),('mjestoZanimljivosti_poruka','hr','Zanimljivosti'),('mjestoZapis_poruka','en','Place'),('mjestoGodina_poruka','en','Year'),('mjestoVeličina_poruka','en','Size'),('mjestoJezik_poruka','en','Language'),('emailLogin_poruka','hr','E-mail'),('lozinkaLogin_poruka','hr','Lozinka'),('emailLogin_poruka','en','E-mail'),('lozinkaLogin_poruka','en','Password'),('prijaviSeLogin_poruka','hr','Prijavi se'),('registrirajSeLogin_poruka','hr','Registriraj se'),('prijaviSeLogin_poruka','en','Log in'),('registrirajSeLogin_poruka','en','Sign up'),('imeRegister_poruka','hr','Ime'),('prezimeRegister_poruka','hr','Prezime'),('imeRegister_poruka','en','First name'),('prezimeRegister_poruka','en','Last name'),('recenicaZaUnosNoveKategorija_poruka','hr','Prvo unesite ime kategorije na hrvatskom jeziku te ju po uspješnom unosu možete prevesti!'),('uploadSlikeKategorijagumbPoruka','hr','Slika'),('uploadSlikeKategorijagumbPoruka','en','Picture'),('pismoZapisEdit_poruka','hr','Pismo'),('jezikZapisEdit_poruka','hr','Jezik'),('mjestoZapisEdit_poruka','hr','Mjesto'),('godinaZapisEdit_poruka','hr','Godina'),('velicinaZapisEdit_poruka','hr','Velicina'),('sadrzajZapisEdit_poruka','hr','Sadržaj'),('zanimljivostiZapisEdit_poruka','hr','Zanimljivosti'),('errorPorukaOstaloDugacko_poruka','hr','Predugačko'),('recenicaZaUnosNoveZapis_poruka','hr','Prvo unesite ime zapisa na hrvatskom jeziku te ju po uspješnom unosu možete prevesti!');
/*!40000 ALTER TABLE `porukeapp_jezik` ENABLE KEYS */;
UNLOCK TABLES;

--
-- Table structure for table `slika`
--

DROP TABLE IF EXISTS `slika`;
/*!40101 SET @saved_cs_client     = @@character_set_client */;
/*!40101 SET character_set_client = utf8 */;
CREATE TABLE `slika` (
  `id` int(11) NOT NULL AUTO_INCREMENT,
  `putanja` varchar(255) NOT NULL,
  PRIMARY KEY (`id`)
) ENGINE=InnoDB AUTO_INCREMENT=24 DEFAULT CHARSET=utf8;
/*!40101 SET character_set_client = @saved_cs_client */;

--
-- Dumping data for table `slika`
--

LOCK TABLES `slika` WRITE;
/*!40000 ALTER TABLE `slika` DISABLE KEYS */;
INSERT INTO `slika` VALUES (1,'11.stoljece-glagoljica.png'),(2,'12.stoljece-glagoljica.png'),(3,'13.stoljece-glagoljica.png'),(4,'14.stoljece-glagoljica.png'),(5,'15.stoljece-glagoljica.png'),(6,'16.stoljece-glagoljica.png'),(7,'17.stoljece-glagoljica.png'),(8,'18.stoljece-glagoljica.png'),(9,'19.stoljece-glagoljica.png'),(10,'20.stoljece-glagoljica.png'),(11,'11.i12.stoljece-cirilica.png'),(12,'13.stoljece-cirilica.png'),(13,'14.i15.stoljece-cirilica.png'),(14,'16.stoljece-cirilica.png'),(15,'17.stoljece-cirilica.png'),(16,'18.stoljece-cirilica.png'),(17,'19.stoljece-cirilica.png');
/*!40000 ALTER TABLE `slika` ENABLE KEYS */;
UNLOCK TABLES;

--
-- Table structure for table `zapis`
--

DROP TABLE IF EXISTS `zapis`;
/*!40101 SET @saved_cs_client     = @@character_set_client */;
/*!40101 SET character_set_client = utf8 */;
CREATE TABLE `zapis` (
  `id` int(11) NOT NULL AUTO_INCREMENT,
  `naziv` text NOT NULL,
  `kategorija` int(11) NOT NULL,
  `mjesto` varchar(100) DEFAULT NULL,
  `godina` varchar(100) DEFAULT NULL,
  `pismo` varchar(300) DEFAULT NULL,
  `jezik` varchar(300) DEFAULT NULL,
  `sadrzaj` varchar(300) DEFAULT NULL,
  `velicina` varchar(100) DEFAULT NULL,
  `zanimljivosti` text,
  `vrijeme` varchar(100) DEFAULT NULL,
  `danasnje_pocivaliste` varchar(300) DEFAULT NULL,
  PRIMARY KEY (`id`),
  KEY `kategorija` (`kategorija`),
  CONSTRAINT `zapis_ibfk_1` FOREIGN KEY (`kategorija`) REFERENCES `kategorija` (`id`)
) ENGINE=InnoDB AUTO_INCREMENT=235 DEFAULT CHARSET=utf8;
/*!40101 SET character_set_client = @saved_cs_client */;

--
-- Dumping data for table `zapis`
--

LOCK TABLES `zapis` WRITE;
/*!40000 ALTER TABLE `zapis` DISABLE KEYS */;
INSERT INTO `zapis` VALUES (1,'Pariški abecedarij',1,' ','XI. stoljeće','Obla glagoljica','Latinski jezik','Imena 31 glagoljskog slova pisana latinicom',' ','U literaturi se ponekad naziva i bugarskim, tj. Abecedarium bulgaricum, najstariji je ksenografski abecedarij što znači da ga je sastavljao stranac s namjerom upoznavanja nove publike s glagoljičkim pismom',NULL,NULL),(2,'Valunska ploča',1,'Crkva Sv. Marije u Valunu na Cresu','XI. stoljeće','Glagoljica i latinica','Hrvatskostaroslavenski i latinski jezik','Nadgrobni natpis','Kamena ploča','Dvojezični i dvopismeni nadgrobni natpis',NULL,NULL),(3,'Kločev glagoljaš',1,' ','XI. stoljeće','Obla glagoljica uz neke uglate oblike','Hrvatskostaroslavenski jezik','Pet homilija','14 listova kodeksa (najvjerojatnije sadržavao 552)','Spomenik koji ima neke uglate glagoljične oblike, sadrži originalnu Anonimnu homiliju za koju se pretpostavlja da je autor Sv. Metod',NULL,NULL),(4,'Plominski natpis',1,'Crkva Sv. Jurja u Plominu','XI. stoljeće','Obla glagoljica','Hrvatskostaroslavenski jezik','Fragmentarno uklesane 4 riječi autora: SE E PISЪLЪ S','Kameni reljef','Tekst na reljefu s uklesanim likom Silvana/Sv. Jurja',NULL,NULL),(5,'Konavoski glagoljski natpis',1,'Dunave u Konavlima','XI. stoljeće','Obla glagoljica','Hrvatskostaroslavenski jezik','Natpis čiji sadržaj govori o nastanku tog spomenika','Kamena ploča','Istočno (južno) krilo glagoljaštva, pretpostavlja se da je nastao 1060. godine, čuva se u Arheološkom muzeju u Dubrovniku',NULL,NULL),(6,'Krčki natpis',1,'Krk','XI. stoljeće','Obla glagoljica','Hrvatskostaroslavenski jezik','Natpis o gradnji crkve uz benediktinski samostan','Kamena ploča','Ploča na kojoj su zapisana imena graditelja benediktinskog samostana (maĵъ, opatъ radonê, rugota, dobroslav[ъ]))',NULL,NULL),(7,'Župski glagoljski natpis',1,'Župa Dubrovačka','XI. - XII. stoljeće','Formativna glagoljica (predstandardizacijsko razdoblje – zapadno područje hrvatskoga glagoljaštva)','Hrvatskostaroslavenski jezik','Nepoznat, neistražen','Kamena ploča','Glagoljski natpis na ulomku antičkog crijepa (teguli), pronađen kraj crkve Sv. Đurđa između mjesta Petrače i Buića u Župi Dubrovačkoj; još neistražen u potpunosti, čuva se u Arheološkom muzeju u Dubrovniku',NULL,NULL),(8,'Jurandvorski ulomci',1,'Crkva Sv. Lucije u Jurandvoru, Krk','XI. - XII. stoljeće','Formativna glagoljica (predstandardizacijsko razdoblje – zapadno područje hrvatskoga glagoljaštva)','Hrvatskostaroslavenski jezik','Nepoznati dijelovi ulomaka, spominje se kralj Zvonimir','4 ulomka ploče','Popularno se još zove i druga Bašćanska ploča',NULL,NULL),(9,'Senjska ploča',1,'Senj','XI. - XII. stoljeće','Formativna glagoljica (predstandardizacijsko razdoblje - zapadno područje hrvatskoga glagoljaštva)','Hrvatskostaroslavenski jezik','Ulomci teksta, sadrži kršćansku invokaciju','Ploča, gornji dio lijevog pluteja (oltarne pregrade)','Motivi lozice, pletera, desetak redaka teksta, pronađena prilikom konzerviranja tvrđave Nehaj 1964. godine',NULL,NULL),(10,'Grdoselski ulomak',1,'Istra','XI. - XII. stoljeće','Formativna glagoljica (predstandardizacijsko razdoblje – zapadno područje hrvatskoga glagoljaštva)','Hrvatskostaroslavenski jezik','Spominje se pop Golob iz Tinjana, kapelan grdoselskog kneza Pankracija','Ulomak kamene grede ili ploče s dijelom glagoljskoga natpisa','Prijelazni tip oble u uglatu glagoljicu, mali ulomak gdje je posveta oltara u čast dvjema sveticama',NULL,NULL),(11,'Kninski ulomak',1,'Crkva Sv. Bartola u Kapitulu kod Knina','XI. - XII. stoljeće','Formativna glagoljica (predstandardizacijsko razdoblje – zapadno područje hrvatskoga glagoljaštva)','Hrvatskostaroslavenski jezik','Ulomak luka s par glagoljičnih i ćiriličnih slova: oĉju premi','Maleni ulomak ukrašen romaničkom lozicom','Miješanje glagoljice i ćirilice',NULL,NULL),(12,'Plastovski odlomak',1,'Plastovo kod Skradina','XI. - XII. stoljeće','Formativna glagoljica (predstandardizacijsko razdoblje – rub zapadnog područja hrvatskoga glagoljaštva)','Hrvatskostaroslavenski jezik','Maleni ulomak s tekstom: P E T R A ? I J U M U U Ž U T U E G A B R A','Maleni kameni ulomak','Miješanje glagoljičnih i ćiriličnih slova',NULL,NULL),(13,'Bečki listići',1,' ','XI. - XII. stoljeće','Formativna glagoljica (predstandardizacijsko razdoblje - zapadno područje hrvatskoga glagoljaštva)','Hrvatskostaroslavenski jezik','Odlomak gregorijanskog sakramentara (misala) zapadnog obreda, sadrže tri mise u čast apostola','Dva lista pergamenta','Po sadržaju bliski Kijevskim listićima (liturgija Sv. Petra), svjedoče o češko-hrvatskim uljudbenim vezama; U literaturi se nerijetko ističe kako su Bečki listići najstariji hrvatskoglagoljski tekst liturgijske namjene; našao ih je i opisao Vatroslav Jagić 1890. godine',NULL,NULL),(14,'Prva stranica Kijevskih listića',1,' ','XI. - XII. stoljeće','Obla/formativna glagoljica (istočno područje hrvatskoga glagoljaštva)','Staroslavenski/Hrvatskostaroslavenski jezik','Poslanica Sv. Pavla apostola Rimljanima i oracije Blažene Djevice Marije (prepletanje istočne i zapadne tradicije)','Listovi neujednačene veličine','Kijevski listići drže se najstarijim spomenikom kanona starocrkvenoslavenskih spisa, nastali su na češkom području i broje ukupno 13 stranica, prva stranica pisana je kasnije na hrvatskom prostoru i zaključuje se da je taj dio sakramentara bio u uporabi na dubrovačkom području',NULL,NULL),(15,'Glagoljički natpis iz Čečavca kod Slavonske Požege',1,'Čečavac','XI. - XII. stoljeće','Formativna glagoljica','Hrvatskostaroslavenski jezik','Četiri se glagoljična slova tumače kao godina prema brojevnoj vrijednosti ČRIZ = 1129','4 glagoljična slova na komadu opeke','Potječe iz romaničke benediktinske opatije Sv. Miholvila u Rudini. Čuva se u Muzeju Požeške kotline u Požegi',NULL,NULL),(16,'Bašćanska ploča',2,'Jurandvor kod Baške na otoku Krku','1100. godina','Formativna glagoljica (predstandardizacijsko razdoblje - zapadno područje hrvatskoga glagoljaštva)','Hrvatskostaroslavenski jezik','Kralj Zvonimir daruje ledinu za gradnju crkve Sv. Lucije','Kamena ploča','Ploča je služila kao oltarna pregrada; sadrži nekoliko ćiriličnih slova; Značajni istraživači: Franjo Rački, Ivan Crnčić Vatroslav Jagić, Vjekoslav Štefanić, Branko Fučić; danas se čuva u Auli Hrvatske akademije znanosti i umjetnosti',NULL,NULL),(17,'Bašćanski ostrišci',2,'Baška','XII. stoljeće','Formativna glagoljica (predstandardizacijsko razdoblje - zapadno područje hrvatskoga glagoljaštva)','Hrvatskostaroslavenski jezik','Sadrže evanđeoske stihove, odlomak Muke po Mateju (Mt 26, 37-48)','Dvije pergamenske vrpce, dva uska pergamentna ostriška','Nazivaju se još i Premudini ostrišci prema popu glagoljašu i filologu Vinku Premudi – oporučno ih je ostavio Jugoslavenskoj akademiji znanosti i umjetnosti u Zagrebu. Vinko Premuda ostriške je pronašao u Baški, ali su se nakon njegove smrti zagubili te su ponovno pronađeni',NULL,NULL),(18,'Glagoljički ulomak iz Kijevaca kod Bosanske Gradiške',2,'Kijevci','XII. stoljeće','Formativna glagoljica',' ','Nepotpun natpis uparan u prirodni blok građevnoga kamena','Nekoliko ispisanih formativnih glagoljskih slova','Zabilježeno muško ime Raden u dativu. Kijevački natpis leži na samom rubu panonskoga prostora, a Branko Fučić dvoji treba li ga pripisati hrvatskome ili starijem moravsko-panonskome glagoljskom području',NULL,NULL),(19,'Minhenski abecedarij',2,' ','XII. stoljeće','Obla glagoljica (i ćirilica)',' ','Glagoljični i ćirilični abecedarij','1 list pergamenta','Napisan rukom na zadnju stranicu latiničnog (latinskog) kodeksa iz X. stoljeća; ksenografski alfabet; prvi ga je u slavistici objavio Vatroslav Jagić 1911. godine',NULL,NULL),(20,'Darovnica slavnog Dragoslava',2,'Dobrinj na Krku','1100. godina','Glagoljica (kurzivna u prijepisu)','Hrvatskostaroslavenski jezik','Dragoslav daruje svoje imanje crkvi Sv. Vida','Isprava/dokument/listina','Najstariji pisani spomenik o postojanju župa na Krku, spominju se po prvi put Dobrinj i Vrbnik, nije sačuvan u izvorniku',NULL,NULL),(21,'Humski grafit',2,'Crkva Sv. Jerolima (Jeronima) u Humu','XII. stoljeće','Glagoljica (najstariji tip pisma glagoljskih spomenika Istre i Kvarnera)','Hrvatskostaroslavenski jezik','Grafit popa glagoljaša, evidentirane odslužene gregorijanske mise','Glagoljični grafit na zidu oslikanom freskama','Uparan je oštricom uz 30 okomitih crta; Zabilježeno je da se za dušu pokojnog humskog kovača Martina izrekao gregorijanski niz misa, ali povrh njega i još jedna misa (je vzeta)',NULL,NULL),(22,'Grškovićev odlomak apostola',2,'Istočna Bosna, Zahumlje ili Zeta','XII. stoljeće','Formativna glagoljica (predstandardizacijsko razdoblje - istočno područje hrvatskoga glagoljaštva)','Hrvatskostaroslavenski jezik','Odlomci iz Djela apostolskih namijenjeni uporabi u crkvi','Dva pergamentna dvolista','Odlomke potkraj XIX. stoljeća pronašao vrbnički kapelan Niko Gršković, čuvaju se u Arhivu HAZU',NULL,NULL),(23,'Mihanovićev odlomak apostola',2,'Bosansko-humsko područje (ili zetsko)','XII. stoljeće','Formativna glagoljica (predstandardizacijsko razdoblje - istočno područje hrvatskoga glagoljaštva)','Hrvatskostaroslavenski jezik','Odlomak kratkog apostolara, sadrži perikope iz Poslanica Pavla apostola Korinćanima, Efežanima, Galaćanima (uzus istočne Crkve)','Pergamentni dvolist','Pronađen zalijepljen u koricama Ilovičke krmčije, nastao u doba kad je prevladavala ćirilična pismenost, čuva se u Arhivu HAZU',NULL,NULL),(24,'Supetarski ulomak',2,'Sv. Petar u Šumi','XII. stoljeće','Formativna glagoljica (predstandardizacijsko razdoblje - zapadno područje hrvatskoga glagoljaštva)','Hrvatskostaroslavenski jezik','Dio razbijene, prelomljene kamene grede, ulomak: amenъ їĕkovъm[ъ]','Mali kameni ulomak','Riječ amen pisana ćirilicom, a ime Jakov glagoljicom, čuva se u Etnografskom muzeju Istre u Pazinu',NULL,NULL),(25,'Svetokrižki odlomak',2,'Sv. Križ pokraj Trsata','XII. - XIII. stoljeće','Formativna glagoljica','4 slova - jat, S, A i E','Nepotpuni ulomak s glagoljičnim slovima','Maleni glineni ulomak','Svetokrižki ulomak je 1. prosinca 2004. godine pronašao učenik riječke Osnovne škole Gornja Vežica Antonio Torre na brdu Sveti križ iznad istočnog dijela grada za izviđanje terena u sklopu uređenja poučne staze na brdu',NULL,NULL),(26,'Kukuljevićev odlomak misala',3,'Zapadno krilo hrvatskog glagoljaštva','XIII. stoljeće','Ustavna glagoljica','Hrvatskostaroslavenski jezik','Odlomak misala (temporala) iz šeste korizmene nedjelje i početka Velikog ponedjeljka','List pergamenta','Paleografski pokazatelji govore o starini: veličina slova neujednačena, ligature rijetke; iz zbirke Ivana Kukuljevića, jedan je od najstarijih fragmenata pisan standardiziranom ustavnom glagoljicom, čuva se u HAZU',NULL,NULL),(27,'Vinodolski zakon',3,'Općina Vinodol','1288. godina','Ustavna/kurzivna glagoljica','Starohrvatski jezik','Zbornik običajnog prava vinodolskih općina','Tekst sa 77 članaka','Najstariji hrvatski glagoljični zakonski tekst i drugi po starini slavenski zakonik, poslije Ruske pravde, nije sačuvan u izvorniku, objavio ga prvi put Mažuranić 1843., čuva se u Nacionalnoj i sveučilišnoj knjižnici u Zagrebu',NULL,NULL),(28,'Ljubljanski homilijar',3,' ','XIII. stoljeće','Ustvna glagoljica (predstandardizacijsko razdoblje - zapadno područje hrvatskoga glagoljaštva)','Hrvatskostaroslavenski jezik','Dio homilijara (za prve tri korizmene nedjelje), sadrži odlomak homilije Ivana Zlatoustog na Glavosjek Ivana Krstitelja','2 lista pergamenta','Najstariji hrvatskoglagoljski homiletski tekst u Hrvatskoj',NULL,NULL),(29,'Vrbnički fragmenti brevijara',3,'Vrbnik','XIII. stoljeće','Ustavna glagoljica (predstandardizacijsko razdoblje - zapadno područje hrvatskoga glagoljaštva)','Hrvatskostaroslavenski jezik','Dio temporala (II. i III. nedjelja došašća), fragmenti A i D pripadali su istom brevijaru, a B i C drugom rukopisu','4 lista pergamenta','Izdao ih je J. Vajs, a detaljno opisao V. Štefanić, fragmente je pisao jedan pisar, a služili su kao omoti dokumentima župne crkve u Vrbniku',NULL,NULL),(30,'Ročki glagoljski abecedarij',3,'Crkva Sv. Antuna u Roču','1200. godina','Formativna glagoljica (predstandardizacijsko razdoblje - zapadno područje hrvatskoga glagoljaštva)','Hrvatskostaroslavenski jezik','Abecedarij (autohtoni)','Grafit na zidu crkve (uparan oštricom u posvetni križ)','Obuhvaća puni niz glagoljske azbuke iz formativnog razdoblja: 34 znaka; između ostalih latinsko M, dva znaka za nekadašnji poluglas (u obliku ključa, pojavljuje se i štapić), znak za prejotirani prednji nazal',NULL,NULL),(31,'Splitski fragment misala',3,'jugozapadna Bosna','XIII. stoljeće','Formativna glagoljica(predstandardizacijsko razdoblje - istočno područje hrvatskoga glagoljaštva)','Hrvatskostaroslavenski jezik (ikavskoštokavska jezična obilježja)','Misni obrasci iz sanktorala za mjesec prosinac','List pergamenta','Pronašao ga je V. Jagić, čuva se u Kaptolskom arhivu u Splitu',NULL,NULL),(32,'Legenda o Sv. Tekli',3,' ','XIII. stoljeće','Ustavna glagoljica','Hrvatskostaroslavenski jezik','Odlomak apokrifa Djela Pavla i Tekle','Dvolist pergamenta','Čuva se u Arhivu HAZU u Zagrebu',NULL,NULL),(33,'Epistola o nedjelji',3,' ','XIII. stoljeće','Ustavna glagoljica','Hrvatskostaroslavenski jezik','Krnji dvolist s odlomkom apokrifne Epistole o nedjelji','Dvolist pergamenta','Pretpostavlja se da je dio okrnjenog zbornika, nađena je na koricama Korizmenjaka Šimuna Grebla u Vrbniku, mlađa od Kukuljevićeva odlomka misala, čuva se u Arhivu HAZU',NULL,NULL),(34,'Istarski razvod',3,'Istra','1275. - 1395. godina','Kurzivna glagoljica','Tri verzije: latinski, njemački i hrvatski jezik','Pravni akt u kojemu su utvrđene međe istarskih posjeda Venecije, akvilejskoga patrijarha i pazinskih grofova','35 listova','Pruža podatke o etničkoj i društvenoj slici srednjovjekovne Istre, danas je sačuvan hrvatski prijepis Levca Križanića iz 1546. godine, čuva se u NSK u Zagrebu',NULL,NULL),(35,'Homilija na Blagovijest',3,' ','XIII. stoljeće','Ustavna glagoljica','Hrvatskostaroslavenski jezik','Sadrži dvije homilije, propovijedi na blagdan Blagovijesti','Dva lista pergamenta','Čuva se u Arhivu HAZU u Zagrebu',NULL,NULL),(36,'Zagrebački fragment brevijara',3,' ','XIII. stoljeće','Ustavna glagoljica','Hrvatskostaroslavenski jezik','Odlomci sanktorala','Dvolist oštećenog pergamenta','Čuva se u Arhivu HAZU u Zagrebu',NULL,NULL),(37,'Riječki fragment Mudrih izreka',3,'Rijeka','XIII. stoljeće','Ustavna glagoljica','Hrvatskostaroslavenski jezik','Ostatak temporala hrvatskoglagoljskog brevijara','Dio pergamentnog lista','Pronašla ga je Anica Vlašić-Anić, nalazi se u Knjižnici kapucinskog samostana Gospe Lurdske u Rijeci',NULL,NULL),(38,'Omišaljski list apostola',3,'Krk','XIII. - XIV. stoljeće','Ustavna glagoljica','Hrvatskostaroslavenski jezik','Poslanica Sv. Pavla apostola Rimljanima','List pergamenta','Jako važan spomenik za hrvatsko glagoljaštvo jer dokazuje da su u okviru hrvatskoga, zapadno orijentiranoga glagoljaštva postojali cjeloviti apostoli, što je inače svojstveno istočnoj Crkvi',NULL,NULL),(39,'Prvi vrbnički brevijar',3,'Vrbnik','XIII. - XIV. stoljeće','Ustavna glagoljica','Hrvatskostaroslavenski jezik (s mnogo arhaičnih staroslavenizama, ali i elemenata govornoga hrvatskoga jezika)','Slijedi skraćeni oficij rimske kurije, važan za proučavanje biblijskih tekstova','259 pergamentnih listova','Sadrži lokalna dijalektna obilježja vrbničkog područja, čuva se u Župnom uredu u Vrbniku',NULL,NULL),(40,'Birbinjski fragment misala',3,'Dugi otok','XIII. stoljeće','Ustavna glagoljica','Hrvatskostaroslavenski jezik','Temporal, perikope na Veliki petak','List pergamenta','Čuva se u Sanktpeterburgu, nalazi se u Berčićevoj zbirci',NULL,NULL),(41,'Krčki fragment pasionala',3,'Krk','XIII. stoljeće','Ustavna glagoljica','Hrvatskostaroslavenski jezik','Pasija četrdeset sebastenskih mučenika, odlomak Mučenja Sv. Jurja, odlomak Pseudo-Prohorovih Djela Ivanovih i odlomak neke homilije','3 lista pergamenta + 1 manji dio lista','Nalazi se u Arhivu (bivše) Staroslavenske akademije',NULL,NULL),(42,'Belski fragment misala',3,'Cres','XIII. stoljeće','Ustavna glagoljica','Hrvatskostaroslavenski jezik','Dio misala, nepotpuna misa u utorak po Uskrsu','Oštećeni komad pergamenta','Jedan od najstarijih odlomaka glagoljskih misala hrvatske redakcije',NULL,NULL),(43,'Glagoljski grafiti u Sv. Martinu u Lovčiću',3,'Lovčić kraj Slavonskog Broda','XIII. - XIV. stoljeće','Ustavna/formativna glagoljica','Hrvatskostaroslavenski jezik','Tri grafita u kojima je ispisano nekoliko slova, a u posljednjem grafitu vidljive su riječi TLINA, BRT, MRT','Tri kamena grafita','Milan Paun je pronašao i istražio grafite, smatra da slova upućuju na sveca Sv. Martina',NULL,NULL),(44,'Kirinov/Lobkovicov psaltir',4,'Lika','1359. godina','Ustavna glagoljica','Hrvatskostaroslavenski jezik','Zbirka psalama, kantici, Atanazijevo vjerovanje, Te Deum, komunal, misa u čast Sv. Trojstva, mise za mrtve, mise u čast Blažene Djevice Marije, litanije svih svetih, Apostolsko vjerovanje','160 listova pergamenta','Nazvan po posljednjim vlasnicima iz obitelji Lobkovic, u kolofonu na kraju rukopisa očuvala se bilješka o pisaru, žaknu Kirinu iz crkve Sv. Kuzme i Damjana u Senju, najstarija poznata knjiga psalama, čuva se u Narodnom muzeju u Pragu',NULL,NULL),(45,'Misal kneza Novaka',4,'Lika','1368. godina','Ustavna glagoljica','Hrvatskostaroslavenski jezik','Sadrži temporal, red mise s kanonom, zavjetne mise, sanktoral, komunal, ritualne tekstove i molitve','271 list pergamenta','Pisao ga je knez Novak Disislavić, dvorski vitez kralja Ludovika I., u tom kodeksu je hrvatska ustavna glagoljica dosegla vrhunac pismovnog razvoja, obiluje sjajno izvedenim inicijalima, poznat je po tome što su u njemu zabilježeni i prvi hrvatski čakavski osmerački stihovi, poslužio kao osnovni predložak za prvu hrvatsku tiskanu knjigu Misal po zakonu rimskoga dvora čuva se u Austrijskoj nacionalnoj knjižnici',NULL,NULL),(46,'Bula pape Grgura XI. pavlinima',4,'Avignon','1371. godina','Poluustavna/kurzivna glagoljica','Latinski jezik (prevedena na hrvatski za hrvatske samostane pavlinskoga reda u Hrvatskom primorju)','Utvrđuje pravo vlasništva pavlinskoga reda na sve posjede, kao i na prihode od dara almozine iz raznih izvora, govori se i o pravu na pokop unutar zidina samostana, o načinu izbora novoga priora, otkupu prava na desetinu i samostanske posjede od svjetovnjaka i drugo',' ','Izvorno napisana na latinskom jeziku, čuva se u NSK u Zagrebu',NULL,NULL),(47,'Sokolska listina',4,'Zapadna Bosna','1380. godina','Poluustavna glagoljica','Starohrvatski jezik',' ','List pergamenta - dokument',' ',NULL,NULL),(48,'Senjski statut',4,'Senj','1388. godina','Prijepis hrvatskoga prijevoda izvornoga latinskog teksta statuta iz 1388. godine, do suvremenih primatelja dolazi u Ručićevu latiničnom prijepisu iz 1701. godine, vjerojatna na glagoljičnom pismu','Starohrvatski jezik','130 članaka o pravima senjskih plemića (Stjepan i Ivan Frankapan i drugi)','22 lista pergamenta','Latinski original čuvao se u Arhivu grada Senja do II. svjetskog rata, poslije toga nestao',NULL,NULL),(49,'Počiteljska isprava',4,'Počitelj u Lici','1393. godina','Rana kurzivna glagoljica','Starohrvatski jezik','Isprava/dokument','1 list','Čuva se u Arhivu HAZU u Zagrebu',NULL,NULL),(50,'Reimski zbornik',4,'Reims','1395. godina','Ustavna glagoljica (i ćirilica)','Hrvatsko-staroslavenski jezik','Lekcionar za veće blagdane, namijenjen pontifikalnoj misi emauskih opata','31 pergamentni list ustavne glagoljice','Jedan opat zapisao je kako je prvi dio zbornika pisan srpskim jezikom (ćirilicom), a drugi ilirskim, odnosno hrvatskim jezikom, na njemu su kraljevi prisezali kruneći se, a taj glagoljički dio je hrvatskog podrijetla, i iz škole hrvatskih benediktinaca, ali ga je prepisao neki Čeh 1395. godine u praškom samostanu Emausu, čuva se u Gradskoj knjižnici u Reimsu',NULL,NULL),(51,'Kožljačko-mošćenički razvod',4,'Mošćenica, Istra','1395. godina','Ustavna (i kurzivna) glagoljica','Starohrvatski jezik',' ',' ','Najstariji sačuvani glagoljski tekst iz mošćeničke župe',NULL,NULL),(52,'Brevijar Vida Omišljanina',4,'Krk','1396. godina','Ustavna glagoljica','Hrvatskostaroslavenski jezik','Sadrži službe za blagdane Gospodnje i za nedjelje, opširni biblijski tekstovi','468 listova pergamenta','Teži gotovo 10 kilograma; sadrži grecizme uz latinske i bosanske utjecaje, pisao ga je Vid iz Omišlja za crkvu u Roču, čuva se u Austrijskoj nacionalnoj knjižnici',NULL,NULL),(53,'Grafiti u Brodskom Drenovcu kod Požege',4,'Brodski Drenovac','XIV. - XV. stoljeće','Formativna/ustavna glagoljica','Hrvatskostaroslavenski i starohrvatski jezik','Zabilježena slova s vanjske istočne strane i oko crkvenih vrata (DRAGO, VIOT, EČR, TORO; RAB; U DRÊNOVÊCE TO E PISA BRT RÊČIĆ i dr.)','4 grafita','Četiri grafita nalaze se na gotičkom kustodiju, na jednom su kamenu prikazana tri kralja kako se odlaze pokloniti Isusu',NULL,NULL),(54,'Vatikanski brevijar Illirico 5',4,'Lika','XIV. stoljeće','Ustavna glagoljica','Hrvatskostaroslavenski jezik','Temporal, kalendar','248 listova pergamenta','Čuva se u Apostolskoj knjižnici u Vatikanu, pisan u Tribihovićima u Lici, Turci su ga zaplijenili pa su dobri muž Okrugljane i Tribihovićane otkupili 1487. godine',NULL,NULL),(55,'Vatikanski brevijar Illirico 6',4,'Lika','XIV. stoljeće (1379.?)','Ustavna glagoljica','Hrvatskostaroslavenski jezik','Psaltir, kantici i himni, općinstvo svetih, oficij za mrtve, ritualni tekstovi, sanktoral','212 listova pergamenta','Čuva se u Apostolskoj knjižnici u Vatikanu, pisao ga je pisar Fabijan u Tribihovićima, u vrijeme kneza Anža',NULL,NULL),(56,'Pašmanski brevijar',4,'Pašman','XIV. - XV. stoljeće','Ustavna glagoljica','Hrvatskostaroslavenski jezik','Temporal, sanktoral, psaltir s kanticima, i himnima, kalendar, komunal','414 listova pergamenta','Jedan od rijetkih potpuno očuvanih glagoljskih kodeksa, čuva se u Arhivu HAZU u Zagrebu',NULL,NULL),(57,'Fragment govora o svetkovanju nedjelje',4,' ','XIV. stoljeće','Poluustavna glagoljica','Hrvatskostaroslavenski jezik','Odlomak govora o svetkovanju nedjelje, potvrde iz oba zavjeta, kritika svećenstva','Dvolist pergamenta','Govor je preveo Hrvat u emauskom periodu s češkog jezika (zbog toga sadrži riječi češkog jezika)',NULL,NULL),(58,'Pazinski fragmenti',4,'Pazin','XIV. stoljeće','Ustavna glagoljica','Hrvatskostaroslavenski jezik','Odlomak Legende o Sv. Eustahiju, odlomak apokrifa o križnom drvetu, odlomci apokrifa Uspenje Bogorodice, odlomci apokrifnog Nikodemova evanđelja','17 pergamentnih fragmenata','11 fragmenata pronašao je Ivan Kukuljević Sakcinski u XIV. stoljeću, a ostalih 6 pronađeno je 2005. godine u Pazinu',NULL,NULL),(59,'Ivančićev zbornik',4,' ','XIV. - XV. stoljeće','Ustavna glagoljica','Hrvatsko-staroslavenski jezik (mješavina hrvatskočakavskih i staroslavenskih elemenata)','Sadrži Marijina čudesa, Pitanja i odgovore, Riči od nauka svetih otaca i Blagoslov stola','181 list pergamenta','Služio za izobrazbu glagoljaškog svećeničkog podmlatka, naziv dobio po Stjepanu Ivančiću koji ga je prvi otkrio, čuva se u Samostanu franjevaca trećoredaca na Ksaveru u Zagrebu',NULL,NULL),(60,'Čajnički evanđelistar',4,'Čajniče, jugoistočna Bosna','XIV. - XV. stoljeće','Glagoljica u ćiriličnom kodeksu – primjer retardirane/degenerirane glagoljice kakva se u Bosni rabila u XIII. stoljeću','Bosanska redakcija staroslavenskoga jezika','Evanđelistar','Sačuvano 167 listova pergamenta','Osim evanđelistara, sadrži i nepotpunu i deformiranu glagoljičku azbuku; pripadao obitelji Rađenović, nalazi se u Muzeju Crkve Uspenja Bogorodice i Crkve Vaznesenja Hristovog u Čajniču',NULL,NULL),(61,'Hrvatski glagoljički fragment iz Beineckea',4,'Beinecke, SAD','XIV. - XV. stoljeće','Ustavna glagoljica','Hrvatskostaroslavenski jezik','Dvolist misalskog fragmenta; čitanja za Bdijenje Svih svetih (Otkrivenje 5.6-12)','Dvolist pergamenta (fragment)',' ',NULL,NULL),(62,'Kopenhagenski misal',4,'Roč u Istri ili Krk','XIV. stoljeće','Ustavna glagoljica','Hrvatskostaroslavenski jezik','Misal i abecedarij (temporal - nepotpun, kanon mise - nepotpun, kalendar, komunal, zavjetne mise, mise za mrtve, sanktoral)','263 folije','Rukopis se 1499. nalazio u Roču u Istri, imao je više predložaka i pisara i zbog toga je nepoznata lokacija, u XIX. stoljeću završio je u Austrijskoj nacionalnoj knjižnici u Beču, danas se čuva u Danskoj kraljevskoj knjižnici u Kopenhagenu',NULL,NULL),(63,'Pariška pjesmarica (Psaltir pariškog kodeksa)',4,'Sjeverna Hrvatska, Istra ili Primorje','XIV. stoljeće (1380.)','Ustavna glagoljica','Hrvatsko-staroslavenski jezik','Kalendar, brevijar (psaltir, komunal), misal, ritualni tekstovi, zbirka duhovnih pjesama (pjesmarica koju čini 9 duhovnih pjesama)','200 listova pergamenta','Pjesme prvi put objavio Josef Vajs 1905., čuva se u Nacionalnoj knjižnici u Parizu',NULL,NULL),(64,'Akademijin brevijar',4,'Istra','XIV. stoljeće (1384.?)','Ustavna glagoljica','Hrvatskostaroslavenski jezik','Psaltir, kantici, himni, komunal, mise za mrtve, Marijin oficij i kalendar','70 listova pergamenta','Čuva se u Arhivu HAZU u Zagrebu',NULL,NULL),(65,'Krčki/Vrbnički/Vrbanski statut',4,'Krk','XIV. stoljeće (1388.)','Ustavna/kurzivna glagoljica i latinički kurziv','Starohrvatski jezik','Službeni dokument kojim su regulirana pravna pitanja u vrbničkoj općini','4 sveska s različitim brojem stranica','Statut privukao pozornost pravnika, povjesničara i filologa, izdan više puta u Hrvatskoj, a restauriran 1949. godine, po starosti drugi statut u Hrvatskoj, odmah iza Vinodolskog zakona čuva se u NSK u Zagrebu',NULL,NULL),(66,'Regula Sv. Benedikta',4,'Čokovac kod Tkona na otoku Pašmanu','XIV. stoljeće','Poluustavna glagoljica','Hrvatsko-staroslavenski jezik (s mnoštvom čakavizama)','Pravila benediktinskog reda','60 pergamentnih listova','Rukopis je prvi izdao Armin Pavić 1875. godine u Starinama, prepisana s mnogo starijeg predloška u benediktinskoj opatiji Sv. Kuzme i Damjana, čuva se u HAZU',NULL,NULL),(67,'Vatikanski misal Illirico 4',4,'Omišalj','XIV. stoljeće','Ustavna glagoljica','Hrvatskostaroslavenski jezik','Temporal, kalendar, red mise, kanon mise, sanktoral, komunal, zavjetne mise, mise za mrtve, ritualni tekstovi','278 listova pergamenta','Najstariji cjeloviti sačuvani hrvatskoglagoljski misal, čuva se u Vatikanskoj knjižnici',NULL,NULL),(68,'Odlomak hrvatskoglagoljičkog misala u Krakovu',4,'Krakov','XIV. stoljeće','Ustavna glagoljica','Hrvatskostaroslavenski jezik','Dijelovi misa na Obraćenje Sv. Pavla i na blagdan Sv. Petra i Pavla i dio mise za mrtve','3 lista pergamenta','Hrvatski glagoljaši djelovali u samostanu Kleparz u Krakovu, u požaru 1584. oštećen samostan, sačuvano vrlo malo glagoljičnih rukopisa, čuva se u Jagelonskoj knjižnici u Krakovu',NULL,NULL),(69,'Fragment iz Novoga Mesta',4,'Novo Mesto','XIV. stoljeće','Ustavna glagoljica','Hrvatskostaroslavenski jezik','Odlomak legende o Sv. Eustahiju','Dio lista pergamenta','Odlomak je skinut s korica Rojstne matične knjige, uz Pazinske fragmente drugi hrvatskoglagoljski fragment legende o Sv. Eustahiju',NULL,NULL),(70,'Fojnički glagoljski fragment brevijara',4,' ','XIV. stoljeće','Ustavna glagoljica','Hrvatskostaroslavenski jezik','Dio Knjige Izlaska i Slovo Sv. Ivana Zlatoustoga','Oštećeni list pergamenta','Pronašao ga je Josip Hamm 1950. godine u Muzeju Franjevačkog samostana u Fojnici, danas je izgubljen',NULL,NULL),(71,'Drugi vrbnički brevijar',4,'Vrbnik','XIV. stoljeće','Ustavna glagoljica','Hrvatskostaroslavenski jezik','Nepotpuni temporal','295 listova pergamenta','Tekst su pisale tri ili četiri ruke',NULL,NULL),(72,'Četvrti vrbnički brevijar',4,'Vrbnik','XIV. stoljeće','Ustavna glagoljica','Hrvatskostaroslavenski jezik','Sanktoral i komunal','112 listova pergamenta','Nedostaje oko 150 listova, čuva se u Vrbniku od 1605. godine',NULL,NULL),(73,'Padovanski brevijar',4,' ','XIV. stoljeće','Ustavna glagoljica','Hrvatskostaroslavenski jezik','Temporal','308 listova pergamenta','Pisalo ga je najmanje pet pisara, nalazi se u Padovi',NULL,NULL),(74,'Medicejski brevijar',4,' ','XIV. stoljeće','Ustavna glagoljica','Hrvatskostaroslavenski jezik','Psaltir s kanticima, laude i kantici, komunal, temporal, mise za mrtve, Dies irae','124 lista pergamenta','Nalazi se u Firenci',NULL,NULL),(75,'Oxfordski brevijar-misal',4,' ','XIV. stoljeće','Ustavna glagoljica','Hrvatskostaroslavenski jezik','Brevijar, misal i ritual','410 listova pergamenta','Ispisan neuobičajeno sitnim glagoljskim slovima, do nedavno datiran u 1310. godinu, ali su istraživači u novije vrijeme skeptični pa je datiran okvirno',NULL,NULL),(76,'Glagoljički abecedarij Jurja Slovinca',5,'Tours, Francuska','1400. godina','Ustavna glagoljica','Hrvatskostaroslavenski jezik (naglašeno ikaviziran)','Abecedarij i osnovne kršćanske molitve glagoljičkim pismom','Mala knjižica/glagoljaška početnica','Juraj Slovinac (Georgius de Sclavonia) bio je profesor na pariškom sveučilištu Sorbonne, po sjećanju napisao abecedarij i molitve kako bi kolegama pokazao da postoji izvorno hrvatsko pismo',NULL,NULL),(77,'Berlinski misal',5,'Lika','1402. godina','Ustavna glagoljica','Hrvatskostaroslavenski jezik','Temporal, red mise, zavjetne mise, kalendar, sanktoral, komunal i ritualni tekstovi','218 pergamentnih listova','Najstariji očuvani rukopis Bartola Krbavca, listovi oslikani minijaturama, čuva se u Državnoj knjižnici u Berlinu',NULL,NULL),(78,'Glagoljska isprava iz Ostrožca kod Bihaća',5,'Ostrožac kod Bihaća','1403. godina','Poluustavna glagoljica','Starohrvatski jezik',' ','Pergament s pečatom na vrpci od ljubičaste svile','Čuva se u arhivu knezova Auersperg u Ljubljani',NULL,NULL),(79,'Hrvojev misal',5,'Zadarsko područje','1404. godina','Ustavna glagoljica','Hrvatskostaroslavenski jezik (s mnogo kroatizama)','Temporal, red mise, kalendar, sanktoral, komunal, zavjetne mise i ritualni tekstovi','247 pergamentnih listova','Napisao ga je pisar Butko za Hrvoja Vukčića Hrvatinića, sadrži puno iluminacija od urešenih i oslikanih inicijala, nakon osmanskog osvojenja Bosne, nalazio se u Budimu, a potom je dospio u Istanbul gdje se danas čuva u Topkapi Sarayi',NULL,NULL),(80,'Dragućki brevijar',5,'Krbavsko-zadarski krug','1407. godina','Ustavna glagoljica','Hrvatskostaroslavenski jezik','Temporal, rubrika, himni, kalendar, dodani oficiji','196 pergamentnih listova','Pisalo ga je više ruku, mjesto pisanja se smješta u krbavsko područje zbog brojnih ikavizama, a kasnije je tek donesen u Istru u Draguć, iluminiran, sadrži ilustracije uskrsnuća, proroka i orla',NULL,NULL),(81,'Bakarski brevijar',5,'Bakar','1414. godina','Ustavna glagoljica','Hrvatskostaroslavenski jezik','Sadrži crkvenu kroniku Bakra',' ','Pisao ga je Bartol Krbavac, izgubljen je',NULL,NULL),(82,'Češka glagoljska Biblija',5,' ','1416. godina','Ustavna glagoljica','Hrvatskostaroslavenski jezik (i češki)','Sadrži dijelove najstarijeg češkog prijevoda Biblije','258 pergamentnih folija','Autori su češki učenici hrvatskih glagoljaša što u knjizi izrijekom navode',NULL,NULL),(83,'Ročki misal',5,'Roč, Istra','Oko 1420. godine','Ustavna glagoljica','Hrvatskostaroslavenski jezik','Temporal, kalendar, red mise, kanon mise, sanktoral, komunal, zavjetne mise, mise za mrtve, ritualni tekstovi','232 lista pergamenta','Autor je Bartol Krbavac, 13 listova napisao je neki drugi pisac, misal je bogat iluminacijama, u Roču se rabio do 1593. godine, a danas se čuva u Austrijskoj nacionalnoj knjižnici u Beču',NULL,NULL),(84,'Barbanski misal',5,'Barban, Istra','1425. godina','Ustavna glagoljica','Hrvatskostaroslavenski jezik',' ','1 list (ostali izgubljeni)','Autor je Urban, barbanski župnik',NULL,NULL),(85,'Zakon brašćine sv. Marije Goričke u Baški',5,'Baška','1425. godina','Ustavna glagoljica','Starohrvatski jezik (krčka čakavica s jakim utjecajem staroslavenskoga jezika)','Pravila reda','Sedam listova od kojih su dva izgubljena','Najstariji sačuvani statut jedne bratovštine napisan glagoljicom',NULL,NULL),(86,'Listina iz Like',5,'Lika','1433. godina','Kurzivna glagoljica','Starohrvatski jezik','Matijica Utišenić ostavlja zemlju crkvi Sv. Ivana na Gori','List pergamenta - isprava','Ima 6 visećih pečata, čuva se u Knjižnici franjevačke provincije Sv. Križa',NULL,NULL),(87,'Misal Borgiano Illirico 8',5,' ','1435. godina','Ustavna glagoljica','Hrvatskostaroslavenski jezik','Temporal, red mise, zavjetne mise i mise za mrtve, ritualni tekstovi, rubrike, kalendar, komunal, sanktoral...','288 pergamentnih listova','U tekstu se na početku i na kraju nalazi glagoljska azbuka, a također se nalazi i ćirilična azbuka, čuva se u Apostolskoj knjižnici u Vatikanu',NULL,NULL),(88,'Humski brevijar',5,'>Hum, Istra','1442. godina','Ustavna glagoljica','Hrvatskostaroslavenski jezik','Sanktoral','183 lista pergamenta','U tekstu se nalazi i kratka bilješka ćirilicom na margini (s(ve)ta katarina), čuva se u Nacionalnoj i sveučilišnoj knjižnici u Zagrebu',NULL,NULL),(89,'Hrvatskoglagoljski brevijar MR 161',5,' ','1442. godina','Ustavna glagoljica','Hrvatskostaroslavenski jezik','Temporal, sanktoral, kalendar, rubrike i himni','469 listova pergamenta','Koristio se u Bakru sve do 18. stoljeća, ukrašen inicijalima i minijaturama, čuva se u Metropolitanskoj knjižnici u Zagrebu',NULL,NULL),(90,'Moskovski brevijar',5,' ','1442./1443. godina','Ustavna glagoljica','Hrvatskostaroslavenski jezik','Knjiga o Jobu i drugi biblijski tekstovi','Dva sveska: prvi 245 listova, drugi 250 listova','Neki jezični čimbenici upućuju na to da je rukopis nastao u Lici, 1864. godine pronašao ga je Vatroslav Jagić u Rusiji, čuva se u Državnoj knjižnici u Moskvi',NULL,NULL),(91,'Oporuka Tome Partinića',5,' ','1445. godina','Poluustavna glagoljica','Starohrvatski jezik','Oporuka',' ','Oporuka je sačuvana samo u kasnijem prijepisu',NULL,NULL),(92,'Zrcalo žakna Luke iz Vrbnika',5,'Vrbnik','1445. godina','Ustavna glagoljica','Starohrvatski jezik','Duhovno štivo pisano narodnim jezikom',' ','Nalazi se u Vatikanskoj knjižnici',NULL,NULL),(93,'Povelja Dujma IV. Frankapana',5,'Senj','1447. godina','Kurzivna glagoljica','Starohrvatski jezik','Knez Dujam daruje sjenokošu samostanu sv. Jelene blizu Senja','1 list - isprava',' ',NULL,NULL),(94,'Prvi vrbnički misal',5,'Vrbnik','1456. godina','Ustavna glagoljica','Hrvatskostaroslavenski jezik','Temporal, red mise s kanonom, zavjetne mise, sanktoral, komunal, kalendar i ritualni tekstovi','256 pergamentnih listova','Pisao ga je senjski arhiđakon i vikar pop Tomas, vjerojatno su ga iluminirale dvije ili tri osobe, čuva se u Župnom uredu u Vrbniku',NULL,NULL),(95,'Prvi novljanski brevijar',5,'Novi Vinodolski','1459. godina','Ustavna glagoljica','Hrvatskostaroslavenski jezik','Temporal, rubrike, kalendar, psaltir, kantici, komunal, sanktoral, Legenda o Vaclavu','466 pergamentnih listova','Legenda o Vaclavu pisana je slično kao i legenda o pogibiji kralja Zvonimira, na marginama ima puno zanimljivih povijesnih zapisa iz kasnijih vremena, čuva se u Župnom uredu u Novom Vinodolskom',NULL,NULL),(96,'Mavrov brevijar',5,'Krk','1460. godina','Ustavna glagoljica','Hrvatskostaroslavenski jezik','Sadrži treću inačicu službe Sv. Ćirila i Metoda koja je do tada bila nepoznata, temporal, sanktoral, psaltir s himnima i kanticima, komunal, kalendar','417 listova','Brevijar je pisao Blaž Baromić, dovršio pop Jure iz Baške, čuva se u Nacionalnoj i sveučilišnoj knjižnici u Zagrebu',NULL,NULL),(97,'Knjiga korizmenih propovijedi',5,' ','1460. godina','Ustavna glagoljica','Hrvatskostaroslavenski jezik','Propovijedi za korizmeno vrijeme',' ','Čuva se u Javnoj knjižnici u Portu, jedno je vrijeme bila u vlasništvu Alberta Fortisa iz Italije',NULL,NULL),(98,'Glagoljski list iz II. vrbničkog misala',5,' ','1462. godina','Ustavna glagoljica','Hrvatskostaroslavenski jezik',' ','1 list','Čuva se u Sveučilišnoj knjižnici u Princetonu',NULL,NULL),(99,'Drugi vrbnički misal',5,'Vrbnik','1462. godina','Ustavna glagoljica','Hrvatskostaroslavenski jezik','Temporal, sanktoral, komunal, zavjetne mise, mise za mrtve, red mise s kanonom, ritualni tekstovi','286 pergamentnih listova','Iluminiran u Italiji (Ferrara), iluminator nije znao hrvatski jezik, jedan list se danas čuva u Sveučilišnoj knjižnici u Princetonu',NULL,NULL),(100,'Fraščićev psaltir',5,'Istra','1463. godina','Poluustavna glagoljica','Hrvatsko-staroslavenski jezik','Psaltir i kantici s komentarom','132 lista','Napisao ga je u Lindaru pop Petar Fraščić, jedini očuvani glagoljski psaltir s komentarom bizantskoga tipa',NULL,NULL),(101,'Vatikanski brevijar Vat. Slav. 19',5,' ','1465. godina','Ustavna glagoljica','Hrvatskostaroslavenski jezik','Temporal, psaltir, kantici, himni, komunal, sanktoral i kalendar','384 pergamentna lista + 3 lista papira','Nalazi se u Rimu',NULL,NULL),(102,'Petrisov zbornik',5,'Istra ili Ozalj','1468. godina','Poluustavna/kurzivna glagoljica','Hrvatsko-staroslavenski jezik (mješavina čakavskih, kajkavskih i staroslavenskih jezičnih jedinica)','Tekstovi iz apokrifne književnosti i srednjovjekovnih romana, crkvene pjesme i govori, moralno-poučni tekstovi, enciklopedijski tekstovi (Lucidar)','350 pergamentnih listova','Nazvan je po krčkom kanoniku Josipu Antunu Petrisu u čijoj je ostavštini pronađen, čuva se u NSK u Zagrebu',NULL,NULL),(103,'Lička listina',5,'Lika','1469. godina','Poluustavna glagoljica','Starohrvatski jezik','Sud potvrđuje oporuku ličkog plemića Matijice Utišenića kojom ostavlja zemlju crkvi Sv. Ivana','List pergamenta - isprava','Listinu iz 1433. potvrđuje ova listina',NULL,NULL),(104,'Bribirski brevijar',5,'Bribir','1470. godina','Ustavna glagoljica','Hrvatskostaroslavenski jezik','Temporal, psaltir s kanticima, komunal, mise za mrtve, kalendar i sanktoral','199 pergamentnih listova','Pronašao ga je Ivan Kukuljević, nalazi se u HAZU u Zagrebu',NULL,NULL),(105,'Zapis Jurja iz Roča u Novakovu misalu',5,' ','1482. godina','Kurzivna glagoljica','Starohrvatski jezik','Dio Novakova misala iz 1368. godine, najava tiska','Marginalni zapis','Vita! Vita! Štampa naša gori gre. Tako ja oću da naša gori gre. 1482. meseca ijuna 26. dni to bje pisano v grade Izulje. To pisa Juri žakan iz Roča. Bog mu pomagaj i vsem ki mu dobro ote.',NULL,NULL),(106,'Misal po zakonu rimskoga dvora',5,' ','1483. godina','Ustavna glagoljica','Hrvatskostaroslavenski jezik','Temporal, red mise, zavjetne mise, sanktoral, komunal i ritualni tekstovi','219 listova','Najstarija hrvatska tiskana knjiga, prvi katolički misal u Europi koji nije otisnut latinicom i latinskim jezikom, čuva se u NSK u Zagrebu',NULL,NULL),(107,'Vinodolski/Kukuljevićev brevijar',5,' ','1485. godina','Ustavna glagoljica','Hrvatskostaroslavenski jezik','Temporal, sanktoral, kalendar i komunal','165 listova pergamenta','Prilično oštećen brevijar, fali preko 150 listova, prema izraženim ikavizmima može se pretpostaviti da tekst pripada zadarskom/krbavskom području, čuva se u Hrvatskoj akademiji znanosti i umjetnosti',NULL,NULL),(108,'Misal Borgiano illirico 10',5,'Lika','1485. godina','Ustavna glagoljica','Hrvatskostaroslavenski jezik','Temporal, psaltir, komunal i sanktoral','407 listova pergamenta + 2 lista papira','Čuva se u Apostolskoj knjižnici u Vatikanu',NULL,NULL),(109,'Dabarski brevijar',5,'Dabar kod Otočca','1486. godina','Ustavna/poluustavna glagoljica','Hrvatskostaroslavenski jezik','Temporal, psaltir, komunal i sanktoral','306 listova pergamenta','Napisao ga je pop Stipan iz ličkog mjesta Dabra kod Otočca',NULL,NULL),(110,'Kolunićev zbornik',5,'Kneževa Vasa kod Otočca','1486. godina','Poluustavna glagoljica','Hrvatsko-staroslavenski jezik (čakavski s elementima kajkavskog)','Zbirka korizmenih propovijedi, traktat o sedam smrtnih grijeha','197 listova (prva 42 lista izgubljena)','Nazvan po žaknu Brozu Koluniću koji ga je prepisao',NULL,NULL),(111,'Brevijar po zakonu rimskoga dvora',5,'Kosinj','1491. godina','Ustavna glagoljica','Hrvatskostaroslavenski jezik','Kalendar, temporal, psaltir, kantici, sanktoral i komunal','380 listova','1991. otisnut pretisak brevijara povodom 500. godišnjice, najstariji glagoljični tiskani časoslov, glagoljska inkunabula, čuva se u Nacionalnoj knjižnici u Veneciji',NULL,NULL),(112,'Tlmačenie od muki Gospoda našego Isuhrsta',5,' ','1493. godina','Kurzivna glagoljica','Hrvatsko-staroslavenski jezik',' ',' ','Autor je Šimun Greblo koji je u to doba bio žakan oko lit',NULL,NULL),(113,'Baromićev brevijar',5,'Venecija','1493. godina','Ustavna glagoljica','Hrvatskostaroslavenski jezik','Kalendar, psaltir, kantici, himni, temporal, sanktoral, komunal, kanon mise, red mise, ritual','544 lista','Sačuvano samo 5 primjeraka te inkunabule, jedini se potpuni primjer nalazi u Sibiu u Rumunjskoj, tiskao ga je Blaž Baromić, senjski kanonik koji je osnovao glagoljsku tiskaru, čuva se u NSK u Zagrebu',NULL,NULL),(114,'Senjski misal',5,'Senj','1494. godina','Ustavna glagoljica','Hrvatskostaroslavenski jezik','Kalendar, temporal, red mise s kanonom i mise za mrtve','216 listova','Prva knjiga otisnuta u senjskoj glagoljskoj tiskari (1494. - 1508.)',NULL,NULL),(115,'Drugi novljanski brevijar',5,'Grobnik','1495. godina','Ustavna glagoljica','Hrvatskostaroslavenski jezik','Plenarni brevijar Rimske kurije: temporal, kalendar, psaltir, kantici i himni, mise za mrtve, komunal, sanktoral, mise u čast Blažene Djevice Marije','500 listova pergamenta','Napisao ga pop Martinac u Grobniku, dramatski pisano štivo, govori o turskoj opasnosti',NULL,NULL),(116,'Zapis popa Martinca o bitki na Krbavskome polju 1493.',5,' ','1495. godina','Ustavna glagoljica','Hrvatsko-staroslavenski jezik','Opis i komentar bitke na Krbavskome polju iz 1493. godine',' ','Zapis se nalazi u Drugom novljanskom brevijaru iz 1495. godine',NULL,NULL),(117,'Isprava kneza Anža Frankapana',5,'Brinje','1495. godina','Kurzivna glagoljica','Starohrvatski jezik','Knez daruje samostanu Sv. Spasa selo','1 list - isprava',' ',NULL,NULL),(118,'Spovid općena',5,'Senj','1496. godina','Ustavna glagoljica','Hrvatsko-staroslavenski/starohrvatski jezik (čakavština ikavsko-ekavskog odraza jata uz obilje talijanizama)','Upute redovnicima kako ispovijedati grješnike i kako ih uputiti da se dobro ispovjede','40 listova','Najmanja među knjigama koje je tiskao Blaž Baromić, sačuvan samo jedan primjerak, čuva se u Samostanu franjevaca trećoredaca na Ksaveru u Zagrebu',NULL,NULL),(119,'Klimantovićev zbornik',5,'Krk i sjeverna Dalmacija','1492. - 1512. godine','Poluustavna glagoljica','Hrvatsko-staroslavenski jezik','Povijesni, pravni, moralno-poučni i ritualni tekstovi','235 pergamentnih listova','Čuva se u Samostanu franjevaca trećoredaca na Ksaveru u Zagrebu',NULL,NULL),(120,'Hrvatskoglagoljska legenda o Sv. Mauru',5,'Istra','XV. stoljeće','Ustavna glagoljica','Hrvatskostaroslavenski jezik','Životopis Sv. Maura/Mavra',' ','Sveti Mauro prvi je poznati biskup Porečke biskupije, za Dioklecijanova progona je mučen i ubijen, legenda se nalazi u glagoljičkoj Berčićevoj zbirci br.5 iz XV. stoljeća',NULL,NULL),(121,'Newyorški misal',5,'Zadar','XV. stoljeće','Ustavna glagoljica','Hrvatskostaroslavenski jezik','Temporal, red i kanon mise, različite molitve, zavjetne mise, mise u čast Blažene Djevice Marije, mise za mrtve, sanktoral, komunal, ritualni tekstovi','293 lista pergamenta','Smatra se da je misal pisan u okolici Zadra ili na ličko-krbavskom području te da su ga pisale dvije skupine pisara, a danas se čuva u The Pierpont Morgan knjižnici u New Yorku',NULL,NULL),(122,'List pergamene s otoka Krka',5,'Krk','XV. stoljeće','Ustavna glagoljica','Starohrvatski jezik','Dio pravila jedne svjetovne bratovštine s otoka Krka','List pergamenta','Čuva se u Nacionalnoj knjižnici u Oslu',NULL,NULL),(123,'Moskovski fragment glagoljskog misala',5,' ','XV. stoljeće','Ustavna glagoljica','Hrvatskostaroslavenski jezik','Sadrži Kanon mise s nekoliko prefacija i votivne mise','17 listova pergamenta','Čuva se u Državnom povijesnom muzeju u Moskvi, pretpostavlja se da je pisac fra Juraj',NULL,NULL),(124,'Kaptolska Kvaderna',5,'Senj','XV. stoljeće','Poluustavna/kurzivna glagoljica','Starohrvatski jezik','Pravni spisi',' ','Sačuvana je Kvaderna pisana u XVI. i XVII. stoljeću, u Kvaderni piše imovinsko stanje senjskog kaptola',NULL,NULL),(125,'Baselski odlomak brevijara',5,' ','XV. stoljeće','Ustavna glagoljica','Hrvatskostaroslavenski jezik',' ','Odlomak glagoljskog rukopisa','Čuva se u Sveučilišnoj knjižnici u Baselu',NULL,NULL),(126,'Berčićev zbornik br. 5',5,' ','XV. stoljeće','Kurzivna glagoljica','Hrvatskostaroslavenski jezik (čakavsko narječje)','Sadrži ispisane prozne tekstove među kojima je i 6 starohrvatskih religioznih pjesama',' ','Čuva se u Ruskoj nacionalnoj knjižnici u Petrogradu',NULL,NULL),(127,'Prvi ljubljanski (beramski) misal',5,' ','XV. stoljeće','Ustavna glagoljica','Hrvatskostaroslavenski jezik','Temporal, kalendar, kanon mise, red mise, sanktoral, komunal, zavjetne mise, mise za mrtve i ritualni tekstovi','245 listova pergamenta','Čuva se u Nacionalnoj i sveučilišnoj knjižnici u Ljubljani, prepisao ga je Bartol Krbavac',NULL,NULL),(128,'Pulski odlomak glagoljskog misala',5,'Pula','XV. stoljeće','Ustavna glagoljica','Hrvatskostaroslavenski jezik','Cijela misa subote poslije 4. korizmene nedjelje s biblijskim čitanjima i ostalim propisanim molitvama i otpjevima, kao i početak mise Nedjelje Muke','List iz glagoljskog misala','Odlomak je služio kao omot nepoznatoj knjizi',NULL,NULL),(129,'Drivenički odlomak glagoljskog brevijara',5,' ','XV. stoljeće','Ustavna glagoljica','Hrvatskostaroslavenski jezik','Sadržio dio govora Sv. Augustina biskupa koji se čitao na zajedničkom oficiju','Dvolist glagoljskog brevijara','Poslužila je kao čvrst hrbat kod uveza druge knjige',NULL,NULL),(130,'Odlomak Tomina evanđelja',5,' ','XV. stoljeće','Poluustavna glagoljica','Hrvatskostaroslavenski jezik','Odlomak Tomina evanđelja, apokrif o djetinjstvu Isusa','List papira','Jedina potvrda da je u hrvatskoglagoljskoj književnosti postojao apokrif o Isusovu djetinjstvu koji se pripisivao apostolu Tomi',NULL,NULL),(131,'Korizmenjak (Knige svetago Brnardina)',5,' ','XV. - XVI. stoljeće','Poluustavna/ustavna i kurzivna glagoljica','Hrvatskostaroslavenski jezik (čakavski elementi)','Isti sadržaj kao i tekst koji se nalazi u Kolunićevu zborniku, a odnosi se na Korizmenjak','130 listova papira','Ne zna se gdje je knjiga napisana, ali se zbog jezičnih obilježja smješta u čakavske krajeve',NULL,NULL),(132,'Antoninov konfesional',5,' ','XV. stoljeće','Poluustavna/ustavna glagoljica','Hrvatskostaroslavenski jezik (čakavski i kajkavski elementi)','Priručnik o ispovijedanju napravljen po Antoninovu konfesionalu Summula confessionis','67 listova pergamenta','Nepoznato mjesto nastanka, s obzirom na karakteristike jezika i pisma smješta ga se u zapadne čakavske krajeve',NULL,NULL),(133,'Magijski recepti i zapisi',5,'Vinodol','XV. stoljeće','Ustavna i kurzivna glagoljice','Hrvatsko-staroslavenski jezik','Raznovrsni magijski recepti, upute i molitve','Svezak od 10 listova pergamene','Vlasnici knjižice su Benkovići koji su u to doba iz Grižana - uglavnom svećenici',NULL,NULL),(134,'Ljubljanski misal-brevijar',5,' ','XV. stoljeće','Ustavna glagoljica','Hrvatskostaroslavenski jezik','Psaltir, komunal, kalendar, red mise s kanonom, zavjetne mise','177 pergamentnih listova','Ukrašen višebojnim inicijalima, ornamentima i minijaturama, čuva se u Narodnoj i sveučilišnoj knjižnici u Ljubljani',NULL,NULL),(135,'Drugi ljubljanski brevijar',5,' ','XV. stoljeće','Ustavna glagoljica','Hrvatskostaroslavenski jezik','Prvi dio - temporal, drugi dio - sanktoral','Prvi dio - 264 lista pergamene, drugi dio - 176 listova pergamene','Brevijar se rabio u Istri, odnosno u Bermu, ukrašen višebojnim inicijalima, ornamentima i minijaturama',NULL,NULL),(136,'Bribirski misal',5,'Bribir','XV. stoljeće','Ustavna glagoljica','Hrvatskostaroslavenski jezik','Temporal, red mise s kanonom, rubrike, kalendar, sanktoral, zavjetne mise, mise za mrtve i komunal','103 pergamentna lista','Imao je više listova, uglavnom oštećen i dosta nestalih listova, rukopis urešen inicijalima, čuva se u Arhivu HAZU u Zagrebu',NULL,NULL),(137,'Vinodolski zbornik',5,' ','XV. stoljeće','Ustavna glagoljica','Hrvatsko-staroslavenski jezik',' ','65 pergamentnih listova + 3 lista papira','Čuva se u Arhivu HAZU u Zagrebu',NULL,NULL),(138,'Korizmenjak IIIa 19',5,' ','XV. - XVI. stoljeće',' ','Hrvatsko-staroslavenski jezik (čakavsko narječje s ponekim kajkavskim jezičnim jedinicama)',' ','130 listova','Čuva se u Arhivu HAZU u Zagrebu',NULL,NULL),(139,'Prvi ljubljanski brevijar',5,' ','XV. stoljeće','Ustavna glagoljica','Hrvatskostaroslavenski jezik','Sanktoral i kalendar','180 pergamentnih listova','Zapis iz 1474. godine svjedoči da rukopis potječe iz Berma, čuva se u Narodnoj i sveučilišnoj knjižnici u Ljubljani',NULL,NULL),(140,'Fragment brevijara iz Novoga Mesta',5,'Novo Mesto','XV. stoljeće','Ustavna glagoljica','Hrvatskostaroslavenski jezik','Temporal','List pergamenta',' ',NULL,NULL),(141,'Drugi ljubljanski (beramski) misal',5,' ','XV. stoljeće','Ustavna glagoljica','Hrvatskostaroslavenski jezik','Temporal, kanon mise, zavjetne mise, sanktoral, ritualni tekstovi i kalendar','196 pergamentnih listova','Čuva se u Ljubljani',NULL,NULL),(142,'Prvi oxfordski misal',5,' ','XV. stoljeće','Ustavna glagoljica','Hrvatskostaroslavenski jezik','Temporal, kalendar, rubrike, sanktoral, komunal, zavjetne mise i ritualni tekstovi','180 listova','Bogat inicijalima, čuva se u Oxfordu',NULL,NULL),(143,'Drugi oxfordski misal',5,' ','XV. stoljeće','Ustavna glagoljica','Hrvatskostaroslavenski jezik','Temporal, red mise, kalendar, komunal i sanktoral','239 pergamentnih listova','Čuva se u Oxfordu',NULL,NULL),(144,'Metropolitanski misal',5,'Vrbnik','XV. stoljeće','Ustavna glagoljica','Hrvatskostaroslavenski jezik','Dio temporala, dio komunala, red mise, zavjetne mise i ritualni tekstovi','63 lista pergamenta','Čuva se u Metropolitanskoj knjižnici u Zagrebu',NULL,NULL),(145,'Novljanski misal',5,'Novi Vinodolski','XV. stoljeće','Ustavna glagoljica','Hrvatskostaroslavenski jezik','Tempora, red mise, kalendar, sanktoral, komunal, ritualni tekstovi, zavjetne mise, mise za mrtve','188 pergamentnih listova','U misalu očuvane važne bilješke za povijest Novoga Vinodolskoga',NULL,NULL),(146,'Treći vrbnički brevijar',5,'Vrbnik','XV. stoljeće','Ustavna glagoljica','Hrvatskostaroslavenski jezik','Temporal','299 pergamentnih listova',' ',NULL,NULL),(147,'Britanski brevijar',5,' ','XV. stoljeće','Ustavna/kurzivna glagoljica','Hrvatskostaroslavenski jezik','Biblijska čitanja','71 list pergamenta','Kurzivnom glagoljicom na prvom listu napisana je bilješka iz koje se zna da je autor Ivan Križanić, sadrži ukrašene inicijale i minijature, s korica brevijara skinut je Londonski fragment brevijara, nalazi se u Londonu u Britanskom muzeju',NULL,NULL),(148,'Klimantovićev ritual',6,'Ugljan','1501. - 1512. godina','Kurzivna glagoljica','Hrvatsko-staroslavenski jezik','Sadrži pjesnička djela, pravila po kojima žive franjevci trećoredci, ritualne tekstove i ljetopise','234 lista pergamenta','Naziv dobio po istaknutom glagoljašu Šimunu Klimantoviću, jedini potpuni ritual (od 3 napisana)',NULL,NULL),(149,'Petrinićev zbornik',6,'Lika','1503. godina','Kurzivna glagoljica','Hrvatsko-staroslavenski jezik',' ','153 lista','Čuva se u Nacionalnoj knjižnici u Beču',NULL,NULL),(150,'Glagoljičko pismo Filipa Pilušinovića',6,'Osp pod Novim','1504. godina','Kurzivna glagoljica','Hrvatski jezik','Ivan Banić daruje zemljište samostanu Sv. Marije u Crikvenici','1 list - isprava/povelja','Rukopis sadrži standardnu kršćansku invokaciju',NULL,NULL),(151,'Blagdanar popa Andrija',6,' ','1506. godina','Kurzivna glagoljica','Hrvatsko-staroslavenski jezik (čakavski novljanskoga tipa s crkvenoslavenskim dijelovima - biblijski navodi)','51 propovijed za blagdane','103 lista','Čuva se u Arhivu HAZU u Zagrebu',NULL,NULL),(152,'Naručnik plebanušev',6,'Senj','1507. godina','Ustavna glagoljica','Hrvatsko-staroslavenski/hrvatski jezik (posebna mješavina prevladavajuće čakavske stilizacije književnoga jezika i crkvenoslavenskog jezika)','Prijevod teološkog priručnika na latinskom jeziku Manipulus curatorum','117 listova','Na pisanju radilo više redovnika, istaknut je Grgur Senjanin, sačuvano je sedam primjeraka, senjska glagoljska izdanja ušla u vrela Akademijina povijesnoga Rječnika hrvatskoga ili srpskoga jezika, čuva se u Knjižnici HAZU u Zagrebu',NULL,NULL),(153,'Veprinački zakon',6,'Veprinac (istarsko područje)','1507. godina','Kurzivna glagoljica','Hrvatski jezik (sjevernočakavski ekavski istočnoistarski veprinački govor književno stiliziran)','Zakoni veprinačke općine','3 lista papira','Prijepis nesačuvanog glagoljičnog izvornika, oštećeni rubni dijelovi, prvi ga je objavio Franjo Rački 1890. godine, čuva se u Arhivu HAZU u Zagrebu',NULL,NULL),(154,'Meštriȇ od dobra umrtiȇ',6,'Senj','1507./1508. godina','Ustavna glagoljica','Hrvatsko-staroslavenski/hrvatski jezik (posebna mješavina prevladavajuće čakavske stilizacije književnoga jezika i crkvenoslavenskog jezika)','Prijevod popularnog djela Ars bene moriendi, knjiga je koncipirana dvodijelno: u prvom dijelu nalazi se tekst koji je namijenjen vjerniku smrtnom času, a drugome ritual','Knjižica, nepotpuni primjerci','Nije poznato kad je točno otisnuto, sačuvana samo 2 nepotpuna primjerka, 1 se čuva u Sankt Peterburgu, a drugi u Nacionalnoj i sveučilišnoj knjižnici u Zagrebu',NULL,NULL),(155,'Mirakuli slavne Deve Marie',6,'Senj','1507./1508. godina','Ustavna glagoljica','Hrvatsko-staroslavenski/hrvatski jezik (posebna mješavina prevladavajuće čakavske stilizacije književnoga jezika i crkvenoslavenskog jezika)','Prijevod s talijanskog jezika, sadrži najopsežniju zbirku čudesa Djevice Marije','154 stranice','Sačuvano u 5 primjeraka, a jedini sačuvan izvorni nalazi se u Londonu, ostali u Sankt Peterburgu i Zagrebu u Knjižnici HAZU',NULL,NULL),(156,'Transit svetog Jerolima',6,'Senj','1508. godina','Ustavna glagoljica','Hrvatsko-staroslavenski/hrvatski jezik (posebna mješavina prevladavajuće čakavske stilizacije književnoga jezika i crkvenoslavenskog jezika)','Prijevod talijanskog književnog djela „Vita et Transitus sancti Hieronymi“, tj. život Sv. Jeronima','301 stranica','Sačuvano 10 primjeraka, na kraju senjskog izdanja nalazi se originalna pjesma o Sv. Jeronimu „Anjelske kriposti“, pripisuje se Maruliću',NULL,NULL),(157,'Senjski korizmenjak',6,'Senj','1508. godina','Ustavna glagoljica','Hrvatsko-staroslavenski/hrvatski jezik (posebna mješavina prevladavajuće čakavske stilizacije književnoga jezika i crkvenoslavenskog jezika)','Zbirka korizmenih propovijedi talijanskog franjevca Roberta Caracciola, tekst su preveli senjski svećenici Pero Jakovčić i Silvestar Bedričić','208 stranica male četvrtine','Posljednje djelo koje je otisnuto u senjskoj tiskari, zahvaljujući B. Fučiću i A. Nazor djelo doživjelo pretisak, 10 sačuvanih izvornih primjeraka, čuva se u Knjižnici HAZU u Zagrebu',NULL,NULL),(158,'Prva hrvatskoglagoljska početnica',6,'Venecija','1527. godina','Ustavna glagoljica','Hrvatskostaroslavenski jezik (osim molitava na posljednjim stranicama koje su se molile u pučkom jeziku)','Sličan onodobnim latinskim početnicama (nakon pobožnog zaziva nižu se glagoljska slova u uobičajenom poretku)','11 stranica','Prva hrvatska početnica uopće, ne zna se tko ju je priredio, otisnuta u tiskari glasovitoga A. Torresania, ukrašena s 13 velikih incijala od kojih je 7 glagoljičnih, doživjela pretisak, čuva se u Nacionalnoj i sveučilišnoj knjižnici u Zagrebu',NULL,NULL),(159,'Misal Pavla Modrušanina',6,'Venecija','1528. godina','Ustavna glagoljica','Hrvatskostaroslavenski jezik','Temporal, red i kanon mise, zavjetne mise, sanktoral, komunal, mise za mrtve i ritualni tekstovi','224 lista','Nazvan po priređivaču Pavlu Modrušaninu, tiskano preko tisuću primjeraka, nekoliko je sačuvanih u Hrvatskoj, jedan potpuni primjerak čuva se u Samostanu franjevaca trećoredaca Sv. Ksaver, jedan primjerak u knjižnici HAZU, dva nepotpuna u NSK',NULL,NULL),(160,'Psaltir (Bukvar)',6,'Rijeka','1530. godina','Ustavna glagoljica','Hrvatsko-staroslavenski/hrvatski jezik (posebna mješavina čakavskoga i crkvenoslavenskog jezika)','Početnica za učenje glagoljice i priručnik-molitvenik s osnovnim kršćanskim molitvama','Knjižica s 8 listova','Čuva se u Publičnoj biblioteci u Sankt Peterburgu',NULL,NULL),(161,'Oficii rimski/Oficii blaženie Devi Marie',6,'Rijeka','1530. godina','Ustavna glagoljica','Hrvatsko-staroslavenski/hrvatski jezik (posebna mješavina čakavskoga i crkvenoslavenskog jezika)','Molitvenik namijenjen privatnoj pobožnosti, sadrži kazalo, kalendar, sedam radosti Marijinih, oficij, misu i litanije u čast Blaženoj Djevici Mariji, pokorničke psalme, oficij i litanije za mrtve, sedam redaka Sv. Brnarda, devedeseti psalam, molitve i katekizamske obrasce i drugo','119 listova','Otisnuta u crvenoj i crnoj boji, sačuvano 5 primjeraka, čuva se u NSK i Metropolitana u Zagrebu, Sankt Peterburgu i Weimaru',NULL,NULL),(162,'Misal hruacki',6,'Rijeka','1531. godina','Ustavna glagoljica','Hrvatskostaroslavenski jezik (dosljedno redigiranje prema Vulgati)','Kalendari, svetkovine','256 listova','Najljepše i najopsežnije Kožičićevo djelo, karakteristično unošenje franjevačkih svetaca i svetkovina u kalendare, sačuvano 15 originalnih primjeraka u Zagrebu, Dubrovniku, Londonu, Ljubljani, Moskvi, Rimu, Oxfordu...',NULL,NULL),(163,'Knižice od žitiȇ rimskih arhierȇov i cesarov',6,'Rijeka','1531. godina','Ustavna glagoljica','Hrvatsko-staroslavenski/hrvatski jezik (posebna mješavina čakavskoga i crkvenoslavenskog jezika)','Povijest rimskih careva i papa','60 listova','Prva na hrvatskom jeziku tiskana svjetska povijest, ima posvetu Tomi Nigeru u kojoj se zalaže za popravljanje jezika, sačuvano 7 primjeraka, 2 u Hrvatskoj, jedan u Zadru, drugi u Knjižnici HAZU u Zagrebu',NULL,NULL),(164,'Knižice krsta',6,'Rijeka','1531. godina','Ustavna glagoljica','Hrvatsko-staroslavenski jezik (posebna mješavina čakavskoga i crkvenoslavenskog jezika; crkvenoslavenizmi u deklinaciji, osobito zamjenica i pridjeva)','Obred krštenja, pričest bolesnika, bolesničko pomazanje, obrede sprovoda djece i odraslih...','106 stranica','Uz Misal hruacki Knjižice krsta jedine pripadaju liturgijskome korpusu izdanja Šimuna Kožičića Benje (razlike u jeziku); sačuvana samo 3 primjerka, čuva se u Sankt Peterburgu, Vicenzi i u Bibliotheque Mazarine u Parizu',NULL,NULL),(165,'Od bitiȇ redovničkoga knižice',6,'Rijeka','1531. godina','Ustavna glagoljica','Hrvatsko-staroslavenski/hrvatski jezik (posebna mješavina čakavskoga i crkvenoslavenskog jezika)','Upute redovnicima kako živjeti i kakav redovnik biti','12 listova','Posljednje djelo u riječkoj tiskari, sačuvan samo 1 primjerak u Sankt Peterburgu',NULL,NULL),(166,'Disipula',6,' ','1541. godina','Kurzivna glagoljica','Hrvatski jezik (čakavski jezik između ostalog prožet kajkavizmima)','Zbirka propovijedi za nedjelje i svece','178 listova','Nepoznato mjesto pronalaska',NULL,NULL),(167,'Glagoljičko pismo Nikole Šubića Zrinskog',6,'Ozalj','1554. godina','Kurzivna glagoljica','Hrvatski jezik','Nikola Šubić Zrinski piše pismo o velikoj opasnosti od Turaka','1 list',' ',NULL,NULL),(168,'Glavićev zbornik',6,'Šibenik/Zadar','1557. godina','Kurzivna glagoljica','Hrvatsko-staroslavenski/hrvatski jezik (posebna mješavina prevladavajuće čakavske stilizacije književnoga jezika i crkvenoslavenskog jezika)','Tekstovi potrebni redovnicima samostana, kronike, Regula franjevaca trećoredaca i drugi tekstovi',' ','Ime dobio po Šimunu Glaviću, franjevcu trećoredcu, uzor mu je bio Šimun Klimantović',NULL,NULL),(169,'Veliki glagoljski pokusni list',6,'Nürnberg','1560. godina','Ustavna glagoljica','Hrvatski jezik','Očenaš, Psalam 117 i prva glava Epistole Pavla ap. Rimljanima','1 list papira',' ',NULL,NULL),(170,'Mali katekizam',6,'Tübingen','1561. godina','Ustavna glagoljica','Hrvatski jezik',' ','7 listova papira','U privatnom vlasništvu Ive Dubravčića u Zagrebu',NULL,NULL),(171,'Tabla za dicu',6,'Tübingen','1561. godina','Ustavna glagoljica','Hrvatski jezik',' ',' ','Iste godine otisnuta i ćirilična',NULL,NULL),(172,'Brozićev brevijar',6,'Venecija','1561. godina','Ustavna glagoljica','Hrvatskostaroslavenski jezik','Psaltir s kanticima, temporal, misa Marijina pohođenja, sanktoral, komunal, ritualni tekstovi','504 + 31 list','Priredio ga je Nikola Brozić, jedinstven zbog broja ligatura – 250. Sačuvano više od 20 primjeraka, drži se posljednjim spomeničkim primjerom prirodnoga razvoja hrvatskostaroslavenskoga jezika, odnosno simboličnim krajem indigene hrvatske redakcije staroslavenskoga jezika, čuva se u Knjižnici HAZU, NSK u Zagrebu te u Sankt Peterburgu, Beču, Rimu...',NULL,NULL),(173,'Jedni kratki razumni nauci',6,'Tübingen','1562. godina','Ustavna glagoljica','Hrvatski jezik','Hrvatski prijevod djela Filipa Melanchtona Loci communes rerum theologicarum','4 + 144 lista','Hrvatski prijevod priredili Anton Dalmatin i Stjepan Istranin iz slovenskoga prijevoda P. Trubara, očuvano dvadesetak primjeraka',NULL,NULL),(174,'Prvi del Novoga testamenta',6,'Biblijski zavod u Urachu pored Tübingena','1562. godina','Ustavna glagoljica','Hrvatski jezik (čakavski supstrat, ali i elementi štokavskoga, crkvenoslavenskoga te slovenskoga jezika)','Četiri evanđelja i Djela apostolska',' ','Preveli i redigirali Stjepan Konzul Istranin i Antun Dalmatin, poznato je 20 primjeraka, prvi tiskani hrvatski prijevod novozavjetnih tekstova na narodnom jeziku: u predgovoru prvoga dijela Novoga testamenta Konzul i Dalmatin napominju da prevode Sveto pismo na jezik koji bi bio prihvatljiv čakavcima, štokavcima i kajkavcima i koji sami nazivaju općeni, sadašnji i razumni hrvacki jazik, godine 2013. Mateo Žagar, Tanja Kuštović, Vesna Badurina Stipčević i Alojz Jembrih priredili su i opremili latinički prijepis glagoljskoga izvornika Prvi del Novoga testamenta, čuva se u NSK u Zagrebu',NULL,NULL),(175,'Drugi del Novoga testamenta',6,'Biblijski zavod u Urachu pored Tübingena','1563. godina','Ustavna glagoljica','Hrvatski jezik (čakavski supstrat, ali i elementi štokavskoga, crkvenoslavenskoga te slovenskoga jezika)','Poslanice i Apokalipsa (ilustrirana s 26 drvoreza)',' ','Preveli i redigirali Stjepan Konzul Istranin i Antun Dalmatin, prema dobro očuvanom primjerku iz Nacionalne i sveučilišne knjižnice u Zagrebu napravljen je 2007. godine pretisak u izdanju Teološkoga fakulteta Matija Vlačić Ilirik. U jednoj knjizi izdani su prvi i drugi dio Novoga zavjeta koji su prvotno bili zasebno objavljeni, a u opširnom pogovoru priređivač pretiska Alojz Jembrih opisao je sve etape rada hrvatskih protestanata na prevođenju Novoga zavjeta',NULL,NULL),(176,'Isprava o prodaji zemlje u Dolnjoj Kupčini',6,'Pokuplje','1564. godina','Kurzivna glagoljica','Hrvatski jezik','Mikula Petrčić kupuje zemlju od Ilije i Lovre Brzića','1 list - dokument/isprava',' ',NULL,NULL),(177,'Kvaderna kapitula lovranskoga',6,' ','1574. godina (noviji upisi do XVIII. stoljeća)','Kurzivna glagoljica','Hrvatski jezik (lovranski čakavski, uz latinske i talijanske tekstove)','Hrvatski, latinski i talijanski tekstovi',' ','Kvaderna kapitula lovranskoga zbirka je isprava različita tipa (popisa prava i obveza, ugovora, obračuna, regula, matične knjige, oporuka), nastalih u Lovranu između 15. i 18. st., pisanih glagoljicom i hrvatskim jezikom te latinicom i talijanskim jezikom. Lovranska je Kvaderna već prepoznata kao višestruko važan izvor za znanstvena proučavanja povijesti Lovrana i Lovranštine, dva istrgnuta originalna lista čuvaju se u Narodnoj i univerzitetnoj knjižnici u Ljubljani',NULL,NULL),(178,'Zapisnik misni kaptola riečkoga',6,'Rijeka','XVI. stoljeće','Kurzivna glagoljica','Hrvatski jezik (liburnijska sjeverozapadna čakavština s ekavskim odrazom jata)','Knjiga o bilježenju misa zadužnica i pogreba od kolovoza 1545. do listopada 1547. i od kolovoza 1553. do travnja 1555., tu se nalaze i izvješća o godišnjim zasjedanjima i o gospodarskoj djelatnosti riječkoga kaptola',' ',' ',NULL,NULL),(179,'Odlomak Poslanice o nedjelji',6,'Istra','XVI. stoljeće','Ustavna glagoljica','Hrvatsko-staroslavenski jezik (čakavski elementi)','Početak apokrifne Poslanice o nedjelji','dvolist papira','Odlomak obiluje ligaturama, a izraženo je ekavsko pisanje jata',NULL,NULL),(180,'Tkonski zbornik',6,'Tkon, otok Pašman','XVI. stoljeće','Kurzivna glagoljica','Hrvatsko-staroslavenski jezik (izrazito čakavsko, ali i kajkavsko i štokavsko naslojavanje)','Sadrži razmatranje o Isusu, o grijesima, o Luciferu, drame u stihovima, zapis o koristima svet mise, dvije duhovne pjesme, traktat o grijesima i ispovijedi, blagoslove i zaklinjanja, zakletve od godine i zla oblaka, Legendu o dvanaest petaka, Abrahamovu viziju i drugo','170 listova','Čuva se u Arhivu HAZU u Zagrebu, latiničnu tansliteraciju napravio je Slavomir Sambunjak 2001. godine',NULL,NULL),(181,'Žgombićev zbornik',6,'Dubašnica na otoku Krku','XVI. stoljeće','Kurzivna glagoljica','Hrvatsko-staroslavenski jezik (uočeni i kajkavizmi tako da je značajan za istraživanje hrvatske kajkavske književnosti i jezika u XVI. stoljeću)','Evanđelja, poslanice, propovijedi, lucidar, apokrifi, recepti...','1 + 195 listova','Pisan je u razdoblju od 1520. do 1583., više autora, danas se čuva u Arhivu HAZU u Zagrebu; ima tri dijela koji su nastali u različito vrijeme, a zajedno su uvezani naknadno, Vjekoslav Štefanić utvrdio je da je najstariji dio nastao između 1520. i 1530. godine; drugi, nešto mlađi najkasnije oko 1540, a najmlađi oko 1582, što potvrđuju i neki zapisi u kojima je zabilježena ta godina; nazvan Žgombićevim po gvardijanu samostana sv. Marije Magdalene u Dubašnici na otoku Krku',NULL,NULL),(182,'Grškovićev zbornik',6,'Vrbnik/Istra','XVI. stoljeće','Kurzivna glagoljica','Hrvatsko-staroslavenski jezik (uočeni i kajkavizmi)','Srednjovjekovna literatura (Legenda o 12 petaka, Legenda o Sv. Makariju pustinjaku, apokrifi o rajskom (krsnom) drvetu, o Kainu i Abelu, apokrifne apokalipse i drugo',' ','Pretpostavlja se da je nastao u Istri, kupio ga je Stjepan Ivšić od vrbničkog župnika Ivana Grškovića, čuva se u knjižnici HAZU',NULL,NULL),(183,'Biblijska povijest',6,'Sjevernodalmatinski otoci','XVI. - XVII. stoljeće','Kurzivna glagoljica','Hrvatski jezik (čakavsko narječje s talijanizmima)','Slobodno prepričana Biblija','371 list','Štefanić smatra da je cijeli kodeks pisala jedna osoba',NULL,NULL),(184,'Disipula (2)',7,'Selci','1600. godina','Kurzivna glagoljica','Hrvatski jezik','Zbornik propovijedi za nedjelje i blagdane preko cijele godine','233 lista','Rukopis je napisao Ivan Brozović iz Selaca, tekst je jednostavan i čitanje je olakšano brisanjem ligatura i kratica',NULL,NULL),(185,'Fatevićev zbornik',7,' ','1617. godina','Kurzivna glagoljica','Hrvatski jezik (čakavski, pojedini arhaizmi posljedica su prepisivanja iz starijih predložaka; primjerice stariji prezentski oblici u biblijskim navodima; pisanje poluglasa/štapića u riječi bogь i drugo)','Sadržava nekoliko korizmenih propovijedi koje su vjerojatno prepisane iz kvarezimala Kolunićeva tipa',' ','Nazvan po glagoljašu Mikuli Fateviću, kapelanu na Ravi i u Luci na Dugom otoku, u XVII. stoljeću prepisivao je iz starih glagoljskih rukopisa iz 15. stoljeća, čuva se u arhivu HAZU u Zagrebu',NULL,NULL),(186,'Nauk karstjanski kratak',7,'Rim','1628. godina','Ustavna glagoljica','Novostaroslavenski jezik (istočnoslavenizirana redakcija u hrvatskoglagoljskim knjigama, početna faza - čisti hrvatski jezik)','Prijevod Bellarminove Dottrine cristiane breve',' ','Postoji 4 primjerka, čuva se u Nacionalnoj i sveučilišnoj knjižnici u Zagrebu te u Knjižnici HAZU',NULL,NULL),(187,'Azbukividnjak slovinskij',7,'Rim','1629. godina','Ustavna glagoljica','Novostaroslavenski jezik (istočnoslavenizirana redakcija u hrvatskoglagoljskim knjigama, početna faza - prvi tragovi ovisnosti o maloruskim unijatima)','Abecedarij','16 stranica','Čuva se u Knjižnici HAZU u Zagrebu',NULL,NULL),(188,'Missal rimskij va jezik slovenskij sazdan poveljenijem P. G. N pape Urbana Osmago',7,'Rim','1631. godina','Ustavna glagoljica','Novostaroslavenski jezik (istočnoslavenizirana redakcija u hrvatskoglagoljskim knjigama, početna faza - čisti hrvatski jezik)','Posttridentski sadržaj misala - liturgijski i jezično-pismovno reformirani (sukladno potrebama tiska se novi glagoljički misal)',' ','Priređivač Rafael Levaković, htio uskladiti novi, reformirani osnovni latinski misal s primjerima na hrvatskom jeziku, knjiga je tiskana u 1300 primjeraka',NULL,NULL),(189,'Ispravnik za jereji ispovidnici, i za pokornih. Prenesen nigda s latinskoga jazika u slovinskij, po popu Šimunu Budineu: a sada pismenni glagoljskimi ispisan, i napečaćen, O. Rafailom Levakovićem',1,'Rim','1635. godina','Ustavna glagoljica','Novostaroslavenski jezik (istočnoslavenizirana redakcija u hrvatskoglagoljskim knjigama, početna faza)','Prijevod djela Directorium sacerdotum et poenitentium kojega je priredio Šime Budinić','298 + 6 stranica','Objavljen glagoljicom i latinicom',NULL,NULL),(190,'Časoslov rimskij slavinskim jazikom Poveljenijem S. G. N. Innokentija Papi X vidan',7,'Rim','1648. godina','Ustavna glagoljica','Novostaroslavenski jezik (istočnoslavenizirana redakcija u hrvatskoglagoljskim knjigama, zrela faza)','Oficiji, himni, biblijski tekstovi','1864 stranice','Tiskanje odgađano 15 godina, autor Rafael Levaković, časoslov pisan radi usklađivanja s novim rimskim brevijarom; časoslov rađen po uzoru na rusko-slavensku (ukrajinsku) grafiju i jezik, postao je uzorak rusko-hrvatske redakcije crkvenoga jezika u Hrvata; pod utjecajem ukrajinskih unijata u Rimu, a po nalogu rimske Kongregacije za širenje vjere, u ta je izdanja Levaković unio elemente ruske redakcije crkvenoslavenskoga jezika; takvi rusificirani glagoljski tekstovi održali su se sve do druge polovici XIX. st',NULL,NULL),(191,'Časoslov rimskij slavinskim jazikom (2)',7,'Rim','1688. godina','Ustavna glagoljica','Novostaroslavenski jezik (istočnoslavenizirana redakcija u hrvatskoglagoljskim knjigama, zrela faza)','Oficiji, himni, biblijski tekstovi','1100 stranica','Poznato više od 50 primjeraka, priredio ga je Ivan Paštrić (drugo izdanje Levakovićeva Brevijara), čuva se u Nacionalnoj i sveučilišnoj knjižnici u Zagrebu',NULL,NULL),(192,'Amulet Petra Marelića',7,'Otok Iža','XVII. stoljeće','Kurzivna glagoljica','Hrvatski jezik',' ','1 list','Maleni format listića služio je matičaru don Petru Mareliću kao amulet',NULL,NULL),(193,'Molitvenik fra Ivana Čeperića',7,' ','XVII. - XVIII. stoljeće','Kurzivna glagoljica','Hrvatski jezik (čakavski)','Zbornik molitvi koje su pisane kao zahvala po misi, sadrži i snažne molitve poput egzorcizama','Knjižica od 113 stranica','Molitvenik su pisale 3 anonimne ruke, zbog toga se smatra da je nastao u različito vrijeme',NULL,NULL),(194,'Zakletve protiv štetočina i zla oblaka',8,'Dugi otok','1703. godina','Kurzivna glagoljica','Hrvatski jezik (ikavica)','Molitve i razne zakletve protiv zla','Svezak od 14 listova','Zakletve je prepisao Ivan Rudić iz Dugog otoka',NULL,NULL),(195,'Missal rimskij va jezik slovenskij sazdan povoljenijem P. G. N. Pape Urbana osmago',8,'Rim','1706. godina','Ustavna glagoljica','Novostaroslavenski jezik (istočnoslaveniziran)',' ','132 + 659 + 128 + 12 stranica','Drugo izdanje Levakovićeva Misala iz 1631. godine, priredio Ivan Paštrić, poznato je oko 80 primjeraka, čuva se u Nacionalnoj i sveučilišnoj knjižnici u Zagrebu',NULL,NULL),(196,'Misse za umervšije',8,'Rim','1707. godina','Ustavna glagoljica','Novostaroslavenski jezik (istočnoslaveniziran)','Mise za mrtve','38 stranica','Priređivač je Ivan Paštrić',NULL,NULL),(197,'Missal rimskij slavenskim jazykom poveljenijem P. G. N. Papy Urbana Osmago izdan',8,'Rim','1741. godina','Ustavna glagoljica','Novostaroslavenski jezik (istočnoslaveniziran, rusificiran)',' ',' ','Priredio ga je Matej Karaman, sadrži dva dodatka, Misal ima 3 gravure te sadrži ilustracije i ukrase, najljepše glagoljsko izdanje rimskoga razdoblja; Karamanovo je izdanje Misala izazvalo polemiku s dubrovačkim svećenikom Stjepanom Rusićem (Roza), ali ne toliko zbog ruskog oblika crkvenog jezika koliko zbog načelne opozicije protiv crkvenog jezika koji je Rusić htio zamijeniti narodnim jezikom; vrhunac procesa istočnoslavenizacije hrvatskoglagoljskih liturgijskih knjiga',NULL,NULL),(198,'Bukvar',8,'Rim','1753. godina','Ustavna glagoljica','Novostaroslavenski jezik (istočnoslaveniziran)','Početnica','40 listova','Poznato oko 60 primjeraka, čuva se u Nacionalnoj i sveučilišnoj knjižnici u Zagrebu',NULL,NULL),(199,'Bukvar (2)',8,'Venecija','1763. godina','Ustavna glagoljica','Novostaroslavenski jezik (istočnoslaveniziran)','Početnica','16 listova','Poznato 12 primjeraka, priredio Anton Juranić, čuva se u Nacionalnoj i sveučilišnoj knjižnici u Zagrebu',NULL,NULL),(200,'Molitvi prežde',8,'Venecija','1765. godina','Ustavna glagoljica','Novostaroslavenski jezik (istočnoslaveniziran)','Molitvenik','118 stranica','Prijevod Antona Juranića s latinskoga jezika, poznato oko 20 primjeraka, čuva se u Nacionalnoj i sveučilišnoj knjižnici u Zagrebu',NULL,NULL),(201,'Breviarium romanum',8,'Rim','1791. godina','Ustavna glagoljica','Novostaroslavenski jezik (istočnoslaveniziran)',' ',' ','Očuvano oko 35 primjeraka, pripremili Karaman i Sović, redigirao Petar Gocinić, rapski biskup',NULL,NULL),(202,'Čini svetyh',8,'Rim','1791. godina','Ustavna glagoljica','Novostaroslavenski jezik (istočnoslaveniziran)','Oficije svetaca za pojedine glagoljaške krajeve','270 stranica','Sačuvano oko 25 primjeraka, čuva se u Nacionalnoj i sveučilišnoj knjižnici u Zagrebu',NULL,NULL),(203,'Pištula gospodina našega Isukrsta',8,' ','XVIII. stoljeće','Kurzivna glagoljica','Hrvatski jezik (štokavski elementi)','Isukrstova epistola o nedjelji','Svezak od 6 listova','Koriste se latinični znakovi za samoglasnike i i o',NULL,NULL),(204,'Karta sv. Bonifacija',8,'Sjeverna Dalmacija','XVIII. stoljeće','Kurzivna glagoljica','Hrvatski jezik (ikavica)','Legenda o Bonifacijevu oslobađanju vlastite majke iz čistilišta','Dvolist papira',' ',NULL,NULL),(205,'Chrestomathia linguae veteroslovenicae charactere glagolitici',9,'Prag','1859. godina','Latinica/ustavna glagoljica','Latinski/hrvatskostaroslavenski jezik (obnovljeni tip iz XIX. stoljeća)','Staroslavenska/starohrvatska čitanka',' ','Priredio Ivan Berčić',NULL,NULL),(206,'Obrazac mise Misi za umr\'šee s koralnim napjevom',9,'Galevac','1860. godina','Ustavna glagoljica','Hrvatskostaroslavenski jezik (obnovljeni tip iz XIX. stoljeća)','Mise za mrtve','Litografija','Priređivač Dragutin Antun Parčić',NULL,NULL),(207,'Bukvar staroslovenskog jezika glagolskimi pismeni za čitanje crkvenih knjig',9,'Prag','1862. godina','Latinica/ustavna glagoljica','Hrvatski/hrvatskostaroslavenski jezik (obnovljeni tip iz XIX. stoljeća)','Bukvar',' ','Dodane upute za pravilno čitanje rusificiranih tekstova misala i brevijara u skladu s hrvatskom redakcijom, Bukvar ima i dva litografirana Dodatka: Glagolska rukopisna azbuka (kurzivna glagoljica s primjerima) i Bosanska azbukva (azbuka bosanske ćirilice s uputama za čitanje); iste godine je Berčić priredio i kratku staroslavensku gramatiku, ali ona nije tiskana',NULL,NULL),(208,'Obrazac mise za Kêsara i Kralja našego i Decretum',9,'Zadar','1863. godina','Ustavna glagoljica','Hrvatskostaroslavenski jezik (obnovljeni tip iz XIX. stoljeća)',' ','Litografija','Priređivač Dragutin Antun Parčić',NULL,NULL),(209,'Čitanka staroslavenskoga jezika',9,'Prag','1864. godina','Latinica/ustavna glagoljica','Hrvatski/hrvatskostaroslavenski jezik (obnovljeni tip iz XIX. stoljeća)','Čitanka',' ','Drugo izdanje hrestomatije pod naslovom Čitanka staroslavenskoga jezika, znatno prošireno i preuređeno, građa je podijeljena u tri dijela: bugarski razred (obla glagoljica), hrvatski razred (uglata rukopisna i tiskana glagoljica do R. Levakovića) i ruski razred (rusificirana hrvatska izdanja od Levakovića do Karamana)',NULL,NULL),(210,'Obrazac mise na blagdan Bezgrešnoga začeća',9,'Krk','1. prosinca 1864. godine','Ustavna glagoljica','Hrvatskostaroslavenski jezik (obnovljeni tip iz XIX. stoljeća)','Obrazac mise','Litografija','Priređivač Dragutin Antun Parčić',NULL,NULL),(211,'Ulomci Sv. Pisma',9,'Prag','1865. - 1871. godine','Ustavna glagoljica','Hrvatskostaroslavenski jezik','Ulomci iz Biblije',' ','Berčić je pokušao sastaviti cjelokupnu Bibliju na temelju hrvatskoglagoljskih liturgijskih spomenika, građu je najvećim dijelom uzimao iz prvotiska Misala (1483.) i Brozićeva Brevijara (1561.)',NULL,NULL),(212,'PÊSAN, SLOG sv. Tomi iz\' Akvina k\' sv. Evharistii',9,'Glavotok','1870. (?) godina','Ustavna glagoljica','Hrvatskostaroslavenski jezik (obnovljeni tip iz XIX. stoljeća)','Prijevod himni',' ','Priređivač Dragutin Antun Parčić, tiskani u Serafinskoj tiskari',NULL,NULL),(213,'Prilog\' slovên\'skim\' ezikom\' v\' nem\'že misi v\'seob\'ĉee vr\'k\'ve, za nêkaê mêsta i v\' tretiem\' činê sv. Fran\'čiska služimie s\'dr\'žet\' se',9,'Rim','1881. godina','Ustavna glagoljica','Hrvatskostaroslavenski jezik (obnovljeni tip iz XIX. stoljeća)','Dodatak Karamanovu Misalu s novim misama',' ','Autor je Dragutin Antun Parčić',NULL,NULL),(214,'Čin i Pravilo misi ošće že i molitvi prežde i po mise iz Rimskago misala',9,'Rim','1881. godina','Ustavna glagoljica','Hrvatskostaroslavenski jezik (obnovljeni tip iz XIX. stoljeća)','Ordo missae (Red Sv. mise)',' ','Priređivač je Dragutin Antun Parčić',NULL,NULL),(215,'Rimski misal slavenskim jezikom Presv. G. N. Urbana papi VIII, povelenijem izdan',9,'Rim','1893. godina','Ustavna glagoljica','Hrvatskostaroslavenski jezik','Missale romanum na izvornom jeziku','Oko 800 stranica','Autor Dragutin Antun Parčić, prvi misal koji se vratio izvornom jeziku nakon istočnoslaveniziranih izdanja, Vatroslav Jagić istaknuo je da Misal predstavlja trijumf slavenske filologije nasuprot 260 godina dugoj rusifikaciji hrvatskoglagoljskih knjiga i posvemašnjem ignoriranju slavističkih dosega; izdanje Parčićeva Misala ponovljeno je godine 1894. (samo dotiskano, neočuvano) i 1896. (neizmijenjeno) pa posmrtno 1905. u izdanju Josipa Vajsa',NULL,NULL),(216,'Mali azbukvar za pravilno i jednolično čitanje glagoljice u novih crkvenih knjigah po crkvenoj recenziji',9,'Rim','1894. godina','Latinica/ustavna glagoljica','Hrvatski/hrvatskostaroslavenski jezik (obnovljeni tip iz XIX. stoljeća)','Priručnik za glagoljsko pismo',' ','Autor je I. Broz, a Parčić priređivač za tisak',NULL,NULL),(217,'Vsa lêpa esi, Marie',9,'Crkva Sv. Marije na Glavotoku','XIX. stoljeće','Ustavna glagoljica','Hrvatskostaroslavenski jezik (obnovljeni tip iz XIX. stoljeća)','Napjev za kor',' ','Priređivač Dragutin Antun Parčić',NULL,NULL),(218,'Rimьski misalь slovênьskimь ezikomь',10,'Rim','1905. godina','Ustavna glagoljica','Hrvatskostaroslavenski jezik','Missale Romanum na izvornom jeziku','Oko 800 stranica','Priređivač Josip Vajs, godine 1904. Pozvan u Rim kako bi priredio drugo (treće) izdanje Parčićeva glagoljskog misala; iza svjetskoga rata hrvatski biskupi povjerili su mu izdanje na latiničnoj transkripciji; uz misal dr. Vajs izdao je i rimsko-slavenski vesperal sastavljen prema glagoljskim knjigama',NULL,NULL),(219,'Vesperal rimsko-slověnski. Večernje na nedělje i svetce po vse lěto po crkvenim kńigam glagolskim s priloženijem jutrnj i časov velih blagdan i drugih molitav',10,'Krk, Staroslavenska akademija','1907. godina','Latinica','Hrvatskostaroslavenski jezik','Liturgijska knjiga - vesperal',' ','Staroslavenska akademija započela je izdavački rad pod vodstvom J. Vajsa; među izdanja SA u Krku (tiskara Kurykta) pripadaju pojedine biblijske knjige što ih je prema kodeksima priredio Vajs (ukupno osam), a među njima prvi je Vesperal rimsko-slovinski',NULL,NULL),(220,'Abecedarium palaeoslovenicum in usum glagolitarum accedunt paradigmata morphologica specimina lectionum e missali romano slavonico idiomate selecta specimina cantus glossarium',10,'Krk, Staroslavenska akademija','1909. godina','Latinica/ustavna glagoljica','Latinski/hrvatskostaroslavenski jezik','Početnica s osnovama gramatike','74 stranice','Temeljni priručnik s gramatičkim osnovama i glosarom za služenje novouređenim liturgijskim knjigama u Vajsovu izdanju; drugo izdanje 1917. godine',NULL,NULL),(221,'Rimski misal slověnskim jezikom',10,'Rim','1927. godina','Latinica/ustavna glagoljica','Hrvatskostaroslavenski jezik','Missale Romanum na izvornom jeziku','Oko 890 stranica','Iza svjetskoga rata hrvatski biskupi povjerili su mu izdanje na latiničnoj transliteraciji/transkripciji; samo je Čin mise (Pravilo misi) tiskan dvopismeno latinicom i glagoljicom',NULL,NULL),(222,'Čin Misi s izbranimi Misami : Rimski misal povelenijem Svetago zbora ekumenskago vatikanskago drugago obnovljen a proglašen oblastiju Pavla Papi VI.',10,'Zagreb','1980. godina','Latinica','Hrvatskostaroslavenski jezik','Glagoljski Red mise s izabranim misama','64 stranice','Nakon Drugoga vatikanskog koncila narodni jezik prevladao je u liturgijskim knjgama, ali se staroslavensko bogoslužje i dalje željelo očuvati; Ivan Golub na hrvatskostaroslavenski jezik prevodi novi Ordo missae (Kršćanska sadašnjost, Zagreb)',NULL,NULL),(223,'Budimpeštanski odlomci',1,' ','XI. - XII. stoljeće','Formativna glagoljica','Hrvatskostaroslavenski jezik','Ispisan je dio žitja Simeona Stylita/Šimuna Stupnika','2 ulomka pergamenta','Najstariji očuvani hrvatskoglagoljski hagiografski tekst',NULL,NULL);
/*!40000 ALTER TABLE `zapis` ENABLE KEYS */;
UNLOCK TABLES;

--
-- Table structure for table `zapis_jezik`
--

DROP TABLE IF EXISTS `zapis_jezik`;
/*!40101 SET @saved_cs_client     = @@character_set_client */;
/*!40101 SET character_set_client = utf8 */;
CREATE TABLE `zapis_jezik` (
  `id` int(11) NOT NULL AUTO_INCREMENT,
  `zapis` int(11) NOT NULL,
  `jezik_id` char(2) NOT NULL,
  `naziv` text NOT NULL,
  `kategorija` int(11) NOT NULL,
  `mjesto` varchar(100) DEFAULT NULL,
  `godina` varchar(100) DEFAULT NULL,
  `pismo` varchar(300) DEFAULT NULL,
  `jezik` varchar(300) DEFAULT NULL,
  `sadrzaj` varchar(300) DEFAULT NULL,
  `velicina` varchar(100) DEFAULT NULL,
  `zanimljivosti` text,
  `vrijeme` varchar(100) DEFAULT NULL,
  `danasnje_pocivaliste` varchar(300) DEFAULT NULL,
  PRIMARY KEY (`id`),
  KEY `jezik_id` (`jezik_id`),
  KEY `zapis` (`zapis`),
  CONSTRAINT `zapis_jezik_ibfk_1` FOREIGN KEY (`jezik_id`) REFERENCES `jezik` (`id`),
  CONSTRAINT `zapis_jezik_ibfk_2` FOREIGN KEY (`zapis`) REFERENCES `zapis` (`id`)
) ENGINE=InnoDB AUTO_INCREMENT=469 DEFAULT CHARSET=utf8;
/*!40101 SET character_set_client = @saved_cs_client */;

--
-- Dumping data for table `zapis_jezik`
--

LOCK TABLES `zapis_jezik` WRITE;
/*!40000 ALTER TABLE `zapis_jezik` DISABLE KEYS */;
INSERT INTO `zapis_jezik` VALUES (1,1,'hr','Pariški abecedarij',1,' ','XI. stoljeće','Obla glagoljica','Latinski jezik','Imena 31 glagoljskog slova pisana latinicom',' ','U literaturi se ponekad naziva i bugarskim, tj. Abecedarium bulgaricum, najstariji je ksenografski abecedarij što znači da ga je sastavljao stranac s namjerom upoznavanja nove publike s glagoljičkim pismom',NULL,NULL),(2,2,'hr','Valunska ploča',1,'Crkva Sv. Marije u Valunu na Cresu','XI. stoljeće','Glagoljica i latinica','Hrvatskostaroslavenski i latinski jezik','Nadgrobni natpis','Kamena ploča','Dvojezični i dvopismeni nadgrobni natpis',NULL,NULL),(3,3,'hr','Kločev glagoljaš',1,' ','XI. stoljeće','Obla glagoljica uz neke uglate oblike','Hrvatskostaroslavenski jezik','Pet homilija','14 listova kodeksa (najvjerojatnije sadržavao 552)','Spomenik koji ima neke uglate glagoljične oblike, sadrži originalnu Anonimnu homiliju za koju se pretpostavlja da je autor Sv. Metod',NULL,NULL),(4,4,'hr','Plominski natpis',1,'Crkva Sv. Jurja u Plominu','XI. stoljeće','Obla glagoljica','Hrvatskostaroslavenski jezik','Fragmentarno uklesane 4 riječi autora: SE E PISЪLЪ S','Kameni reljef','Tekst na reljefu s uklesanim likom Silvana/Sv. Jurja',NULL,NULL),(5,5,'hr','Konavoski glagoljski natpis',1,'Dunave u Konavlima','XI. stoljeće','Obla glagoljica','Hrvatskostaroslavenski jezik','Natpis čiji sadržaj govori o nastanku tog spomenika','Kamena ploča','Istočno (južno) krilo glagoljaštva, pretpostavlja se da je nastao 1060. godine, čuva se u Arheološkom muzeju u Dubrovniku',NULL,NULL),(6,6,'hr','Krčki natpis',1,'Krk','XI. stoljeće','Obla glagoljica','Hrvatskostaroslavenski jezik','Natpis o gradnji crkve uz benediktinski samostan','Kamena ploča','Ploča na kojoj su zapisana imena graditelja benediktinskog samostana (maĵъ, opatъ radonê, rugota, dobroslav[ъ]))',NULL,NULL),(7,7,'hr','Župski glagoljski natpis',1,'Župa Dubrovačka','XI. - XII. stoljeće','Formativna glagoljica (predstandardizacijsko razdoblje – zapadno područje hrvatskoga glagoljaštva)','Hrvatskostaroslavenski jezik','Nepoznat, neistražen','Kamena ploča','Glagoljski natpis na ulomku antičkog crijepa (teguli), pronađen kraj crkve Sv. Đurđa između mjesta Petrače i Buića u Župi Dubrovačkoj; još neistražen u potpunosti, čuva se u Arheološkom muzeju u Dubrovniku',NULL,NULL),(8,8,'hr','Jurandvorski ulomci',1,'Crkva Sv. Lucije u Jurandvoru, Krk','XI. - XII. stoljeće','Formativna glagoljica (predstandardizacijsko razdoblje – zapadno područje hrvatskoga glagoljaštva)','Hrvatskostaroslavenski jezik','Nepoznati dijelovi ulomaka, spominje se kralj Zvonimir','4 ulomka ploče','Popularno se još zove i druga Bašćanska ploča',NULL,NULL),(9,9,'hr','Senjska ploča',1,'Senj','XI. - XII. stoljeće','Formativna glagoljica (predstandardizacijsko razdoblje - zapadno područje hrvatskoga glagoljaštva)','Hrvatskostaroslavenski jezik','Ulomci teksta, sadrži kršćansku invokaciju','Ploča, gornji dio lijevog pluteja (oltarne pregrade)','Motivi lozice, pletera, desetak redaka teksta, pronađena prilikom konzerviranja tvrđave Nehaj 1964. godine',NULL,NULL),(10,10,'hr','Grdoselski ulomak',1,'Istra','XI. - XII. stoljeće','Formativna glagoljica (predstandardizacijsko razdoblje – zapadno područje hrvatskoga glagoljaštva)','Hrvatskostaroslavenski jezik','Spominje se pop Golob iz Tinjana, kapelan grdoselskog kneza Pankracija','Ulomak kamene grede ili ploče s dijelom glagoljskoga natpisa','Prijelazni tip oble u uglatu glagoljicu, mali ulomak gdje je posveta oltara u čast dvjema sveticama',NULL,NULL),(11,11,'hr','Kninski ulomak',1,'Crkva Sv. Bartola u Kapitulu kod Knina','XI. - XII. stoljeće','Formativna glagoljica (predstandardizacijsko razdoblje – zapadno područje hrvatskoga glagoljaštva)','Hrvatskostaroslavenski jezik','Ulomak luka s par glagoljičnih i ćiriličnih slova: oĉju premi','Maleni ulomak ukrašen romaničkom lozicom','Miješanje glagoljice i ćirilice',NULL,NULL),(12,12,'hr','Plastovski odlomak',1,'Plastovo kod Skradina','XI. - XII. stoljeće','Formativna glagoljica (predstandardizacijsko razdoblje – rub zapadnog područja hrvatskoga glagoljaštva)','Hrvatskostaroslavenski jezik','Maleni ulomak s tekstom: P E T R A ? I J U M U U Ž U T U E G A B R A','Maleni kameni ulomak','Miješanje glagoljičnih i ćiriličnih slova',NULL,NULL),(13,13,'hr','Bečki listići',1,' ','XI. - XII. stoljeće','Formativna glagoljica (predstandardizacijsko razdoblje - zapadno područje hrvatskoga glagoljaštva)','Hrvatskostaroslavenski jezik','Odlomak gregorijanskog sakramentara (misala) zapadnog obreda, sadrže tri mise u čast apostola','Dva lista pergamenta','Po sadržaju bliski Kijevskim listićima (liturgija Sv. Petra), svjedoče o češko-hrvatskim uljudbenim vezama; U literaturi se nerijetko ističe kako su Bečki listići najstariji hrvatskoglagoljski tekst liturgijske namjene; našao ih je i opisao Vatroslav Jagić 1890. godine',NULL,NULL),(14,14,'hr','Prva stranica Kijevskih listića',1,' ','XI. - XII. stoljeće','Obla/formativna glagoljica (istočno područje hrvatskoga glagoljaštva)','Staroslavenski/Hrvatskostaroslavenski jezik','Poslanica Sv. Pavla apostola Rimljanima i oracije Blažene Djevice Marije (prepletanje istočne i zapadne tradicije)','Listovi neujednačene veličine','Kijevski listići drže se najstarijim spomenikom kanona starocrkvenoslavenskih spisa, nastali su na češkom području i broje ukupno 13 stranica, prva stranica pisana je kasnije na hrvatskom prostoru i zaključuje se da je taj dio sakramentara bio u uporabi na dubrovačkom području',NULL,NULL),(15,15,'hr','Glagoljički natpis iz Čečavca kod Slavonske Požege',1,'Čečavac','XI. - XII. stoljeće','Formativna glagoljica','Hrvatskostaroslavenski jezik','Četiri se glagoljična slova tumače kao godina prema brojevnoj vrijednosti ČRIZ = 1129','4 glagoljična slova na komadu opeke','Potječe iz romaničke benediktinske opatije Sv. Miholvila u Rudini. Čuva se u Muzeju Požeške kotline u Požegi',NULL,NULL),(16,16,'hr','Bašćanska ploča',2,'Jurandvor kod Baške na otoku Krku','1100. godina','Formativna glagoljica (predstandardizacijsko razdoblje - zapadno područje hrvatskoga glagoljaštva)','Hrvatskostaroslavenski jezik','Kralj Zvonimir daruje ledinu za gradnju crkve Sv. Lucije','Kamena ploča','Ploča je služila kao oltarna pregrada; sadrži nekoliko ćiriličnih slova; Značajni istraživači: Franjo Rački, Ivan Crnčić Vatroslav Jagić, Vjekoslav Štefanić, Branko Fučić; danas se čuva u Auli Hrvatske akademije znanosti i umjetnosti',NULL,NULL),(17,17,'hr','Bašćanski ostrišci',2,'Baška','XII. stoljeće','Formativna glagoljica (predstandardizacijsko razdoblje - zapadno područje hrvatskoga glagoljaštva)','Hrvatskostaroslavenski jezik','Sadrže evanđeoske stihove, odlomak Muke po Mateju (Mt 26, 37-48)','Dvije pergamenske vrpce, dva uska pergamentna ostriška','Nazivaju se još i Premudini ostrišci prema popu glagoljašu i filologu Vinku Premudi – oporučno ih je ostavio Jugoslavenskoj akademiji znanosti i umjetnosti u Zagrebu. Vinko Premuda ostriške je pronašao u Baški, ali su se nakon njegove smrti zagubili te su ponovno pronađeni',NULL,NULL),(18,18,'hr','Glagoljički ulomak iz Kijevaca kod Bosanske Gradiške',2,'Kijevci','XII. stoljeće','Formativna glagoljica',' ','Nepotpun natpis uparan u prirodni blok građevnoga kamena','Nekoliko ispisanih formativnih glagoljskih slova','Zabilježeno muško ime Raden u dativu. Kijevački natpis leži na samom rubu panonskoga prostora, a Branko Fučić dvoji treba li ga pripisati hrvatskome ili starijem moravsko-panonskome glagoljskom području',NULL,NULL),(19,19,'hr','Minhenski abecedarij',2,' ','XII. stoljeće','Obla glagoljica (i ćirilica)',' ','Glagoljični i ćirilični abecedarij','1 list pergamenta','Napisan rukom na zadnju stranicu latiničnog (latinskog) kodeksa iz X. stoljeća; ksenografski alfabet; prvi ga je u slavistici objavio Vatroslav Jagić 1911. godine',NULL,NULL),(20,20,'hr','Darovnica slavnog Dragoslava',2,'Dobrinj na Krku','1100. godina','Glagoljica (kurzivna u prijepisu)','Hrvatskostaroslavenski jezik','Dragoslav daruje svoje imanje crkvi Sv. Vida','Isprava/dokument/listina','Najstariji pisani spomenik o postojanju župa na Krku, spominju se po prvi put Dobrinj i Vrbnik, nije sačuvan u izvorniku',NULL,NULL),(21,21,'hr','Humski grafit',2,'Crkva Sv. Jerolima (Jeronima) u Humu','XII. stoljeće','Glagoljica (najstariji tip pisma glagoljskih spomenika Istre i Kvarnera)','Hrvatskostaroslavenski jezik','Grafit popa glagoljaša, evidentirane odslužene gregorijanske mise','Glagoljični grafit na zidu oslikanom freskama','Uparan je oštricom uz 30 okomitih crta; Zabilježeno je da se za dušu pokojnog humskog kovača Martina izrekao gregorijanski niz misa, ali povrh njega i još jedna misa (je vzeta)',NULL,NULL),(22,22,'hr','Grškovićev odlomak apostola',2,'Istočna Bosna, Zahumlje ili Zeta','XII. stoljeće','Formativna glagoljica (predstandardizacijsko razdoblje - istočno područje hrvatskoga glagoljaštva)','Hrvatskostaroslavenski jezik','Odlomci iz Djela apostolskih namijenjeni uporabi u crkvi','Dva pergamentna dvolista','Odlomke potkraj XIX. stoljeća pronašao vrbnički kapelan Niko Gršković, čuvaju se u Arhivu HAZU',NULL,NULL),(23,23,'hr','Mihanovićev odlomak apostola',2,'Bosansko-humsko područje (ili zetsko)','XII. stoljeće','Formativna glagoljica (predstandardizacijsko razdoblje - istočno područje hrvatskoga glagoljaštva)','Hrvatskostaroslavenski jezik','Odlomak kratkog apostolara, sadrži perikope iz Poslanica Pavla apostola Korinćanima, Efežanima, Galaćanima (uzus istočne Crkve)','Pergamentni dvolist','Pronađen zalijepljen u koricama Ilovičke krmčije, nastao u doba kad je prevladavala ćirilična pismenost, čuva se u Arhivu HAZU',NULL,NULL),(24,24,'hr','Supetarski ulomak',2,'Sv. Petar u Šumi','XII. stoljeće','Formativna glagoljica (predstandardizacijsko razdoblje - zapadno područje hrvatskoga glagoljaštva)','Hrvatskostaroslavenski jezik','Dio razbijene, prelomljene kamene grede, ulomak: amenъ їĕkovъm[ъ]','Mali kameni ulomak','Riječ amen pisana ćirilicom, a ime Jakov glagoljicom, čuva se u Etnografskom muzeju Istre u Pazinu',NULL,NULL),(25,25,'hr','Svetokrižki odlomak',2,'Sv. Križ pokraj Trsata','XII. - XIII. stoljeće','Formativna glagoljica','4 slova - jat, S, A i E','Nepotpuni ulomak s glagoljičnim slovima','Maleni glineni ulomak','Svetokrižki ulomak je 1. prosinca 2004. godine pronašao učenik riječke Osnovne škole Gornja Vežica Antonio Torre na brdu Sveti križ iznad istočnog dijela grada za izviđanje terena u sklopu uređenja poučne staze na brdu',NULL,NULL),(26,26,'hr','Kukuljevićev odlomak misala',3,'Zapadno krilo hrvatskog glagoljaštva','XIII. stoljeće','Ustavna glagoljica','Hrvatskostaroslavenski jezik','Odlomak misala (temporala) iz šeste korizmene nedjelje i početka Velikog ponedjeljka','List pergamenta','Paleografski pokazatelji govore o starini: veličina slova neujednačena, ligature rijetke; iz zbirke Ivana Kukuljevića, jedan je od najstarijih fragmenata pisan standardiziranom ustavnom glagoljicom, čuva se u HAZU',NULL,NULL),(27,27,'hr','Vinodolski zakon',3,'Općina Vinodol','1288. godina','Ustavna/kurzivna glagoljica','Starohrvatski jezik','Zbornik običajnog prava vinodolskih općina','Tekst sa 77 članaka','Najstariji hrvatski glagoljični zakonski tekst i drugi po starini slavenski zakonik, poslije Ruske pravde, nije sačuvan u izvorniku, objavio ga prvi put Mažuranić 1843., čuva se u Nacionalnoj i sveučilišnoj knjižnici u Zagrebu',NULL,NULL),(28,28,'hr','Ljubljanski homilijar',3,' ','XIII. stoljeće','Ustvna glagoljica (predstandardizacijsko razdoblje - zapadno područje hrvatskoga glagoljaštva)','Hrvatskostaroslavenski jezik','Dio homilijara (za prve tri korizmene nedjelje), sadrži odlomak homilije Ivana Zlatoustog na Glavosjek Ivana Krstitelja','2 lista pergamenta','Najstariji hrvatskoglagoljski homiletski tekst u Hrvatskoj',NULL,NULL),(29,29,'hr','Vrbnički fragmenti brevijara',3,'Vrbnik','XIII. stoljeće','Ustavna glagoljica (predstandardizacijsko razdoblje - zapadno područje hrvatskoga glagoljaštva)','Hrvatskostaroslavenski jezik','Dio temporala (II. i III. nedjelja došašća), fragmenti A i D pripadali su istom brevijaru, a B i C drugom rukopisu','4 lista pergamenta','Izdao ih je J. Vajs, a detaljno opisao V. Štefanić, fragmente je pisao jedan pisar, a služili su kao omoti dokumentima župne crkve u Vrbniku',NULL,NULL),(30,30,'hr','Ročki glagoljski abecedarij',3,'Crkva Sv. Antuna u Roču','1200. godina','Formativna glagoljica (predstandardizacijsko razdoblje - zapadno područje hrvatskoga glagoljaštva)','Hrvatskostaroslavenski jezik','Abecedarij (autohtoni)','Grafit na zidu crkve (uparan oštricom u posvetni križ)','Obuhvaća puni niz glagoljske azbuke iz formativnog razdoblja: 34 znaka; između ostalih latinsko M, dva znaka za nekadašnji poluglas (u obliku ključa, pojavljuje se i štapić), znak za prejotirani prednji nazal',NULL,NULL),(31,31,'hr','Splitski fragment misala',3,'jugozapadna Bosna','XIII. stoljeće','Formativna glagoljica(predstandardizacijsko razdoblje - istočno područje hrvatskoga glagoljaštva)','Hrvatskostaroslavenski jezik (ikavskoštokavska jezična obilježja)','Misni obrasci iz sanktorala za mjesec prosinac','List pergamenta','Pronašao ga je V. Jagić, čuva se u Kaptolskom arhivu u Splitu',NULL,NULL),(32,32,'hr','Legenda o Sv. Tekli',3,' ','XIII. stoljeće','Ustavna glagoljica','Hrvatskostaroslavenski jezik','Odlomak apokrifa Djela Pavla i Tekle','Dvolist pergamenta','Čuva se u Arhivu HAZU u Zagrebu',NULL,NULL),(33,33,'hr','Epistola o nedjelji',3,' ','XIII. stoljeće','Ustavna glagoljica','Hrvatskostaroslavenski jezik','Krnji dvolist s odlomkom apokrifne Epistole o nedjelji','Dvolist pergamenta','Pretpostavlja se da je dio okrnjenog zbornika, nađena je na koricama Korizmenjaka Šimuna Grebla u Vrbniku, mlađa od Kukuljevićeva odlomka misala, čuva se u Arhivu HAZU',NULL,NULL),(34,34,'hr','Istarski razvod',3,'Istra','1275. - 1395. godina','Kurzivna glagoljica','Tri verzije: latinski, njemački i hrvatski jezik','Pravni akt u kojemu su utvrđene međe istarskih posjeda Venecije, akvilejskoga patrijarha i pazinskih grofova','35 listova','Pruža podatke o etničkoj i društvenoj slici srednjovjekovne Istre, danas je sačuvan hrvatski prijepis Levca Križanića iz 1546. godine, čuva se u NSK u Zagrebu',NULL,NULL),(35,35,'hr','Homilija na Blagovijest',3,' ','XIII. stoljeće','Ustavna glagoljica','Hrvatskostaroslavenski jezik','Sadrži dvije homilije, propovijedi na blagdan Blagovijesti','Dva lista pergamenta','Čuva se u Arhivu HAZU u Zagrebu',NULL,NULL),(36,36,'hr','Zagrebački fragment brevijara',3,' ','XIII. stoljeće','Ustavna glagoljica','Hrvatskostaroslavenski jezik','Odlomci sanktorala','Dvolist oštećenog pergamenta','Čuva se u Arhivu HAZU u Zagrebu',NULL,NULL),(37,37,'hr','Riječki fragment Mudrih izreka',3,'Rijeka','XIII. stoljeće','Ustavna glagoljica','Hrvatskostaroslavenski jezik','Ostatak temporala hrvatskoglagoljskog brevijara','Dio pergamentnog lista','Pronašla ga je Anica Vlašić-Anić, nalazi se u Knjižnici kapucinskog samostana Gospe Lurdske u Rijeci',NULL,NULL),(38,38,'hr','Omišaljski list apostola',3,'Krk','XIII. - XIV. stoljeće','Ustavna glagoljica','Hrvatskostaroslavenski jezik','Poslanica Sv. Pavla apostola Rimljanima','List pergamenta','Jako važan spomenik za hrvatsko glagoljaštvo jer dokazuje da su u okviru hrvatskoga, zapadno orijentiranoga glagoljaštva postojali cjeloviti apostoli, što je inače svojstveno istočnoj Crkvi',NULL,NULL),(39,39,'hr','Prvi vrbnički brevijar',3,'Vrbnik','XIII. - XIV. stoljeće','Ustavna glagoljica','Hrvatskostaroslavenski jezik (s mnogo arhaičnih staroslavenizama, ali i elemenata govornoga hrvatskoga jezika)','Slijedi skraćeni oficij rimske kurije, važan za proučavanje biblijskih tekstova','259 pergamentnih listova','Sadrži lokalna dijalektna obilježja vrbničkog područja, čuva se u Župnom uredu u Vrbniku',NULL,NULL),(40,40,'hr','Birbinjski fragment misala',3,'Dugi otok','XIII. stoljeće','Ustavna glagoljica','Hrvatskostaroslavenski jezik','Temporal, perikope na Veliki petak','List pergamenta','Čuva se u Sanktpeterburgu, nalazi se u Berčićevoj zbirci',NULL,NULL),(41,41,'hr','Krčki fragment pasionala',3,'Krk','XIII. stoljeće','Ustavna glagoljica','Hrvatskostaroslavenski jezik','Pasija četrdeset sebastenskih mučenika, odlomak Mučenja Sv. Jurja, odlomak Pseudo-Prohorovih Djela Ivanovih i odlomak neke homilije','3 lista pergamenta + 1 manji dio lista','Nalazi se u Arhivu (bivše) Staroslavenske akademije',NULL,NULL),(42,42,'hr','Belski fragment misala',3,'Cres','XIII. stoljeće','Ustavna glagoljica','Hrvatskostaroslavenski jezik','Dio misala, nepotpuna misa u utorak po Uskrsu','Oštećeni komad pergamenta','Jedan od najstarijih odlomaka glagoljskih misala hrvatske redakcije',NULL,NULL),(43,43,'hr','Glagoljski grafiti u Sv. Martinu u Lovčiću',3,'Lovčić kraj Slavonskog Broda','XIII. - XIV. stoljeće','Ustavna/formativna glagoljica','Hrvatskostaroslavenski jezik','Tri grafita u kojima je ispisano nekoliko slova, a u posljednjem grafitu vidljive su riječi TLINA, BRT, MRT','Tri kamena grafita','Milan Paun je pronašao i istražio grafite, smatra da slova upućuju na sveca Sv. Martina',NULL,NULL),(44,44,'hr','Kirinov/Lobkovicov psaltir',4,'Lika','1359. godina','Ustavna glagoljica','Hrvatskostaroslavenski jezik','Zbirka psalama, kantici, Atanazijevo vjerovanje, Te Deum, komunal, misa u čast Sv. Trojstva, mise za mrtve, mise u čast Blažene Djevice Marije, litanije svih svetih, Apostolsko vjerovanje','160 listova pergamenta','Nazvan po posljednjim vlasnicima iz obitelji Lobkovic, u kolofonu na kraju rukopisa očuvala se bilješka o pisaru, žaknu Kirinu iz crkve Sv. Kuzme i Damjana u Senju, najstarija poznata knjiga psalama, čuva se u Narodnom muzeju u Pragu',NULL,NULL),(45,45,'hr','Misal kneza Novaka',4,'Lika','1368. godina','Ustavna glagoljica','Hrvatskostaroslavenski jezik','Sadrži temporal, red mise s kanonom, zavjetne mise, sanktoral, komunal, ritualne tekstove i molitve','271 list pergamenta','Pisao ga je knez Novak Disislavić, dvorski vitez kralja Ludovika I., u tom kodeksu je hrvatska ustavna glagoljica dosegla vrhunac pismovnog razvoja, obiluje sjajno izvedenim inicijalima, poznat je po tome što su u njemu zabilježeni i prvi hrvatski čakavski osmerački stihovi, poslužio kao osnovni predložak za prvu hrvatsku tiskanu knjigu Misal po zakonu rimskoga dvora čuva se u Austrijskoj nacionalnoj knjižnici',NULL,NULL),(46,46,'hr','Bula pape Grgura XI. pavlinima',4,'Avignon','1371. godina','Poluustavna/kurzivna glagoljica','Latinski jezik (prevedena na hrvatski za hrvatske samostane pavlinskoga reda u Hrvatskom primorju)','Utvrđuje pravo vlasništva pavlinskoga reda na sve posjede, kao i na prihode od dara almozine iz raznih izvora, govori se i o pravu na pokop unutar zidina samostana, o načinu izbora novoga priora, otkupu prava na desetinu i samostanske posjede od svjetovnjaka i drugo',' ','Izvorno napisana na latinskom jeziku, čuva se u NSK u Zagrebu',NULL,NULL),(47,47,'hr','Sokolska listina',4,'Zapadna Bosna','1380. godina','Poluustavna glagoljica','Starohrvatski jezik',' ','List pergamenta - dokument',' ',NULL,NULL),(48,48,'hr','Senjski statut',4,'Senj','1388. godina','Prijepis hrvatskoga prijevoda izvornoga latinskog teksta statuta iz 1388. godine, do suvremenih primatelja dolazi u Ručićevu latiničnom prijepisu iz 1701. godine, vjerojatna na glagoljičnom pismu','Starohrvatski jezik','130 članaka o pravima senjskih plemića (Stjepan i Ivan Frankapan i drugi)','22 lista pergamenta','Latinski original čuvao se u Arhivu grada Senja do II. svjetskog rata, poslije toga nestao',NULL,NULL),(49,49,'hr','Počiteljska isprava',4,'Počitelj u Lici','1393. godina','Rana kurzivna glagoljica','Starohrvatski jezik','Isprava/dokument','1 list','Čuva se u Arhivu HAZU u Zagrebu',NULL,NULL),(50,50,'hr','Reimski zbornik',4,'Reims','1395. godina','Ustavna glagoljica (i ćirilica)','Hrvatsko-staroslavenski jezik','Lekcionar za veće blagdane, namijenjen pontifikalnoj misi emauskih opata','31 pergamentni list ustavne glagoljice','Jedan opat zapisao je kako je prvi dio zbornika pisan srpskim jezikom (ćirilicom), a drugi ilirskim, odnosno hrvatskim jezikom, na njemu su kraljevi prisezali kruneći se, a taj glagoljički dio je hrvatskog podrijetla, i iz škole hrvatskih benediktinaca, ali ga je prepisao neki Čeh 1395. godine u praškom samostanu Emausu, čuva se u Gradskoj knjižnici u Reimsu',NULL,NULL),(51,51,'hr','Kožljačko-mošćenički razvod',4,'Mošćenica, Istra','1395. godina','Ustavna (i kurzivna) glagoljica','Starohrvatski jezik',' ',' ','Najstariji sačuvani glagoljski tekst iz mošćeničke župe',NULL,NULL),(52,52,'hr','Brevijar Vida Omišljanina',4,'Krk','1396. godina','Ustavna glagoljica','Hrvatskostaroslavenski jezik','Sadrži službe za blagdane Gospodnje i za nedjelje, opširni biblijski tekstovi','468 listova pergamenta','Teži gotovo 10 kilograma; sadrži grecizme uz latinske i bosanske utjecaje, pisao ga je Vid iz Omišlja za crkvu u Roču, čuva se u Austrijskoj nacionalnoj knjižnici',NULL,NULL),(53,53,'hr','Grafiti u Brodskom Drenovcu kod Požege',4,'Brodski Drenovac','XIV. - XV. stoljeće','Formativna/ustavna glagoljica','Hrvatskostaroslavenski i starohrvatski jezik','Zabilježena slova s vanjske istočne strane i oko crkvenih vrata (DRAGO, VIOT, EČR, TORO; RAB; U DRÊNOVÊCE TO E PISA BRT RÊČIĆ i dr.)','4 grafita','Četiri grafita nalaze se na gotičkom kustodiju, na jednom su kamenu prikazana tri kralja kako se odlaze pokloniti Isusu',NULL,NULL),(54,54,'hr','Vatikanski brevijar Illirico 5',4,'Lika','XIV. stoljeće','Ustavna glagoljica','Hrvatskostaroslavenski jezik','Temporal, kalendar','248 listova pergamenta','Čuva se u Apostolskoj knjižnici u Vatikanu, pisan u Tribihovićima u Lici, Turci su ga zaplijenili pa su dobri muž Okrugljane i Tribihovićane otkupili 1487. godine',NULL,NULL),(55,55,'hr','Vatikanski brevijar Illirico 6',4,'Lika','XIV. stoljeće (1379.?)','Ustavna glagoljica','Hrvatskostaroslavenski jezik','Psaltir, kantici i himni, općinstvo svetih, oficij za mrtve, ritualni tekstovi, sanktoral','212 listova pergamenta','Čuva se u Apostolskoj knjižnici u Vatikanu, pisao ga je pisar Fabijan u Tribihovićima, u vrijeme kneza Anža',NULL,NULL),(56,56,'hr','Pašmanski brevijar',4,'Pašman','XIV. - XV. stoljeće','Ustavna glagoljica','Hrvatskostaroslavenski jezik','Temporal, sanktoral, psaltir s kanticima, i himnima, kalendar, komunal','414 listova pergamenta','Jedan od rijetkih potpuno očuvanih glagoljskih kodeksa, čuva se u Arhivu HAZU u Zagrebu',NULL,NULL),(57,57,'hr','Fragment govora o svetkovanju nedjelje',4,' ','XIV. stoljeće','Poluustavna glagoljica','Hrvatskostaroslavenski jezik','Odlomak govora o svetkovanju nedjelje, potvrde iz oba zavjeta, kritika svećenstva','Dvolist pergamenta','Govor je preveo Hrvat u emauskom periodu s češkog jezika (zbog toga sadrži riječi češkog jezika)',NULL,NULL),(58,58,'hr','Pazinski fragmenti',4,'Pazin','XIV. stoljeće','Ustavna glagoljica','Hrvatskostaroslavenski jezik','Odlomak Legende o Sv. Eustahiju, odlomak apokrifa o križnom drvetu, odlomci apokrifa Uspenje Bogorodice, odlomci apokrifnog Nikodemova evanđelja','17 pergamentnih fragmenata','11 fragmenata pronašao je Ivan Kukuljević Sakcinski u XIV. stoljeću, a ostalih 6 pronađeno je 2005. godine u Pazinu',NULL,NULL),(59,59,'hr','Ivančićev zbornik',4,' ','XIV. - XV. stoljeće','Ustavna glagoljica','Hrvatsko-staroslavenski jezik (mješavina hrvatskočakavskih i staroslavenskih elemenata)','Sadrži Marijina čudesa, Pitanja i odgovore, Riči od nauka svetih otaca i Blagoslov stola','181 list pergamenta','Služio za izobrazbu glagoljaškog svećeničkog podmlatka, naziv dobio po Stjepanu Ivančiću koji ga je prvi otkrio, čuva se u Samostanu franjevaca trećoredaca na Ksaveru u Zagrebu',NULL,NULL),(60,60,'hr','Čajnički evanđelistar',4,'Čajniče, jugoistočna Bosna','XIV. - XV. stoljeće','Glagoljica u ćiriličnom kodeksu – primjer retardirane/degenerirane glagoljice kakva se u Bosni rabila u XIII. stoljeću','Bosanska redakcija staroslavenskoga jezika','Evanđelistar','Sačuvano 167 listova pergamenta','Osim evanđelistara, sadrži i nepotpunu i deformiranu glagoljičku azbuku; pripadao obitelji Rađenović, nalazi se u Muzeju Crkve Uspenja Bogorodice i Crkve Vaznesenja Hristovog u Čajniču',NULL,NULL),(61,61,'hr','Hrvatski glagoljički fragment iz Beineckea',4,'Beinecke, SAD','XIV. - XV. stoljeće','Ustavna glagoljica','Hrvatskostaroslavenski jezik','Dvolist misalskog fragmenta; čitanja za Bdijenje Svih svetih (Otkrivenje 5.6-12)','Dvolist pergamenta (fragment)',' ',NULL,NULL),(62,62,'hr','Kopenhagenski misal',4,'Roč u Istri ili Krk','XIV. stoljeće','Ustavna glagoljica','Hrvatskostaroslavenski jezik','Misal i abecedarij (temporal - nepotpun, kanon mise - nepotpun, kalendar, komunal, zavjetne mise, mise za mrtve, sanktoral)','263 folije','Rukopis se 1499. nalazio u Roču u Istri, imao je više predložaka i pisara i zbog toga je nepoznata lokacija, u XIX. stoljeću završio je u Austrijskoj nacionalnoj knjižnici u Beču, danas se čuva u Danskoj kraljevskoj knjižnici u Kopenhagenu',NULL,NULL),(63,63,'hr','Pariška pjesmarica (Psaltir pariškog kodeksa)',4,'Sjeverna Hrvatska, Istra ili Primorje','XIV. stoljeće (1380.)','Ustavna glagoljica','Hrvatsko-staroslavenski jezik','Kalendar, brevijar (psaltir, komunal), misal, ritualni tekstovi, zbirka duhovnih pjesama (pjesmarica koju čini 9 duhovnih pjesama)','200 listova pergamenta','Pjesme prvi put objavio Josef Vajs 1905., čuva se u Nacionalnoj knjižnici u Parizu',NULL,NULL),(64,64,'hr','Akademijin brevijar',4,'Istra','XIV. stoljeće (1384.?)','Ustavna glagoljica','Hrvatskostaroslavenski jezik','Psaltir, kantici, himni, komunal, mise za mrtve, Marijin oficij i kalendar','70 listova pergamenta','Čuva se u Arhivu HAZU u Zagrebu',NULL,NULL),(65,65,'hr','Krčki/Vrbnički/Vrbanski statut',4,'Krk','XIV. stoljeće (1388.)','Ustavna/kurzivna glagoljica i latinički kurziv','Starohrvatski jezik','Službeni dokument kojim su regulirana pravna pitanja u vrbničkoj općini','4 sveska s različitim brojem stranica','Statut privukao pozornost pravnika, povjesničara i filologa, izdan više puta u Hrvatskoj, a restauriran 1949. godine, po starosti drugi statut u Hrvatskoj, odmah iza Vinodolskog zakona čuva se u NSK u Zagrebu',NULL,NULL),(66,66,'hr','Regula Sv. Benedikta',4,'Čokovac kod Tkona na otoku Pašmanu','XIV. stoljeće','Poluustavna glagoljica','Hrvatsko-staroslavenski jezik (s mnoštvom čakavizama)','Pravila benediktinskog reda','60 pergamentnih listova','Rukopis je prvi izdao Armin Pavić 1875. godine u Starinama, prepisana s mnogo starijeg predloška u benediktinskoj opatiji Sv. Kuzme i Damjana, čuva se u HAZU',NULL,NULL),(67,67,'hr','Vatikanski misal Illirico 4',4,'Omišalj','XIV. stoljeće','Ustavna glagoljica','Hrvatskostaroslavenski jezik','Temporal, kalendar, red mise, kanon mise, sanktoral, komunal, zavjetne mise, mise za mrtve, ritualni tekstovi','278 listova pergamenta','Najstariji cjeloviti sačuvani hrvatskoglagoljski misal, čuva se u Vatikanskoj knjižnici',NULL,NULL),(68,68,'hr','Odlomak hrvatskoglagoljičkog misala u Krakovu',4,'Krakov','XIV. stoljeće','Ustavna glagoljica','Hrvatskostaroslavenski jezik','Dijelovi misa na Obraćenje Sv. Pavla i na blagdan Sv. Petra i Pavla i dio mise za mrtve','3 lista pergamenta','Hrvatski glagoljaši djelovali u samostanu Kleparz u Krakovu, u požaru 1584. oštećen samostan, sačuvano vrlo malo glagoljičnih rukopisa, čuva se u Jagelonskoj knjižnici u Krakovu',NULL,NULL),(69,69,'hr','Fragment iz Novoga Mesta',4,'Novo Mesto','XIV. stoljeće','Ustavna glagoljica','Hrvatskostaroslavenski jezik','Odlomak legende o Sv. Eustahiju','Dio lista pergamenta','Odlomak je skinut s korica Rojstne matične knjige, uz Pazinske fragmente drugi hrvatskoglagoljski fragment legende o Sv. Eustahiju',NULL,NULL),(70,70,'hr','Fojnički glagoljski fragment brevijara',4,' ','XIV. stoljeće','Ustavna glagoljica','Hrvatskostaroslavenski jezik','Dio Knjige Izlaska i Slovo Sv. Ivana Zlatoustoga','Oštećeni list pergamenta','Pronašao ga je Josip Hamm 1950. godine u Muzeju Franjevačkog samostana u Fojnici, danas je izgubljen',NULL,NULL),(71,71,'hr','Drugi vrbnički brevijar',4,'Vrbnik','XIV. stoljeće','Ustavna glagoljica','Hrvatskostaroslavenski jezik','Nepotpuni temporal','295 listova pergamenta','Tekst su pisale tri ili četiri ruke',NULL,NULL),(72,72,'hr','Četvrti vrbnički brevijar',4,'Vrbnik','XIV. stoljeće','Ustavna glagoljica','Hrvatskostaroslavenski jezik','Sanktoral i komunal','112 listova pergamenta','Nedostaje oko 150 listova, čuva se u Vrbniku od 1605. godine',NULL,NULL),(73,73,'hr','Padovanski brevijar',4,' ','XIV. stoljeće','Ustavna glagoljica','Hrvatskostaroslavenski jezik','Temporal','308 listova pergamenta','Pisalo ga je najmanje pet pisara, nalazi se u Padovi',NULL,NULL),(74,74,'hr','Medicejski brevijar',4,' ','XIV. stoljeće','Ustavna glagoljica','Hrvatskostaroslavenski jezik','Psaltir s kanticima, laude i kantici, komunal, temporal, mise za mrtve, Dies irae','124 lista pergamenta','Nalazi se u Firenci',NULL,NULL),(75,75,'hr','Oxfordski brevijar-misal',4,' ','XIV. stoljeće','Ustavna glagoljica','Hrvatskostaroslavenski jezik','Brevijar, misal i ritual','410 listova pergamenta','Ispisan neuobičajeno sitnim glagoljskim slovima, do nedavno datiran u 1310. godinu, ali su istraživači u novije vrijeme skeptični pa je datiran okvirno',NULL,NULL),(76,76,'hr','Glagoljički abecedarij Jurja Slovinca',5,'Tours, Francuska','1400. godina','Ustavna glagoljica','Hrvatskostaroslavenski jezik (naglašeno ikaviziran)','Abecedarij i osnovne kršćanske molitve glagoljičkim pismom','Mala knjižica/glagoljaška početnica','Juraj Slovinac (Georgius de Sclavonia) bio je profesor na pariškom sveučilištu Sorbonne, po sjećanju napisao abecedarij i molitve kako bi kolegama pokazao da postoji izvorno hrvatsko pismo',NULL,NULL),(77,77,'hr','Berlinski misal',5,'Lika','1402. godina','Ustavna glagoljica','Hrvatskostaroslavenski jezik','Temporal, red mise, zavjetne mise, kalendar, sanktoral, komunal i ritualni tekstovi','218 pergamentnih listova','Najstariji očuvani rukopis Bartola Krbavca, listovi oslikani minijaturama, čuva se u Državnoj knjižnici u Berlinu',NULL,NULL),(78,78,'hr','Glagoljska isprava iz Ostrožca kod Bihaća',5,'Ostrožac kod Bihaća','1403. godina','Poluustavna glagoljica','Starohrvatski jezik',' ','Pergament s pečatom na vrpci od ljubičaste svile','Čuva se u arhivu knezova Auersperg u Ljubljani',NULL,NULL),(79,79,'hr','Hrvojev misal',5,'Zadarsko područje','1404. godina','Ustavna glagoljica','Hrvatskostaroslavenski jezik (s mnogo kroatizama)','Temporal, red mise, kalendar, sanktoral, komunal, zavjetne mise i ritualni tekstovi','247 pergamentnih listova','Napisao ga je pisar Butko za Hrvoja Vukčića Hrvatinića, sadrži puno iluminacija od urešenih i oslikanih inicijala, nakon osmanskog osvojenja Bosne, nalazio se u Budimu, a potom je dospio u Istanbul gdje se danas čuva u Topkapi Sarayi',NULL,NULL),(80,80,'hr','Dragućki brevijar',5,'Krbavsko-zadarski krug','1407. godina','Ustavna glagoljica','Hrvatskostaroslavenski jezik','Temporal, rubrika, himni, kalendar, dodani oficiji','196 pergamentnih listova','Pisalo ga je više ruku, mjesto pisanja se smješta u krbavsko područje zbog brojnih ikavizama, a kasnije je tek donesen u Istru u Draguć, iluminiran, sadrži ilustracije uskrsnuća, proroka i orla',NULL,NULL),(81,81,'hr','Bakarski brevijar',5,'Bakar','1414. godina','Ustavna glagoljica','Hrvatskostaroslavenski jezik','Sadrži crkvenu kroniku Bakra',' ','Pisao ga je Bartol Krbavac, izgubljen je',NULL,NULL),(82,82,'hr','Češka glagoljska Biblija',5,' ','1416. godina','Ustavna glagoljica','Hrvatskostaroslavenski jezik (i češki)','Sadrži dijelove najstarijeg češkog prijevoda Biblije','258 pergamentnih folija','Autori su češki učenici hrvatskih glagoljaša što u knjizi izrijekom navode',NULL,NULL),(83,83,'hr','Ročki misal',5,'Roč, Istra','Oko 1420. godine','Ustavna glagoljica','Hrvatskostaroslavenski jezik','Temporal, kalendar, red mise, kanon mise, sanktoral, komunal, zavjetne mise, mise za mrtve, ritualni tekstovi','232 lista pergamenta','Autor je Bartol Krbavac, 13 listova napisao je neki drugi pisac, misal je bogat iluminacijama, u Roču se rabio do 1593. godine, a danas se čuva u Austrijskoj nacionalnoj knjižnici u Beču',NULL,NULL),(84,84,'hr','Barbanski misal',5,'Barban, Istra','1425. godina','Ustavna glagoljica','Hrvatskostaroslavenski jezik',' ','1 list (ostali izgubljeni)','Autor je Urban, barbanski župnik',NULL,NULL),(85,85,'hr','Zakon brašćine sv. Marije Goričke u Baški',5,'Baška','1425. godina','Ustavna glagoljica','Starohrvatski jezik (krčka čakavica s jakim utjecajem staroslavenskoga jezika)','Pravila reda','Sedam listova od kojih su dva izgubljena','Najstariji sačuvani statut jedne bratovštine napisan glagoljicom',NULL,NULL),(86,86,'hr','Listina iz Like',5,'Lika','1433. godina','Kurzivna glagoljica','Starohrvatski jezik','Matijica Utišenić ostavlja zemlju crkvi Sv. Ivana na Gori','List pergamenta - isprava','Ima 6 visećih pečata, čuva se u Knjižnici franjevačke provincije Sv. Križa',NULL,NULL),(87,87,'hr','Misal Borgiano Illirico 8',5,' ','1435. godina','Ustavna glagoljica','Hrvatskostaroslavenski jezik','Temporal, red mise, zavjetne mise i mise za mrtve, ritualni tekstovi, rubrike, kalendar, komunal, sanktoral...','288 pergamentnih listova','U tekstu se na početku i na kraju nalazi glagoljska azbuka, a također se nalazi i ćirilična azbuka, čuva se u Apostolskoj knjižnici u Vatikanu',NULL,NULL),(88,88,'hr','Humski brevijar',5,'>Hum, Istra','1442. godina','Ustavna glagoljica','Hrvatskostaroslavenski jezik','Sanktoral','183 lista pergamenta','U tekstu se nalazi i kratka bilješka ćirilicom na margini (s(ve)ta katarina), čuva se u Nacionalnoj i sveučilišnoj knjižnici u Zagrebu',NULL,NULL),(89,89,'hr','Hrvatskoglagoljski brevijar MR 161',5,' ','1442. godina','Ustavna glagoljica','Hrvatskostaroslavenski jezik','Temporal, sanktoral, kalendar, rubrike i himni','469 listova pergamenta','Koristio se u Bakru sve do 18. stoljeća, ukrašen inicijalima i minijaturama, čuva se u Metropolitanskoj knjižnici u Zagrebu',NULL,NULL),(90,90,'hr','Moskovski brevijar',5,' ','1442./1443. godina','Ustavna glagoljica','Hrvatskostaroslavenski jezik','Knjiga o Jobu i drugi biblijski tekstovi','Dva sveska: prvi 245 listova, drugi 250 listova','Neki jezični čimbenici upućuju na to da je rukopis nastao u Lici, 1864. godine pronašao ga je Vatroslav Jagić u Rusiji, čuva se u Državnoj knjižnici u Moskvi',NULL,NULL),(91,91,'hr','Oporuka Tome Partinića',5,' ','1445. godina','Poluustavna glagoljica','Starohrvatski jezik','Oporuka',' ','Oporuka je sačuvana samo u kasnijem prijepisu',NULL,NULL),(92,92,'hr','Zrcalo žakna Luke iz Vrbnika',5,'Vrbnik','1445. godina','Ustavna glagoljica','Starohrvatski jezik','Duhovno štivo pisano narodnim jezikom',' ','Nalazi se u Vatikanskoj knjižnici',NULL,NULL),(93,93,'hr','Povelja Dujma IV. Frankapana',5,'Senj','1447. godina','Kurzivna glagoljica','Starohrvatski jezik','Knez Dujam daruje sjenokošu samostanu sv. Jelene blizu Senja','1 list - isprava',' ',NULL,NULL),(94,94,'hr','Prvi vrbnički misal',5,'Vrbnik','1456. godina','Ustavna glagoljica','Hrvatskostaroslavenski jezik','Temporal, red mise s kanonom, zavjetne mise, sanktoral, komunal, kalendar i ritualni tekstovi','256 pergamentnih listova','Pisao ga je senjski arhiđakon i vikar pop Tomas, vjerojatno su ga iluminirale dvije ili tri osobe, čuva se u Župnom uredu u Vrbniku',NULL,NULL),(95,95,'hr','Prvi novljanski brevijar',5,'Novi Vinodolski','1459. godina','Ustavna glagoljica','Hrvatskostaroslavenski jezik','Temporal, rubrike, kalendar, psaltir, kantici, komunal, sanktoral, Legenda o Vaclavu','466 pergamentnih listova','Legenda o Vaclavu pisana je slično kao i legenda o pogibiji kralja Zvonimira, na marginama ima puno zanimljivih povijesnih zapisa iz kasnijih vremena, čuva se u Župnom uredu u Novom Vinodolskom',NULL,NULL),(96,96,'hr','Mavrov brevijar',5,'Krk','1460. godina','Ustavna glagoljica','Hrvatskostaroslavenski jezik','Sadrži treću inačicu službe Sv. Ćirila i Metoda koja je do tada bila nepoznata, temporal, sanktoral, psaltir s himnima i kanticima, komunal, kalendar','417 listova','Brevijar je pisao Blaž Baromić, dovršio pop Jure iz Baške, čuva se u Nacionalnoj i sveučilišnoj knjižnici u Zagrebu',NULL,NULL),(97,97,'hr','Knjiga korizmenih propovijedi',5,' ','1460. godina','Ustavna glagoljica','Hrvatskostaroslavenski jezik','Propovijedi za korizmeno vrijeme',' ','Čuva se u Javnoj knjižnici u Portu, jedno je vrijeme bila u vlasništvu Alberta Fortisa iz Italije',NULL,NULL),(98,98,'hr','Glagoljski list iz II. vrbničkog misala',5,' ','1462. godina','Ustavna glagoljica','Hrvatskostaroslavenski jezik',' ','1 list','Čuva se u Sveučilišnoj knjižnici u Princetonu',NULL,NULL),(99,99,'hr','Drugi vrbnički misal',5,'Vrbnik','1462. godina','Ustavna glagoljica','Hrvatskostaroslavenski jezik','Temporal, sanktoral, komunal, zavjetne mise, mise za mrtve, red mise s kanonom, ritualni tekstovi','286 pergamentnih listova','Iluminiran u Italiji (Ferrara), iluminator nije znao hrvatski jezik, jedan list se danas čuva u Sveučilišnoj knjižnici u Princetonu',NULL,NULL),(100,100,'hr','Fraščićev psaltir',5,'Istra','1463. godina','Poluustavna glagoljica','Hrvatsko-staroslavenski jezik','Psaltir i kantici s komentarom','132 lista','Napisao ga je u Lindaru pop Petar Fraščić, jedini očuvani glagoljski psaltir s komentarom bizantskoga tipa',NULL,NULL),(101,101,'hr','Vatikanski brevijar Vat. Slav. 19',5,' ','1465. godina','Ustavna glagoljica','Hrvatskostaroslavenski jezik','Temporal, psaltir, kantici, himni, komunal, sanktoral i kalendar','384 pergamentna lista + 3 lista papira','Nalazi se u Rimu',NULL,NULL),(102,102,'hr','Petrisov zbornik',5,'Istra ili Ozalj','1468. godina','Poluustavna/kurzivna glagoljica','Hrvatsko-staroslavenski jezik (mješavina čakavskih, kajkavskih i staroslavenskih jezičnih jedinica)','Tekstovi iz apokrifne književnosti i srednjovjekovnih romana, crkvene pjesme i govori, moralno-poučni tekstovi, enciklopedijski tekstovi (Lucidar)','350 pergamentnih listova','Nazvan je po krčkom kanoniku Josipu Antunu Petrisu u čijoj je ostavštini pronađen, čuva se u NSK u Zagrebu',NULL,NULL),(103,103,'hr','Lička listina',5,'Lika','1469. godina','Poluustavna glagoljica','Starohrvatski jezik','Sud potvrđuje oporuku ličkog plemića Matijice Utišenića kojom ostavlja zemlju crkvi Sv. Ivana','List pergamenta - isprava','Listinu iz 1433. potvrđuje ova listina',NULL,NULL),(104,104,'hr','Bribirski brevijar',5,'Bribir','1470. godina','Ustavna glagoljica','Hrvatskostaroslavenski jezik','Temporal, psaltir s kanticima, komunal, mise za mrtve, kalendar i sanktoral','199 pergamentnih listova','Pronašao ga je Ivan Kukuljević, nalazi se u HAZU u Zagrebu',NULL,NULL),(105,105,'hr','Zapis Jurja iz Roča u Novakovu misalu',5,' ','1482. godina','Kurzivna glagoljica','Starohrvatski jezik','Dio Novakova misala iz 1368. godine, najava tiska','Marginalni zapis','Vita! Vita! Štampa naša gori gre. Tako ja oću da naša gori gre. 1482. meseca ijuna 26. dni to bje pisano v grade Izulje. To pisa Juri žakan iz Roča. Bog mu pomagaj i vsem ki mu dobro ote.',NULL,NULL),(106,106,'hr','Misal po zakonu rimskoga dvora',5,' ','1483. godina','Ustavna glagoljica','Hrvatskostaroslavenski jezik','Temporal, red mise, zavjetne mise, sanktoral, komunal i ritualni tekstovi','219 listova','Najstarija hrvatska tiskana knjiga, prvi katolički misal u Europi koji nije otisnut latinicom i latinskim jezikom, čuva se u NSK u Zagrebu',NULL,NULL),(107,107,'hr','Vinodolski/Kukuljevićev brevijar',5,' ','1485. godina','Ustavna glagoljica','Hrvatskostaroslavenski jezik','Temporal, sanktoral, kalendar i komunal','165 listova pergamenta','Prilično oštećen brevijar, fali preko 150 listova, prema izraženim ikavizmima može se pretpostaviti da tekst pripada zadarskom/krbavskom području, čuva se u Hrvatskoj akademiji znanosti i umjetnosti',NULL,NULL),(108,108,'hr','Misal Borgiano illirico 10',5,'Lika','1485. godina','Ustavna glagoljica','Hrvatskostaroslavenski jezik','Temporal, psaltir, komunal i sanktoral','407 listova pergamenta + 2 lista papira','Čuva se u Apostolskoj knjižnici u Vatikanu',NULL,NULL),(109,109,'hr','Dabarski brevijar',5,'Dabar kod Otočca','1486. godina','Ustavna/poluustavna glagoljica','Hrvatskostaroslavenski jezik','Temporal, psaltir, komunal i sanktoral','306 listova pergamenta','Napisao ga je pop Stipan iz ličkog mjesta Dabra kod Otočca',NULL,NULL),(110,110,'hr','Kolunićev zbornik',5,'Kneževa Vasa kod Otočca','1486. godina','Poluustavna glagoljica','Hrvatsko-staroslavenski jezik (čakavski s elementima kajkavskog)','Zbirka korizmenih propovijedi, traktat o sedam smrtnih grijeha','197 listova (prva 42 lista izgubljena)','Nazvan po žaknu Brozu Koluniću koji ga je prepisao',NULL,NULL),(111,111,'hr','Brevijar po zakonu rimskoga dvora',5,'Kosinj','1491. godina','Ustavna glagoljica','Hrvatskostaroslavenski jezik','Kalendar, temporal, psaltir, kantici, sanktoral i komunal','380 listova','1991. otisnut pretisak brevijara povodom 500. godišnjice, najstariji glagoljični tiskani časoslov, glagoljska inkunabula, čuva se u Nacionalnoj knjižnici u Veneciji',NULL,NULL),(112,112,'hr','Tlmačenie od muki Gospoda našego Isuhrsta',5,' ','1493. godina','Kurzivna glagoljica','Hrvatsko-staroslavenski jezik',' ',' ','Autor je Šimun Greblo koji je u to doba bio žakan oko lit',NULL,NULL),(113,113,'hr','Baromićev brevijar',5,'Venecija','1493. godina','Ustavna glagoljica','Hrvatskostaroslavenski jezik','Kalendar, psaltir, kantici, himni, temporal, sanktoral, komunal, kanon mise, red mise, ritual','544 lista','Sačuvano samo 5 primjeraka te inkunabule, jedini se potpuni primjer nalazi u Sibiu u Rumunjskoj, tiskao ga je Blaž Baromić, senjski kanonik koji je osnovao glagoljsku tiskaru, čuva se u NSK u Zagrebu',NULL,NULL),(114,114,'hr','Senjski misal',5,'Senj','1494. godina','Ustavna glagoljica','Hrvatskostaroslavenski jezik','Kalendar, temporal, red mise s kanonom i mise za mrtve','216 listova','Prva knjiga otisnuta u senjskoj glagoljskoj tiskari (1494. - 1508.)',NULL,NULL),(115,115,'hr','Drugi novljanski brevijar',5,'Grobnik','1495. godina','Ustavna glagoljica','Hrvatskostaroslavenski jezik','Plenarni brevijar Rimske kurije: temporal, kalendar, psaltir, kantici i himni, mise za mrtve, komunal, sanktoral, mise u čast Blažene Djevice Marije','500 listova pergamenta','Napisao ga pop Martinac u Grobniku, dramatski pisano štivo, govori o turskoj opasnosti',NULL,NULL),(116,116,'hr','Zapis popa Martinca o bitki na Krbavskome polju 1493.',5,' ','1495. godina','Ustavna glagoljica','Hrvatsko-staroslavenski jezik','Opis i komentar bitke na Krbavskome polju iz 1493. godine',' ','Zapis se nalazi u Drugom novljanskom brevijaru iz 1495. godine',NULL,NULL),(117,117,'hr','Isprava kneza Anža Frankapana',5,'Brinje','1495. godina','Kurzivna glagoljica','Starohrvatski jezik','Knez daruje samostanu Sv. Spasa selo','1 list - isprava',' ',NULL,NULL),(118,118,'hr','Spovid općena',5,'Senj','1496. godina','Ustavna glagoljica','Hrvatsko-staroslavenski/starohrvatski jezik (čakavština ikavsko-ekavskog odraza jata uz obilje talijanizama)','Upute redovnicima kako ispovijedati grješnike i kako ih uputiti da se dobro ispovjede','40 listova','Najmanja među knjigama koje je tiskao Blaž Baromić, sačuvan samo jedan primjerak, čuva se u Samostanu franjevaca trećoredaca na Ksaveru u Zagrebu',NULL,NULL),(119,119,'hr','Klimantovićev zbornik',5,'Krk i sjeverna Dalmacija','1492. - 1512. godine','Poluustavna glagoljica','Hrvatsko-staroslavenski jezik','Povijesni, pravni, moralno-poučni i ritualni tekstovi','235 pergamentnih listova','Čuva se u Samostanu franjevaca trećoredaca na Ksaveru u Zagrebu',NULL,NULL),(120,120,'hr','Hrvatskoglagoljska legenda o Sv. Mauru',5,'Istra','XV. stoljeće','Ustavna glagoljica','Hrvatskostaroslavenski jezik','Životopis Sv. Maura/Mavra',' ','Sveti Mauro prvi je poznati biskup Porečke biskupije, za Dioklecijanova progona je mučen i ubijen, legenda se nalazi u glagoljičkoj Berčićevoj zbirci br.5 iz XV. stoljeća',NULL,NULL),(121,121,'hr','Newyorški misal',5,'Zadar','XV. stoljeće','Ustavna glagoljica','Hrvatskostaroslavenski jezik','Temporal, red i kanon mise, različite molitve, zavjetne mise, mise u čast Blažene Djevice Marije, mise za mrtve, sanktoral, komunal, ritualni tekstovi','293 lista pergamenta','Smatra se da je misal pisan u okolici Zadra ili na ličko-krbavskom području te da su ga pisale dvije skupine pisara, a danas se čuva u The Pierpont Morgan knjižnici u New Yorku',NULL,NULL),(122,122,'hr','List pergamene s otoka Krka',5,'Krk','XV. stoljeće','Ustavna glagoljica','Starohrvatski jezik','Dio pravila jedne svjetovne bratovštine s otoka Krka','List pergamenta','Čuva se u Nacionalnoj knjižnici u Oslu',NULL,NULL),(123,123,'hr','Moskovski fragment glagoljskog misala',5,' ','XV. stoljeće','Ustavna glagoljica','Hrvatskostaroslavenski jezik','Sadrži Kanon mise s nekoliko prefacija i votivne mise','17 listova pergamenta','Čuva se u Državnom povijesnom muzeju u Moskvi, pretpostavlja se da je pisac fra Juraj',NULL,NULL),(124,124,'hr','Kaptolska Kvaderna',5,'Senj','XV. stoljeće','Poluustavna/kurzivna glagoljica','Starohrvatski jezik','Pravni spisi',' ','Sačuvana je Kvaderna pisana u XVI. i XVII. stoljeću, u Kvaderni piše imovinsko stanje senjskog kaptola',NULL,NULL),(125,125,'hr','Baselski odlomak brevijara',5,' ','XV. stoljeće','Ustavna glagoljica','Hrvatskostaroslavenski jezik',' ','Odlomak glagoljskog rukopisa','Čuva se u Sveučilišnoj knjižnici u Baselu',NULL,NULL),(126,126,'hr','Berčićev zbornik br. 5',5,' ','XV. stoljeće','Kurzivna glagoljica','Hrvatskostaroslavenski jezik (čakavsko narječje)','Sadrži ispisane prozne tekstove među kojima je i 6 starohrvatskih religioznih pjesama',' ','Čuva se u Ruskoj nacionalnoj knjižnici u Petrogradu',NULL,NULL),(127,127,'hr','Prvi ljubljanski (beramski) misal',5,' ','XV. stoljeće','Ustavna glagoljica','Hrvatskostaroslavenski jezik','Temporal, kalendar, kanon mise, red mise, sanktoral, komunal, zavjetne mise, mise za mrtve i ritualni tekstovi','245 listova pergamenta','Čuva se u Nacionalnoj i sveučilišnoj knjižnici u Ljubljani, prepisao ga je Bartol Krbavac',NULL,NULL),(128,128,'hr','Pulski odlomak glagoljskog misala',5,'Pula','XV. stoljeće','Ustavna glagoljica','Hrvatskostaroslavenski jezik','Cijela misa subote poslije 4. korizmene nedjelje s biblijskim čitanjima i ostalim propisanim molitvama i otpjevima, kao i početak mise Nedjelje Muke','List iz glagoljskog misala','Odlomak je služio kao omot nepoznatoj knjizi',NULL,NULL),(129,129,'hr','Drivenički odlomak glagoljskog brevijara',5,' ','XV. stoljeće','Ustavna glagoljica','Hrvatskostaroslavenski jezik','Sadržio dio govora Sv. Augustina biskupa koji se čitao na zajedničkom oficiju','Dvolist glagoljskog brevijara','Poslužila je kao čvrst hrbat kod uveza druge knjige',NULL,NULL),(130,130,'hr','Odlomak Tomina evanđelja',5,' ','XV. stoljeće','Poluustavna glagoljica','Hrvatskostaroslavenski jezik','Odlomak Tomina evanđelja, apokrif o djetinjstvu Isusa','List papira','Jedina potvrda da je u hrvatskoglagoljskoj književnosti postojao apokrif o Isusovu djetinjstvu koji se pripisivao apostolu Tomi',NULL,NULL),(131,131,'hr','Korizmenjak (Knige svetago Brnardina)',5,' ','XV. - XVI. stoljeće','Poluustavna/ustavna i kurzivna glagoljica','Hrvatskostaroslavenski jezik (čakavski elementi)','Isti sadržaj kao i tekst koji se nalazi u Kolunićevu zborniku, a odnosi se na Korizmenjak','130 listova papira','Ne zna se gdje je knjiga napisana, ali se zbog jezičnih obilježja smješta u čakavske krajeve',NULL,NULL),(132,132,'hr','Antoninov konfesional',5,' ','XV. stoljeće','Poluustavna/ustavna glagoljica','Hrvatskostaroslavenski jezik (čakavski i kajkavski elementi)','Priručnik o ispovijedanju napravljen po Antoninovu konfesionalu Summula confessionis','67 listova pergamenta','Nepoznato mjesto nastanka, s obzirom na karakteristike jezika i pisma smješta ga se u zapadne čakavske krajeve',NULL,NULL),(133,133,'hr','Magijski recepti i zapisi',5,'Vinodol','XV. stoljeće','Ustavna i kurzivna glagoljice','Hrvatsko-staroslavenski jezik','Raznovrsni magijski recepti, upute i molitve','Svezak od 10 listova pergamene','Vlasnici knjižice su Benkovići koji su u to doba iz Grižana - uglavnom svećenici',NULL,NULL),(134,134,'hr','Ljubljanski misal-brevijar',5,' ','XV. stoljeće','Ustavna glagoljica','Hrvatskostaroslavenski jezik','Psaltir, komunal, kalendar, red mise s kanonom, zavjetne mise','177 pergamentnih listova','Ukrašen višebojnim inicijalima, ornamentima i minijaturama, čuva se u Narodnoj i sveučilišnoj knjižnici u Ljubljani',NULL,NULL),(135,135,'hr','Drugi ljubljanski brevijar',5,' ','XV. stoljeće','Ustavna glagoljica','Hrvatskostaroslavenski jezik','Prvi dio - temporal, drugi dio - sanktoral','Prvi dio - 264 lista pergamene, drugi dio - 176 listova pergamene','Brevijar se rabio u Istri, odnosno u Bermu, ukrašen višebojnim inicijalima, ornamentima i minijaturama',NULL,NULL),(136,136,'hr','Bribirski misal',5,'Bribir','XV. stoljeće','Ustavna glagoljica','Hrvatskostaroslavenski jezik','Temporal, red mise s kanonom, rubrike, kalendar, sanktoral, zavjetne mise, mise za mrtve i komunal','103 pergamentna lista','Imao je više listova, uglavnom oštećen i dosta nestalih listova, rukopis urešen inicijalima, čuva se u Arhivu HAZU u Zagrebu',NULL,NULL),(137,137,'hr','Vinodolski zbornik',5,' ','XV. stoljeće','Ustavna glagoljica','Hrvatsko-staroslavenski jezik',' ','65 pergamentnih listova + 3 lista papira','Čuva se u Arhivu HAZU u Zagrebu',NULL,NULL),(138,138,'hr','Korizmenjak IIIa 19',5,' ','XV. - XVI. stoljeće',' ','Hrvatsko-staroslavenski jezik (čakavsko narječje s ponekim kajkavskim jezičnim jedinicama)',' ','130 listova','Čuva se u Arhivu HAZU u Zagrebu',NULL,NULL),(139,139,'hr','Prvi ljubljanski brevijar',5,' ','XV. stoljeće','Ustavna glagoljica','Hrvatskostaroslavenski jezik','Sanktoral i kalendar','180 pergamentnih listova','Zapis iz 1474. godine svjedoči da rukopis potječe iz Berma, čuva se u Narodnoj i sveučilišnoj knjižnici u Ljubljani',NULL,NULL),(140,140,'hr','Fragment brevijara iz Novoga Mesta',5,'Novo Mesto','XV. stoljeće','Ustavna glagoljica','Hrvatskostaroslavenski jezik','Temporal','List pergamenta',' ',NULL,NULL),(141,141,'hr','Drugi ljubljanski (beramski) misal',5,' ','XV. stoljeće','Ustavna glagoljica','Hrvatskostaroslavenski jezik','Temporal, kanon mise, zavjetne mise, sanktoral, ritualni tekstovi i kalendar','196 pergamentnih listova','Čuva se u Ljubljani',NULL,NULL),(142,142,'hr','Prvi oxfordski misal',5,' ','XV. stoljeće','Ustavna glagoljica','Hrvatskostaroslavenski jezik','Temporal, kalendar, rubrike, sanktoral, komunal, zavjetne mise i ritualni tekstovi','180 listova','Bogat inicijalima, čuva se u Oxfordu',NULL,NULL),(143,143,'hr','Drugi oxfordski misal',5,' ','XV. stoljeće','Ustavna glagoljica','Hrvatskostaroslavenski jezik','Temporal, red mise, kalendar, komunal i sanktoral','239 pergamentnih listova','Čuva se u Oxfordu',NULL,NULL),(144,144,'hr','Metropolitanski misal',5,'Vrbnik','XV. stoljeće','Ustavna glagoljica','Hrvatskostaroslavenski jezik','Dio temporala, dio komunala, red mise, zavjetne mise i ritualni tekstovi','63 lista pergamenta','Čuva se u Metropolitanskoj knjižnici u Zagrebu',NULL,NULL),(145,145,'hr','Novljanski misal',5,'Novi Vinodolski','XV. stoljeće','Ustavna glagoljica','Hrvatskostaroslavenski jezik','Tempora, red mise, kalendar, sanktoral, komunal, ritualni tekstovi, zavjetne mise, mise za mrtve','188 pergamentnih listova','U misalu očuvane važne bilješke za povijest Novoga Vinodolskoga',NULL,NULL),(146,146,'hr','Treći vrbnički brevijar',5,'Vrbnik','XV. stoljeće','Ustavna glagoljica','Hrvatskostaroslavenski jezik','Temporal','299 pergamentnih listova',' ',NULL,NULL),(147,147,'hr','Britanski brevijar',5,' ','XV. stoljeće','Ustavna/kurzivna glagoljica','Hrvatskostaroslavenski jezik','Biblijska čitanja','71 list pergamenta','Kurzivnom glagoljicom na prvom listu napisana je bilješka iz koje se zna da je autor Ivan Križanić, sadrži ukrašene inicijale i minijature, s korica brevijara skinut je Londonski fragment brevijara, nalazi se u Londonu u Britanskom muzeju',NULL,NULL),(148,148,'hr','Klimantovićev ritual',6,'Ugljan','1501. - 1512. godina','Kurzivna glagoljica','Hrvatsko-staroslavenski jezik','Sadrži pjesnička djela, pravila po kojima žive franjevci trećoredci, ritualne tekstove i ljetopise','234 lista pergamenta','Naziv dobio po istaknutom glagoljašu Šimunu Klimantoviću, jedini potpuni ritual (od 3 napisana)',NULL,NULL),(149,149,'hr','Petrinićev zbornik',6,'Lika','1503. godina','Kurzivna glagoljica','Hrvatsko-staroslavenski jezik',' ','153 lista','Čuva se u Nacionalnoj knjižnici u Beču',NULL,NULL),(150,150,'hr','Glagoljičko pismo Filipa Pilušinovića',6,'Osp pod Novim','1504. godina','Kurzivna glagoljica','Hrvatski jezik','Ivan Banić daruje zemljište samostanu Sv. Marije u Crikvenici','1 list - isprava/povelja','Rukopis sadrži standardnu kršćansku invokaciju',NULL,NULL),(151,151,'hr','Blagdanar popa Andrija',6,' ','1506. godina','Kurzivna glagoljica','Hrvatsko-staroslavenski jezik (čakavski novljanskoga tipa s crkvenoslavenskim dijelovima - biblijski navodi)','51 propovijed za blagdane','103 lista','Čuva se u Arhivu HAZU u Zagrebu',NULL,NULL),(152,152,'hr','Naručnik plebanušev',6,'Senj','1507. godina','Ustavna glagoljica','Hrvatsko-staroslavenski/hrvatski jezik (posebna mješavina prevladavajuće čakavske stilizacije književnoga jezika i crkvenoslavenskog jezika)','Prijevod teološkog priručnika na latinskom jeziku Manipulus curatorum','117 listova','Na pisanju radilo više redovnika, istaknut je Grgur Senjanin, sačuvano je sedam primjeraka, senjska glagoljska izdanja ušla u vrela Akademijina povijesnoga Rječnika hrvatskoga ili srpskoga jezika, čuva se u Knjižnici HAZU u Zagrebu',NULL,NULL),(153,153,'hr','Veprinački zakon',6,'Veprinac (istarsko područje)','1507. godina','Kurzivna glagoljica','Hrvatski jezik (sjevernočakavski ekavski istočnoistarski veprinački govor književno stiliziran)','Zakoni veprinačke općine','3 lista papira','Prijepis nesačuvanog glagoljičnog izvornika, oštećeni rubni dijelovi, prvi ga je objavio Franjo Rački 1890. godine, čuva se u Arhivu HAZU u Zagrebu',NULL,NULL),(154,154,'hr','Meštriȇ od dobra umrtiȇ',6,'Senj','1507./1508. godina','Ustavna glagoljica','Hrvatsko-staroslavenski/hrvatski jezik (posebna mješavina prevladavajuće čakavske stilizacije književnoga jezika i crkvenoslavenskog jezika)','Prijevod popularnog djela Ars bene moriendi, knjiga je koncipirana dvodijelno: u prvom dijelu nalazi se tekst koji je namijenjen vjerniku smrtnom času, a drugome ritual','Knjižica, nepotpuni primjerci','Nije poznato kad je točno otisnuto, sačuvana samo 2 nepotpuna primjerka, 1 se čuva u Sankt Peterburgu, a drugi u Nacionalnoj i sveučilišnoj knjižnici u Zagrebu',NULL,NULL),(155,155,'hr','Mirakuli slavne Deve Marie',6,'Senj','1507./1508. godina','Ustavna glagoljica','Hrvatsko-staroslavenski/hrvatski jezik (posebna mješavina prevladavajuće čakavske stilizacije književnoga jezika i crkvenoslavenskog jezika)','Prijevod s talijanskog jezika, sadrži najopsežniju zbirku čudesa Djevice Marije','154 stranice','Sačuvano u 5 primjeraka, a jedini sačuvan izvorni nalazi se u Londonu, ostali u Sankt Peterburgu i Zagrebu u Knjižnici HAZU',NULL,NULL),(156,156,'hr','Transit svetog Jerolima',6,'Senj','1508. godina','Ustavna glagoljica','Hrvatsko-staroslavenski/hrvatski jezik (posebna mješavina prevladavajuće čakavske stilizacije književnoga jezika i crkvenoslavenskog jezika)','Prijevod talijanskog književnog djela „Vita et Transitus sancti Hieronymi“, tj. život Sv. Jeronima','301 stranica','Sačuvano 10 primjeraka, na kraju senjskog izdanja nalazi se originalna pjesma o Sv. Jeronimu „Anjelske kriposti“, pripisuje se Maruliću',NULL,NULL),(157,157,'hr','Senjski korizmenjak',6,'Senj','1508. godina','Ustavna glagoljica','Hrvatsko-staroslavenski/hrvatski jezik (posebna mješavina prevladavajuće čakavske stilizacije književnoga jezika i crkvenoslavenskog jezika)','Zbirka korizmenih propovijedi talijanskog franjevca Roberta Caracciola, tekst su preveli senjski svećenici Pero Jakovčić i Silvestar Bedričić','208 stranica male četvrtine','Posljednje djelo koje je otisnuto u senjskoj tiskari, zahvaljujući B. Fučiću i A. Nazor djelo doživjelo pretisak, 10 sačuvanih izvornih primjeraka, čuva se u Knjižnici HAZU u Zagrebu',NULL,NULL),(158,158,'hr','Prva hrvatskoglagoljska početnica',6,'Venecija','1527. godina','Ustavna glagoljica','Hrvatskostaroslavenski jezik (osim molitava na posljednjim stranicama koje su se molile u pučkom jeziku)','Sličan onodobnim latinskim početnicama (nakon pobožnog zaziva nižu se glagoljska slova u uobičajenom poretku)','11 stranica','Prva hrvatska početnica uopće, ne zna se tko ju je priredio, otisnuta u tiskari glasovitoga A. Torresania, ukrašena s 13 velikih incijala od kojih je 7 glagoljičnih, doživjela pretisak, čuva se u Nacionalnoj i sveučilišnoj knjižnici u Zagrebu',NULL,NULL),(159,159,'hr','Misal Pavla Modrušanina',6,'Venecija','1528. godina','Ustavna glagoljica','Hrvatskostaroslavenski jezik','Temporal, red i kanon mise, zavjetne mise, sanktoral, komunal, mise za mrtve i ritualni tekstovi','224 lista','Nazvan po priređivaču Pavlu Modrušaninu, tiskano preko tisuću primjeraka, nekoliko je sačuvanih u Hrvatskoj, jedan potpuni primjerak čuva se u Samostanu franjevaca trećoredaca Sv. Ksaver, jedan primjerak u knjižnici HAZU, dva nepotpuna u NSK',NULL,NULL),(160,160,'hr','Psaltir (Bukvar)',6,'Rijeka','1530. godina','Ustavna glagoljica','Hrvatsko-staroslavenski/hrvatski jezik (posebna mješavina čakavskoga i crkvenoslavenskog jezika)','Početnica za učenje glagoljice i priručnik-molitvenik s osnovnim kršćanskim molitvama','Knjižica s 8 listova','Čuva se u Publičnoj biblioteci u Sankt Peterburgu',NULL,NULL),(161,161,'hr','Oficii rimski/Oficii blaženie Devi Marie',6,'Rijeka','1530. godina','Ustavna glagoljica','Hrvatsko-staroslavenski/hrvatski jezik (posebna mješavina čakavskoga i crkvenoslavenskog jezika)','Molitvenik namijenjen privatnoj pobožnosti, sadrži kazalo, kalendar, sedam radosti Marijinih, oficij, misu i litanije u čast Blaženoj Djevici Mariji, pokorničke psalme, oficij i litanije za mrtve, sedam redaka Sv. Brnarda, devedeseti psalam, molitve i katekizamske obrasce i drugo','119 listova','Otisnuta u crvenoj i crnoj boji, sačuvano 5 primjeraka, čuva se u NSK i Metropolitana u Zagrebu, Sankt Peterburgu i Weimaru',NULL,NULL),(162,162,'hr','Misal hruacki',6,'Rijeka','1531. godina','Ustavna glagoljica','Hrvatskostaroslavenski jezik (dosljedno redigiranje prema Vulgati)','Kalendari, svetkovine','256 listova','Najljepše i najopsežnije Kožičićevo djelo, karakteristično unošenje franjevačkih svetaca i svetkovina u kalendare, sačuvano 15 originalnih primjeraka u Zagrebu, Dubrovniku, Londonu, Ljubljani, Moskvi, Rimu, Oxfordu...',NULL,NULL),(163,163,'hr','Knižice od žitiȇ rimskih arhierȇov i cesarov',6,'Rijeka','1531. godina','Ustavna glagoljica','Hrvatsko-staroslavenski/hrvatski jezik (posebna mješavina čakavskoga i crkvenoslavenskog jezika)','Povijest rimskih careva i papa','60 listova','Prva na hrvatskom jeziku tiskana svjetska povijest, ima posvetu Tomi Nigeru u kojoj se zalaže za popravljanje jezika, sačuvano 7 primjeraka, 2 u Hrvatskoj, jedan u Zadru, drugi u Knjižnici HAZU u Zagrebu',NULL,NULL),(164,164,'hr','Knižice krsta',6,'Rijeka','1531. godina','Ustavna glagoljica','Hrvatsko-staroslavenski jezik (posebna mješavina čakavskoga i crkvenoslavenskog jezika; crkvenoslavenizmi u deklinaciji, osobito zamjenica i pridjeva)','Obred krštenja, pričest bolesnika, bolesničko pomazanje, obrede sprovoda djece i odraslih...','106 stranica','Uz Misal hruacki Knjižice krsta jedine pripadaju liturgijskome korpusu izdanja Šimuna Kožičića Benje (razlike u jeziku); sačuvana samo 3 primjerka, čuva se u Sankt Peterburgu, Vicenzi i u Bibliotheque Mazarine u Parizu',NULL,NULL),(165,165,'hr','Od bitiȇ redovničkoga knižice',6,'Rijeka','1531. godina','Ustavna glagoljica','Hrvatsko-staroslavenski/hrvatski jezik (posebna mješavina čakavskoga i crkvenoslavenskog jezika)','Upute redovnicima kako živjeti i kakav redovnik biti','12 listova','Posljednje djelo u riječkoj tiskari, sačuvan samo 1 primjerak u Sankt Peterburgu',NULL,NULL),(166,166,'hr','Disipula',6,' ','1541. godina','Kurzivna glagoljica','Hrvatski jezik (čakavski jezik između ostalog prožet kajkavizmima)','Zbirka propovijedi za nedjelje i svece','178 listova','Nepoznato mjesto pronalaska',NULL,NULL),(167,167,'hr','Glagoljičko pismo Nikole Šubića Zrinskog',6,'Ozalj','1554. godina','Kurzivna glagoljica','Hrvatski jezik','Nikola Šubić Zrinski piše pismo o velikoj opasnosti od Turaka','1 list',' ',NULL,NULL),(168,168,'hr','Glavićev zbornik',6,'Šibenik/Zadar','1557. godina','Kurzivna glagoljica','Hrvatsko-staroslavenski/hrvatski jezik (posebna mješavina prevladavajuće čakavske stilizacije književnoga jezika i crkvenoslavenskog jezika)','Tekstovi potrebni redovnicima samostana, kronike, Regula franjevaca trećoredaca i drugi tekstovi',' ','Ime dobio po Šimunu Glaviću, franjevcu trećoredcu, uzor mu je bio Šimun Klimantović',NULL,NULL),(169,169,'hr','Veliki glagoljski pokusni list',6,'Nürnberg','1560. godina','Ustavna glagoljica','Hrvatski jezik','Očenaš, Psalam 117 i prva glava Epistole Pavla ap. Rimljanima','1 list papira',' ',NULL,NULL),(170,170,'hr','Mali katekizam',6,'Tübingen','1561. godina','Ustavna glagoljica','Hrvatski jezik',' ','7 listova papira','U privatnom vlasništvu Ive Dubravčića u Zagrebu',NULL,NULL),(171,171,'hr','Tabla za dicu',6,'Tübingen','1561. godina','Ustavna glagoljica','Hrvatski jezik',' ',' ','Iste godine otisnuta i ćirilična',NULL,NULL),(172,172,'hr','Brozićev brevijar',6,'Venecija','1561. godina','Ustavna glagoljica','Hrvatskostaroslavenski jezik','Psaltir s kanticima, temporal, misa Marijina pohođenja, sanktoral, komunal, ritualni tekstovi','504 + 31 list','Priredio ga je Nikola Brozić, jedinstven zbog broja ligatura – 250. Sačuvano više od 20 primjeraka, drži se posljednjim spomeničkim primjerom prirodnoga razvoja hrvatskostaroslavenskoga jezika, odnosno simboličnim krajem indigene hrvatske redakcije staroslavenskoga jezika, čuva se u Knjižnici HAZU, NSK u Zagrebu te u Sankt Peterburgu, Beču, Rimu...',NULL,NULL),(173,173,'hr','Jedni kratki razumni nauci',6,'Tübingen','1562. godina','Ustavna glagoljica','Hrvatski jezik','Hrvatski prijevod djela Filipa Melanchtona Loci communes rerum theologicarum','4 + 144 lista','Hrvatski prijevod priredili Anton Dalmatin i Stjepan Istranin iz slovenskoga prijevoda P. Trubara, očuvano dvadesetak primjeraka',NULL,NULL),(174,174,'hr','Prvi del Novoga testamenta',6,'Biblijski zavod u Urachu pored Tübingena','1562. godina','Ustavna glagoljica','Hrvatski jezik (čakavski supstrat, ali i elementi štokavskoga, crkvenoslavenskoga te slovenskoga jezika)','Četiri evanđelja i Djela apostolska',' ','Preveli i redigirali Stjepan Konzul Istranin i Antun Dalmatin, poznato je 20 primjeraka, prvi tiskani hrvatski prijevod novozavjetnih tekstova na narodnom jeziku: u predgovoru prvoga dijela Novoga testamenta Konzul i Dalmatin napominju da prevode Sveto pismo na jezik koji bi bio prihvatljiv čakavcima, štokavcima i kajkavcima i koji sami nazivaju općeni, sadašnji i razumni hrvacki jazik, godine 2013. Mateo Žagar, Tanja Kuštović, Vesna Badurina Stipčević i Alojz Jembrih priredili su i opremili latinički prijepis glagoljskoga izvornika Prvi del Novoga testamenta, čuva se u NSK u Zagrebu',NULL,NULL),(175,175,'hr','Drugi del Novoga testamenta',6,'Biblijski zavod u Urachu pored Tübingena','1563. godina','Ustavna glagoljica','Hrvatski jezik (čakavski supstrat, ali i elementi štokavskoga, crkvenoslavenskoga te slovenskoga jezika)','Poslanice i Apokalipsa (ilustrirana s 26 drvoreza)',' ','Preveli i redigirali Stjepan Konzul Istranin i Antun Dalmatin, prema dobro očuvanom primjerku iz Nacionalne i sveučilišne knjižnice u Zagrebu napravljen je 2007. godine pretisak u izdanju Teološkoga fakulteta Matija Vlačić Ilirik. U jednoj knjizi izdani su prvi i drugi dio Novoga zavjeta koji su prvotno bili zasebno objavljeni, a u opširnom pogovoru priređivač pretiska Alojz Jembrih opisao je sve etape rada hrvatskih protestanata na prevođenju Novoga zavjeta',NULL,NULL),(176,176,'hr','Isprava o prodaji zemlje u Dolnjoj Kupčini',6,'Pokuplje','1564. godina','Kurzivna glagoljica','Hrvatski jezik','Mikula Petrčić kupuje zemlju od Ilije i Lovre Brzića','1 list - dokument/isprava',' ',NULL,NULL),(177,177,'hr','Kvaderna kapitula lovranskoga',6,' ','1574. godina (noviji upisi do XVIII. stoljeća)','Kurzivna glagoljica','Hrvatski jezik (lovranski čakavski, uz latinske i talijanske tekstove)','Hrvatski, latinski i talijanski tekstovi',' ','Kvaderna kapitula lovranskoga zbirka je isprava različita tipa (popisa prava i obveza, ugovora, obračuna, regula, matične knjige, oporuka), nastalih u Lovranu između 15. i 18. st., pisanih glagoljicom i hrvatskim jezikom te latinicom i talijanskim jezikom. Lovranska je Kvaderna već prepoznata kao višestruko važan izvor za znanstvena proučavanja povijesti Lovrana i Lovranštine, dva istrgnuta originalna lista čuvaju se u Narodnoj i univerzitetnoj knjižnici u Ljubljani',NULL,NULL),(178,178,'hr','Zapisnik misni kaptola riečkoga',6,'Rijeka','XVI. stoljeće','Kurzivna glagoljica','Hrvatski jezik (liburnijska sjeverozapadna čakavština s ekavskim odrazom jata)','Knjiga o bilježenju misa zadužnica i pogreba od kolovoza 1545. do listopada 1547. i od kolovoza 1553. do travnja 1555., tu se nalaze i izvješća o godišnjim zasjedanjima i o gospodarskoj djelatnosti riječkoga kaptola',' ',' ',NULL,NULL),(179,179,'hr','Odlomak Poslanice o nedjelji',6,'Istra','XVI. stoljeće','Ustavna glagoljica','Hrvatsko-staroslavenski jezik (čakavski elementi)','Početak apokrifne Poslanice o nedjelji','dvolist papira','Odlomak obiluje ligaturama, a izraženo je ekavsko pisanje jata',NULL,NULL),(180,180,'hr','Tkonski zbornik',6,'Tkon, otok Pašman','XVI. stoljeće','Kurzivna glagoljica','Hrvatsko-staroslavenski jezik (izrazito čakavsko, ali i kajkavsko i štokavsko naslojavanje)','Sadrži razmatranje o Isusu, o grijesima, o Luciferu, drame u stihovima, zapis o koristima svet mise, dvije duhovne pjesme, traktat o grijesima i ispovijedi, blagoslove i zaklinjanja, zakletve od godine i zla oblaka, Legendu o dvanaest petaka, Abrahamovu viziju i drugo','170 listova','Čuva se u Arhivu HAZU u Zagrebu, latiničnu tansliteraciju napravio je Slavomir Sambunjak 2001. godine',NULL,NULL),(181,181,'hr','Žgombićev zbornik',6,'Dubašnica na otoku Krku','XVI. stoljeće','Kurzivna glagoljica','Hrvatsko-staroslavenski jezik (uočeni i kajkavizmi tako da je značajan za istraživanje hrvatske kajkavske književnosti i jezika u XVI. stoljeću)','Evanđelja, poslanice, propovijedi, lucidar, apokrifi, recepti...','1 + 195 listova','Pisan je u razdoblju od 1520. do 1583., više autora, danas se čuva u Arhivu HAZU u Zagrebu; ima tri dijela koji su nastali u različito vrijeme, a zajedno su uvezani naknadno, Vjekoslav Štefanić utvrdio je da je najstariji dio nastao između 1520. i 1530. godine; drugi, nešto mlađi najkasnije oko 1540, a najmlađi oko 1582, što potvrđuju i neki zapisi u kojima je zabilježena ta godina; nazvan Žgombićevim po gvardijanu samostana sv. Marije Magdalene u Dubašnici na otoku Krku',NULL,NULL),(182,182,'hr','Grškovićev zbornik',6,'Vrbnik/Istra','XVI. stoljeće','Kurzivna glagoljica','Hrvatsko-staroslavenski jezik (uočeni i kajkavizmi)','Srednjovjekovna literatura (Legenda o 12 petaka, Legenda o Sv. Makariju pustinjaku, apokrifi o rajskom (krsnom) drvetu, o Kainu i Abelu, apokrifne apokalipse i drugo',' ','Pretpostavlja se da je nastao u Istri, kupio ga je Stjepan Ivšić od vrbničkog župnika Ivana Grškovića, čuva se u knjižnici HAZU',NULL,NULL),(183,183,'hr','Biblijska povijest',6,'Sjevernodalmatinski otoci','XVI. - XVII. stoljeće','Kurzivna glagoljica','Hrvatski jezik (čakavsko narječje s talijanizmima)','Slobodno prepričana Biblija','371 list','Štefanić smatra da je cijeli kodeks pisala jedna osoba',NULL,NULL),(184,184,'hr','Disipula (2)',7,'Selci','1600. godina','Kurzivna glagoljica','Hrvatski jezik','Zbornik propovijedi za nedjelje i blagdane preko cijele godine','233 lista','Rukopis je napisao Ivan Brozović iz Selaca, tekst je jednostavan i čitanje je olakšano brisanjem ligatura i kratica',NULL,NULL),(185,185,'hr','Fatevićev zbornik',7,' ','1617. godina','Kurzivna glagoljica','Hrvatski jezik (čakavski, pojedini arhaizmi posljedica su prepisivanja iz starijih predložaka; primjerice stariji prezentski oblici u biblijskim navodima; pisanje poluglasa/štapića u riječi bogь i drugo)','Sadržava nekoliko korizmenih propovijedi koje su vjerojatno prepisane iz kvarezimala Kolunićeva tipa',' ','Nazvan po glagoljašu Mikuli Fateviću, kapelanu na Ravi i u Luci na Dugom otoku, u XVII. stoljeću prepisivao je iz starih glagoljskih rukopisa iz 15. stoljeća, čuva se u arhivu HAZU u Zagrebu',NULL,NULL),(186,186,'hr','Nauk karstjanski kratak',7,'Rim','1628. godina','Ustavna glagoljica','Novostaroslavenski jezik (istočnoslavenizirana redakcija u hrvatskoglagoljskim knjigama, početna faza - čisti hrvatski jezik)','Prijevod Bellarminove Dottrine cristiane breve',' ','Postoji 4 primjerka, čuva se u Nacionalnoj i sveučilišnoj knjižnici u Zagrebu te u Knjižnici HAZU',NULL,NULL),(187,187,'hr','Azbukividnjak slovinskij',7,'Rim','1629. godina','Ustavna glagoljica','Novostaroslavenski jezik (istočnoslavenizirana redakcija u hrvatskoglagoljskim knjigama, početna faza - prvi tragovi ovisnosti o maloruskim unijatima)','Abecedarij','16 stranica','Čuva se u Knjižnici HAZU u Zagrebu',NULL,NULL),(188,188,'hr','Missal rimskij va jezik slovenskij sazdan poveljenijem P. G. N pape Urbana Osmago',7,'Rim','1631. godina','Ustavna glagoljica','Novostaroslavenski jezik (istočnoslavenizirana redakcija u hrvatskoglagoljskim knjigama, početna faza - čisti hrvatski jezik)','Posttridentski sadržaj misala - liturgijski i jezično-pismovno reformirani (sukladno potrebama tiska se novi glagoljički misal)',' ','Priređivač Rafael Levaković, htio uskladiti novi, reformirani osnovni latinski misal s primjerima na hrvatskom jeziku, knjiga je tiskana u 1300 primjeraka',NULL,NULL),(189,189,'hr','Ispravnik za jereji ispovidnici, i za pokornih. Prenesen nigda s latinskoga jazika u slovinskij, po popu Šimunu Budineu: a sada pismenni glagoljskimi ispisan, i napečaćen, O. Rafailom Levakovićem',1,'Rim','1635. godina','Ustavna glagoljica','Novostaroslavenski jezik (istočnoslavenizirana redakcija u hrvatskoglagoljskim knjigama, početna faza)','Prijevod djela Directorium sacerdotum et poenitentium kojega je priredio Šime Budinić','298 + 6 stranica','Objavljen glagoljicom i latinicom',NULL,NULL),(190,190,'hr','Časoslov rimskij slavinskim jazikom Poveljenijem S. G. N. Innokentija Papi X vidan',7,'Rim','1648. godina','Ustavna glagoljica','Novostaroslavenski jezik (istočnoslavenizirana redakcija u hrvatskoglagoljskim knjigama, zrela faza)','Oficiji, himni, biblijski tekstovi','1864 stranice','Tiskanje odgađano 15 godina, autor Rafael Levaković, časoslov pisan radi usklađivanja s novim rimskim brevijarom; časoslov rađen po uzoru na rusko-slavensku (ukrajinsku) grafiju i jezik, postao je uzorak rusko-hrvatske redakcije crkvenoga jezika u Hrvata; pod utjecajem ukrajinskih unijata u Rimu, a po nalogu rimske Kongregacije za širenje vjere, u ta je izdanja Levaković unio elemente ruske redakcije crkvenoslavenskoga jezika; takvi rusificirani glagoljski tekstovi održali su se sve do druge polovici XIX. st',NULL,NULL),(191,191,'hr','Časoslov rimskij slavinskim jazikom (2)',7,'Rim','1688. godina','Ustavna glagoljica','Novostaroslavenski jezik (istočnoslavenizirana redakcija u hrvatskoglagoljskim knjigama, zrela faza)','Oficiji, himni, biblijski tekstovi','1100 stranica','Poznato više od 50 primjeraka, priredio ga je Ivan Paštrić (drugo izdanje Levakovićeva Brevijara), čuva se u Nacionalnoj i sveučilišnoj knjižnici u Zagrebu',NULL,NULL),(192,192,'hr','Amulet Petra Marelića',7,'Otok Iža','XVII. stoljeće','Kurzivna glagoljica','Hrvatski jezik',' ','1 list','Maleni format listića služio je matičaru don Petru Mareliću kao amulet',NULL,NULL),(193,193,'hr','Molitvenik fra Ivana Čeperića',7,' ','XVII. - XVIII. stoljeće','Kurzivna glagoljica','Hrvatski jezik (čakavski)','Zbornik molitvi koje su pisane kao zahvala po misi, sadrži i snažne molitve poput egzorcizama','Knjižica od 113 stranica','Molitvenik su pisale 3 anonimne ruke, zbog toga se smatra da je nastao u različito vrijeme',NULL,NULL),(194,194,'hr','Zakletve protiv štetočina i zla oblaka',8,'Dugi otok','1703. godina','Kurzivna glagoljica','Hrvatski jezik (ikavica)','Molitve i razne zakletve protiv zla','Svezak od 14 listova','Zakletve je prepisao Ivan Rudić iz Dugog otoka',NULL,NULL),(195,195,'hr','Missal rimskij va jezik slovenskij sazdan povoljenijem P. G. N. Pape Urbana osmago',8,'Rim','1706. godina','Ustavna glagoljica','Novostaroslavenski jezik (istočnoslaveniziran)',' ','132 + 659 + 128 + 12 stranica','Drugo izdanje Levakovićeva Misala iz 1631. godine, priredio Ivan Paštrić, poznato je oko 80 primjeraka, čuva se u Nacionalnoj i sveučilišnoj knjižnici u Zagrebu',NULL,NULL),(196,196,'hr','Misse za umervšije',8,'Rim','1707. godina','Ustavna glagoljica','Novostaroslavenski jezik (istočnoslaveniziran)','Mise za mrtve','38 stranica','Priređivač je Ivan Paštrić',NULL,NULL),(197,197,'hr','Missal rimskij slavenskim jazykom poveljenijem P. G. N. Papy Urbana Osmago izdan',8,'Rim','1741. godina','Ustavna glagoljica','Novostaroslavenski jezik (istočnoslaveniziran, rusificiran)',' ',' ','Priredio ga je Matej Karaman, sadrži dva dodatka, Misal ima 3 gravure te sadrži ilustracije i ukrase, najljepše glagoljsko izdanje rimskoga razdoblja; Karamanovo je izdanje Misala izazvalo polemiku s dubrovačkim svećenikom Stjepanom Rusićem (Roza), ali ne toliko zbog ruskog oblika crkvenog jezika koliko zbog načelne opozicije protiv crkvenog jezika koji je Rusić htio zamijeniti narodnim jezikom; vrhunac procesa istočnoslavenizacije hrvatskoglagoljskih liturgijskih knjiga',NULL,NULL),(198,198,'hr','Bukvar',8,'Rim','1753. godina','Ustavna glagoljica','Novostaroslavenski jezik (istočnoslaveniziran)','Početnica','40 listova','Poznato oko 60 primjeraka, čuva se u Nacionalnoj i sveučilišnoj knjižnici u Zagrebu',NULL,NULL),(199,199,'hr','Bukvar (2)',8,'Venecija','1763. godina','Ustavna glagoljica','Novostaroslavenski jezik (istočnoslaveniziran)','Početnica','16 listova','Poznato 12 primjeraka, priredio Anton Juranić, čuva se u Nacionalnoj i sveučilišnoj knjižnici u Zagrebu',NULL,NULL),(200,200,'hr','Molitvi prežde',8,'Venecija','1765. godina','Ustavna glagoljica','Novostaroslavenski jezik (istočnoslaveniziran)','Molitvenik','118 stranica','Prijevod Antona Juranića s latinskoga jezika, poznato oko 20 primjeraka, čuva se u Nacionalnoj i sveučilišnoj knjižnici u Zagrebu',NULL,NULL),(201,201,'hr','Breviarium romanum',8,'Rim','1791. godina','Ustavna glagoljica','Novostaroslavenski jezik (istočnoslaveniziran)',' ',' ','Očuvano oko 35 primjeraka, pripremili Karaman i Sović, redigirao Petar Gocinić, rapski biskup',NULL,NULL),(202,202,'hr','Čini svetyh',8,'Rim','1791. godina','Ustavna glagoljica','Novostaroslavenski jezik (istočnoslaveniziran)','Oficije svetaca za pojedine glagoljaške krajeve','270 stranica','Sačuvano oko 25 primjeraka, čuva se u Nacionalnoj i sveučilišnoj knjižnici u Zagrebu',NULL,NULL),(203,203,'hr','Pištula gospodina našega Isukrsta',8,' ','XVIII. stoljeće','Kurzivna glagoljica','Hrvatski jezik (štokavski elementi)','Isukrstova epistola o nedjelji','Svezak od 6 listova','Koriste se latinični znakovi za samoglasnike i i o',NULL,NULL),(204,204,'hr','Karta sv. Bonifacija',8,'Sjeverna Dalmacija','XVIII. stoljeće','Kurzivna glagoljica','Hrvatski jezik (ikavica)','Legenda o Bonifacijevu oslobađanju vlastite majke iz čistilišta','Dvolist papira',' ',NULL,NULL),(205,205,'hr','Chrestomathia linguae veteroslovenicae charactere glagolitici',9,'Prag','1859. godina','Latinica/ustavna glagoljica','Latinski/hrvatskostaroslavenski jezik (obnovljeni tip iz XIX. stoljeća)','Staroslavenska/starohrvatska čitanka',' ','Priredio Ivan Berčić',NULL,NULL),(206,206,'hr','Obrazac mise Misi za umr\'šee s koralnim napjevom',9,'Galevac','1860. godina','Ustavna glagoljica','Hrvatskostaroslavenski jezik (obnovljeni tip iz XIX. stoljeća)','Mise za mrtve','Litografija','Priređivač Dragutin Antun Parčić',NULL,NULL),(207,207,'hr','Bukvar staroslovenskog jezika glagolskimi pismeni za čitanje crkvenih knjig',9,'Prag','1862. godina','Latinica/ustavna glagoljica','Hrvatski/hrvatskostaroslavenski jezik (obnovljeni tip iz XIX. stoljeća)','Bukvar',' ','Dodane upute za pravilno čitanje rusificiranih tekstova misala i brevijara u skladu s hrvatskom redakcijom, Bukvar ima i dva litografirana Dodatka: Glagolska rukopisna azbuka (kurzivna glagoljica s primjerima) i Bosanska azbukva (azbuka bosanske ćirilice s uputama za čitanje); iste godine je Berčić priredio i kratku staroslavensku gramatiku, ali ona nije tiskana',NULL,NULL),(208,208,'hr','Obrazac mise za Kêsara i Kralja našego i Decretum',9,'Zadar','1863. godina','Ustavna glagoljica','Hrvatskostaroslavenski jezik (obnovljeni tip iz XIX. stoljeća)',' ','Litografija','Priređivač Dragutin Antun Parčić',NULL,NULL),(209,209,'hr','Čitanka staroslavenskoga jezika',9,'Prag','1864. godina','Latinica/ustavna glagoljica','Hrvatski/hrvatskostaroslavenski jezik (obnovljeni tip iz XIX. stoljeća)','Čitanka',' ','Drugo izdanje hrestomatije pod naslovom Čitanka staroslavenskoga jezika, znatno prošireno i preuređeno, građa je podijeljena u tri dijela: bugarski razred (obla glagoljica), hrvatski razred (uglata rukopisna i tiskana glagoljica do R. Levakovića) i ruski razred (rusificirana hrvatska izdanja od Levakovića do Karamana)',NULL,NULL),(210,210,'hr','Obrazac mise na blagdan Bezgrešnoga začeća',9,'Krk','1. prosinca 1864. godine','Ustavna glagoljica','Hrvatskostaroslavenski jezik (obnovljeni tip iz XIX. stoljeća)','Obrazac mise','Litografija','Priređivač Dragutin Antun Parčić',NULL,NULL),(211,211,'hr','Ulomci Sv. Pisma',9,'Prag','1865. - 1871. godine','Ustavna glagoljica','Hrvatskostaroslavenski jezik','Ulomci iz Biblije',' ','Berčić je pokušao sastaviti cjelokupnu Bibliju na temelju hrvatskoglagoljskih liturgijskih spomenika, građu je najvećim dijelom uzimao iz prvotiska Misala (1483.) i Brozićeva Brevijara (1561.)',NULL,NULL),(212,212,'hr','PÊSAN, SLOG sv. Tomi iz\' Akvina k\' sv. Evharistii',9,'Glavotok','1870. (?) godina','Ustavna glagoljica','Hrvatskostaroslavenski jezik (obnovljeni tip iz XIX. stoljeća)','Prijevod himni',' ','Priređivač Dragutin Antun Parčić, tiskani u Serafinskoj tiskari',NULL,NULL),(213,213,'hr','Prilog\' slovên\'skim\' ezikom\' v\' nem\'že misi v\'seob\'ĉee vr\'k\'ve, za nêkaê mêsta i v\' tretiem\' činê sv. Fran\'čiska služimie s\'dr\'žet\' se',9,'Rim','1881. godina','Ustavna glagoljica','Hrvatskostaroslavenski jezik (obnovljeni tip iz XIX. stoljeća)','Dodatak Karamanovu Misalu s novim misama',' ','Autor je Dragutin Antun Parčić',NULL,NULL),(214,214,'hr','Čin i Pravilo misi ošće že i molitvi prežde i po mise iz Rimskago misala',9,'Rim','1881. godina','Ustavna glagoljica','Hrvatskostaroslavenski jezik (obnovljeni tip iz XIX. stoljeća)','Ordo missae (Red Sv. mise)',' ','Priređivač je Dragutin Antun Parčić',NULL,NULL),(215,215,'hr','Rimski misal slavenskim jezikom Presv. G. N. Urbana papi VIII, povelenijem izdan',9,'Rim','1893. godina','Ustavna glagoljica','Hrvatskostaroslavenski jezik','Missale romanum na izvornom jeziku','Oko 800 stranica','Autor Dragutin Antun Parčić, prvi misal koji se vratio izvornom jeziku nakon istočnoslaveniziranih izdanja, Vatroslav Jagić istaknuo je da Misal predstavlja trijumf slavenske filologije nasuprot 260 godina dugoj rusifikaciji hrvatskoglagoljskih knjiga i posvemašnjem ignoriranju slavističkih dosega; izdanje Parčićeva Misala ponovljeno je godine 1894. (samo dotiskano, neočuvano) i 1896. (neizmijenjeno) pa posmrtno 1905. u izdanju Josipa Vajsa',NULL,NULL),(216,216,'hr','Mali azbukvar za pravilno i jednolično čitanje glagoljice u novih crkvenih knjigah po crkvenoj recenziji',9,'Rim','1894. godina','Latinica/ustavna glagoljica','Hrvatski/hrvatskostaroslavenski jezik (obnovljeni tip iz XIX. stoljeća)','Priručnik za glagoljsko pismo',' ','Autor je I. Broz, a Parčić priređivač za tisak',NULL,NULL),(217,217,'hr','Vsa lêpa esi, Marie',9,'Crkva Sv. Marije na Glavotoku','XIX. stoljeće','Ustavna glagoljica','Hrvatskostaroslavenski jezik (obnovljeni tip iz XIX. stoljeća)','Napjev za kor',' ','Priređivač Dragutin Antun Parčić',NULL,NULL),(218,218,'hr','Rimьski misalь slovênьskimь ezikomь',10,'Rim','1905. godina','Ustavna glagoljica','Hrvatskostaroslavenski jezik','Missale Romanum na izvornom jeziku','Oko 800 stranica','Priređivač Josip Vajs, godine 1904. Pozvan u Rim kako bi priredio drugo (treće) izdanje Parčićeva glagoljskog misala; iza svjetskoga rata hrvatski biskupi povjerili su mu izdanje na latiničnoj transkripciji; uz misal dr. Vajs izdao je i rimsko-slavenski vesperal sastavljen prema glagoljskim knjigama',NULL,NULL),(219,219,'hr','Vesperal rimsko-slověnski. Večernje na nedělje i svetce po vse lěto po crkvenim kńigam glagolskim s priloženijem jutrnj i časov velih blagdan i drugih molitav',10,'Krk, Staroslavenska akademija','1907. godina','Latinica','Hrvatskostaroslavenski jezik','Liturgijska knjiga - vesperal',' ','Staroslavenska akademija započela je izdavački rad pod vodstvom J. Vajsa; među izdanja SA u Krku (tiskara Kurykta) pripadaju pojedine biblijske knjige što ih je prema kodeksima priredio Vajs (ukupno osam), a među njima prvi je Vesperal rimsko-slovinski',NULL,NULL),(220,220,'hr','Abecedarium palaeoslovenicum in usum glagolitarum accedunt paradigmata morphologica specimina lectionum e missali romano slavonico idiomate selecta specimina cantus glossarium',10,'Krk, Staroslavenska akademija','1909. godina','Latinica/ustavna glagoljica','Latinski/hrvatskostaroslavenski jezik','Početnica s osnovama gramatike','74 stranice','Temeljni priručnik s gramatičkim osnovama i glosarom za služenje novouređenim liturgijskim knjigama u Vajsovu izdanju; drugo izdanje 1917. godine',NULL,NULL),(221,221,'hr','Rimski misal slověnskim jezikom',10,'Rim','1927. godina','Latinica/ustavna glagoljica','Hrvatskostaroslavenski jezik','Missale Romanum na izvornom jeziku','Oko 890 stranica','Iza svjetskoga rata hrvatski biskupi povjerili su mu izdanje na latiničnoj transliteraciji/transkripciji; samo je Čin mise (Pravilo misi) tiskan dvopismeno latinicom i glagoljicom',NULL,NULL),(222,222,'hr','Čin Misi s izbranimi Misami : Rimski misal povelenijem Svetago zbora ekumenskago vatikanskago drugago obnovljen a proglašen oblastiju Pavla Papi VI.',10,'Zagreb','1980. godina','Latinica','Hrvatskostaroslavenski jezik','Glagoljski Red mise s izabranim misama','64 stranice','Nakon Drugoga vatikanskog koncila narodni jezik prevladao je u liturgijskim knjgama, ali se staroslavensko bogoslužje i dalje željelo očuvati; Ivan Golub na hrvatskostaroslavenski jezik prevodi novi Ordo missae (Kršćanska sadašnjost, Zagreb)',NULL,NULL),(223,223,'hr','Budimpeštanski odlomci',1,' ','XI. - XII. stoljeće','Formativna glagoljica','Hrvatskostaroslavenski jezik','Ispisan je dio žitja Simeona Stylita/Šimuna Stupnika','2 ulomka pergamenta','Najstariji očuvani hrvatskoglagoljski hagiografski tekst',NULL,NULL),(256,2,'pl','Płyta z Valuna\n',1,'Kościół św. Marii w Valunie na wyspie Cres\n','XI wiek\n','Głagolica i łacinka\n','Język chorwacko-cerkiewnosłowiański i łaciński\n','Napis nagrobny\n','Płyta kamienna\n','Dwujęzyczny i dwualfabetyczny napis nagrobny\n',NULL,NULL),(257,3,'pl','Fragmenty Cloza (Glagolita Clozianus)\n',1,'Krk (?, z kierunku Macedonii)\n','XI wiek\n','Okrągła głagolica – niektóre  formy kanciaste\n','Język chorwacko-cerkiewnosłowiański\n','Zawiera pięć homilii.\n','14 kart kodeksu (prawdopodobnie 552)\n','Zabytek zawiera kilka liter kanciastej głagolicy, oryginalna anonimowa homilia, której autorem jest prawdopodobnie św. Metody.\n',NULL,NULL),(258,4,'pl','Napis z Plomina\n',1,'Kościół św. Jerzego, Plomin\n','XI wiek\n','Okrągła głagolica\n','Język chorwacko-cerkiewnosłowiański\n','Fragmentarycznie wyryte cztery słowa  autora SE E PISЪLЪ S\n','Relief kamienny\n','Tekst na reliefie  z wyrytą postacią  Sylwana / Świętego Jerzego.\n',NULL,NULL),(259,5,'pl','Głagolicki napis z Konavli\n',1,'Dunave w okręgu Konavle\n','XI wiek\n','Okrągła głagolica\n','Język chorwacko-cerkiewnosłowiański\n','Napis, którego treść mówi o powstaniu tego zabytku.\n','Płyta kamienna\n','Południowy obszar głagolityzmu, przypuszcza się że powstał w 1060 roku, przechowywany w Muzeum Archeologicznym w Dubrowniku.\n',NULL,NULL),(260,6,'pl','Napis z Krku\n',1,'Krk\n','XI wiek\n','Okrągła głagolica\n','Język chorwacko-cerkiewnosłowiański\n','Napis o budowie kościoła przy  klasztorze benedyktyńskim\n','Płyta kamienna\n','Płyta, na której są zapisane imiona budowniczych klasztoru benedyktynów (maĵъ, opatъ radonê, rugota, dobroslav[ъ]).\n',NULL,NULL),(261,7,'pl','Napis z gminy Župa Dubrovačka\n',1,'Župa Dubrovačka\n','XI – XI wiek\n','Głagolica przejściowa (okres głagolicy przedstandardowej – zachodni obszar chorwackiego głagolityzmu)\n','Język chorwacko-cerkiewnosłowiański\n','Nieznana, niezbadana\n','Płyta kamienna\n','Głagolicki napis na fragmencie starożytnej dachówki (tegoli), znaleziony koło kościoła św. Jerzego pomiędzy miejscowościami Petrača i Buić, w gminie Župa Dubrovačka; jeszcze całkowicie niezbadany, kamienny, głagolicki napis, przechowywany w Muzeum Archeologicznym w Dubrowniku.\n',NULL,NULL),(262,8,'pl','Fragmenty z Jurandvoru\n',1,'Kościół świętej Łucji, Jurandvor, wyspa Krk\n','XI – XII wiek\n','Głagolica przejściowa (okres głagolicy przedstandardowej – zachodni obszar chorwackiego głagolityzmu)\n','Język chorwacko-cerkiewnosłowiański\n','Fragmenty,  odnotowane imię króla Zvonimira\n','4 fragmenty płyty\n','Nazywana także „drugą płytą z Baški“.\n',NULL,NULL),(263,9,'pl','Płyta z Senja\n',1,'Kościół w Senju\n','XI – XII wiek\n','Głagolica przejściowa (okres głagolicy przedstandardowej – zachodni obszar chorwackiego glagolityzmu)\n','Język chorwacko-cerkiewnosłowiański\n','Fragmenty tekstu, zawiera chrześcijańską inwokację.\n','Płyta, górna część lewej przegrody ołtarzowej.\n','-\n',NULL,NULL),(264,10,'pl','Fragment z Grdosela\n',1,'Istra\n','XI – XII wiek\n','Głagolica przejściowa (okres głagolicy przedstandardowej – zachodni obszar chorwackiego głagolityzmu)\n','Język chorwacko-cerkiewnosłowiański\n','Odnotowane imię popa Goloba z Tinjana, kapelana księcia Pankracego z Grdosela.\n','Fragment kamiennej belki lub płyty z częścią głagolickiego napisu\n','Typ przejściowy głagolicy okrągłej przechodzącej w kanciastą, mały fragment o poświęceniu ołtarza dwóm świętym.\n',NULL,NULL),(265,11,'pl','Fragment z Knina\n',1,'Kościół św. Bartola, Kapitul koło Knina\n','XI – XII wiek\n','Głagolica przejściowa (okres głagolicy przedstandardowej – zachodni obszar chorwackiego glagolityzmu)\n','Język chorwacko-cerkiewnosłowiański\n','Fragment łuku z kilkoma głagolickimi i cyrylickimi  literami: oĉju premi\n','Mały fragment ozdobiony winną latoroślą w stylu romańskim\n','Zmieszanie głagolicy i cyrylicy\n',NULL,NULL),(266,12,'pl','Fragment z Plastova\n',1,'Plastovo koło Skradina\n','XI – XII wiek\n','Głagolica przejściowa (okres głagolicy przedstandardowej – granica zachodniego obszaru chorwackiego głagolityzmu)\n','Język chorwacko-cerkiewnosłowiański\n','Mały fragment z tekstem:   P E T R A     ?    I J U     M U     U Ž U     T U E G A    B R A\n','Mały, kamienny fragment\n','Mieszanie liter głagolickich i cyrylickich\n',NULL,NULL),(267,223,'pl','Fragmenty Budapesztańskie\n',1,'-\n','XI – XII wiek\n','Głagolica przejściowa (zachowane tradycyjne litery za półgłoski jer i jor)\n','Język chorwacko-cerkiewnosłowiański (najstarsza postać redakcji)\n','Zapisano część żywota Szymona Słupnika\n','Dwa fragmenty pergaminu\n','Najstarszy zachowany tekst hagiograficzny zapisany chorwacką głagolicą\n',NULL,NULL),(268,1,'pl','Abecedarium  Paryskie\n',1,'-\n','XI wiek\n','Okrągła głagolica\n','-\n','Nazwy 31 głagolickich liter zapisane alfabetem łacińskim,  wg ortografii francuskiej, powyżej pierwotnego teksu rękopisu łacińskiego z XI wieku. Ten rękopis był przechowywany w Bibliotece Narodowej w Paryżu, dziś uznany za zaginiony.\n','-   \n','W literaturze przedmiotu jest czasem nazywany „bułgarskim”, tj. Abecedarium bulgaricum. Najstarsze abecedarium-ksenograf,  tj. tekst napisany  przez cudzoziemca z zamiarem zapoznania nowych czytelników z pismem głagolickim. Abecedaria ksenograficzne zachowują raczej stan starszej grafii, natomiast miejscowe – aktualny.\n',NULL,NULL),(269,13,'pl','Karty Wiedeńskie\n',1,'-\n','XI – XII wiek\n','Głagolica przejściowa (pismo charakterystyczne  dla okresu głagolicy przedstandardowej – zachodni obszar chorwackiego glagolityzmu)\n','Język chorwacko-cerkiewnosłowiański\n','Fragment gregoriańskiego sakramentarza (mszału) w obrządku zachodnim. Zawiera trzy msze ku czci apostołów.\n','Dwie karty pergaminu o wymiarach 12 x 9,5 cm\n','Treść podobna do treści Kart Kijowskich (liturgia św. Piotra) i świadczy o czesko-chorwackich związkach kulturalnych. W literaturze przedmiotu często twierdzi się, że Karty Wiedeńskie są najstarszym tekstem chorwackiej głagolicy napisanym w celach liturgicznych. Odnalazł je i opisał V. Jagić w 1890 roku.\n',NULL,NULL),(270,14,'pl','Pierwsza strona Kart Kijowskich\n',1,'Kijów\n','XI – XII wiek\n','Głagolica okrągła /  przejściowa  (wschodni obszar chorwackiego głagolityzmu, zachowany stary znak dla jeru twardego (tzw. jor), jery się zapisane są również w miejscach, w których ich być nie powinno, co dowodzi utraty ich wartości fonologicznej).\n','Język starosłowiański / chorwacko-cerkiewnosłowiański\n','List św. Pawła apostoła do Rzymian (Rz 13, 11-14; 14, 1-4) i oracje Najświętszej Maryi Panny (przeplatanie się wschodniej i zachodniej tradycji)\n','Karty są niejednakowej wielkości:13,6 – 14,51 x 10,2 – 10,8 cm\n','Karty Kijowskie uważane są za najstarszy zabytek kanonu pism starocerkiewnosłowiańskich, powstały na obszarze Czech i liczą razem 13 stron. Pierwsza strona pierwszej karty została napisana nieco później na obszarze Chorwacji i uważa się, że ta część sakramentarza była w użyciu w okolicach Dubrownika (Dubrownik, Peljeszac, Hum).\n',NULL,NULL),(271,15,'pl','Glagolicki napis ze wsi Čečavac koło miejscowości Slavonska Požega\n',1,'-\n','XI – XII wiek\n','Głagolica przejściowa\n','Język chorwacko-cerkiewnosłowiański\n','Cztery głagolickie litery tłumaczy się jako rok według ich wartości liczbowej ČRIZ = 1129\n','Cztery głagolickie litery na kawałku cegły\n','Pochodzi z romańskiego, benedyktyńskiego  opactwa św. Michała na stanowisku arheologicznym Rudina. Przechowywany w Muzeum Kotliny Pożeskiej w miejscowości Požega.\n',NULL,NULL),(272,16,'pl','Płyta z Baški\n',2,'Jurandvor koło Baški, wyspa Krk\n','1100 r.\n','Głagolica przejściowa (okres głagolicy przedstandardowej – zachodni obszar chorwackiego głagolityzmu)\n','Język chorwacko-cerkiewnosłowiański\n','Król Zvonimir daruje ziemie pod budowę kościoła św. Łucji.\n','Ivan Crnčić, Franjo Rački, Vatroslav Jagić, Vjekoslav Štefanić, Branko Fučić\n','Płyta służyła jako przegroda ołtarzowa, zawiera kilka liter alfabetu cyrylickiego, obecnie jest przechowywana w auli Chorwackiej Akademii Nauki i Sztuki w Zagrzebiu.\n',NULL,NULL),(273,19,'pl','Abecedarium Monachijskie\n',2,'-\n','XII wiek\n','Okrągła głagolica (i cyrylica)\n','Odzwierciedla stan wcześniejszy, z okresu morawskiego.\n','Abecedarium głagolickie i cyrylickie\n','Jedna karta pergaminu\n','Napisany ręcznie na ostatniej stronie łacińskiego kodeksu z X wieku. Alfabet ksenograficzny; w badaniach slawistycznych pierwszy raz opublikowany przez V. Jagicia w 1911 roku.\n',NULL,NULL),(274,20,'pl','Darowizna sławnego Dragoslava\n',2,'Dobrinj na wyspie Krk\n','1 stycznia 1100 r.\n','Głagolica (głagolica kursywna w kopii)\n','Język starochorwacki\n','Dragoslav daruje swoją posiadłość kościołowi św. Vida.\n','Dokument / akt prawny\n','Najstarszy pisany zabytek o istnieniu parafii na Krku, po raz pierwszy wspomniane są Dobrinj i Vrbnik, nie zachował się w oryginale (kopia z  XVIII wieku).\n',NULL,NULL),(275,21,'pl','Inskrypcja z Humu\n',2,'Kościół św. Hieronima w Humie\n','XII wiek\n','Głagolica (najstarszy typ głagolickich zabytków Istrii i Kvarneru)\n','Język chorwacko-cerkiewnosłowiański\n','Inskrypcja popa głagolity\n','Głagolicka inskrypcja na ścianie ozdobionej freskami (wyryta ostrym narzędziem obok około 30 pionowy','Zanotowano, że za duszę zmarłego kowala humskiego Marcina, zostało odprawionych kilka mszy gregoriańskich, ale oprócz nich jeszcze jedna, inna.\n',NULL,NULL),(276,22,'pl','Fragment Dziejów Apostolskich Grškovicia\n',2,'Wschodnia Bośnia, Zahumlje lub Zeta\n','XII wiek\n','Głagolica przejściowa (okres głagolicy przedstandardowej – wschodni obszar chorwackiego glagolityzmu)\n','Język chorwacko-cerkiewnosłowiański\n','Fragmenty z Dziejów Apostolskich przeznaczone do użytku kościelnego\n','Dwie podwójne karty pergaminowe zapisane w jednej kolumnie (21,7 x 15,5 cm i 22,7 x 15,5, cm)\n','Fragmenty pod koniec XIX wieku odkrył kapelan z Vrbnika Niko Gršković, przechowywane w archiwum Chorwackiej Akademii Nauki i Sztuki w Zagrzebiu.\n',NULL,NULL),(277,23,'pl','Fragment Dziejów Apostolskich Mihanovicia\n',2,'Obszar bośniacko-humski lub zetski (obszar sztokawszczyzny)\n','XII wiek\n','Głagolica przejściowa (okres głagolicy przedstandardowej – wschodni obszar chorwackiego glagolityzmu)\n','Język chorwacko-cerkiewnosłowiański\n','Fragment  krótkiego apostolarza, zawiera perykopy z listów św. Pawła Apostoła do Koryntian, Efezjan, Galatów (obrządek Kościoła wschodniego)\n','Podwójna karta pergaminu (24 x 18,5 cm)\n','Znaleziony zalepiony w okładce kodeksu Ilovička krmčija, powstał w okresie, kiedy przeważało piśmiennictwo cyrylickie, przechowywany w archiwum Chorwackiej Akademii Nauki i Sztuki.\n',NULL,NULL),(278,24,'pl','Fragment z Supetaru\n',2,'Sveti Petar u Šumi, Muzeum etnograficzne Istry, Pazin\n','XII wiek\n','Głagolica przejściowa (okres głagolicy przedstandardowej – zachodni obszar chorwackiego glagolityzmu)\n','Język chorwacko-cerkiewnosłowiański\n','Część rozbitej, przełamanej, kamiennej belki, fragment: amenъ  їĕkovъm[ъ]\n','Mały fragment kamienny\n','Słowo amen pisane cyrylicą, a słowo, imię Jakov głagolicą\n',NULL,NULL),(279,25,'pl','Fragment Świętokrzyski\n',2,'Sveti Križ koło Trsatu\n','XII - XIII wiek\n','Głagolica przejściowa\n','4 litery – Jat, S, A i E\n','Niepełny fragment z głagolickimi literami\n','Mały gliniany odłamek\n','Fragment Świętokrzyski znalazł Antonio Torre, uczeń szkoły podstawowej \"Gornja Vežica\" w Rijece, 1 grudnia 2004 r. na wzgórzu Święty Krzyż od wschodniej części miasta w trakcie rekonesansu terenu dla ścieżki edukacyjnej na wzgórzu.\n',NULL,NULL),(280,17,'pl','Skrawki z Baški\n',2,'-\n','XII wiek, Zagrzeb, Chorwackie Archiwum Państwowe, zbiór zabytków głagolickich (G-197, ZM30/19)\n','Głagolica przejściowa (okres głagolicy przedstandardowej – zachodni obszar chorwackiego glagolityzmu)\n','Język chorwacko-cerkiewnosłowiański\n','Zawierają wersy z ewangelii, fragment Pasji według św. Mateusza (Mt 26, 37-48).\n','Dwa paski pergaminowe, dwa wąskie skrawki\n','Są także nazywane Skrawkami Premudy, od nazwiska popa Vinka Premudy, glagolity i filologa. Zapisał je w testamencie Jugosłowiańskiej Akademii Nauk i Szuk w Zagrzebiu. Premuda znalazł je w rodzinnej Bašce, po jego śmierci zaginęły, ale ponownie zostały odnalezione.\n',NULL,NULL),(281,18,'pl','Głagolicki fragment ze wsi Kijevci koło miejscowości Bosanska Gradiška\n',2,'Kijevci\n','XII wiek\n','Głagolica przejściowa\n','-\n','Niepełny napis wyryty na naturalnym bloku kamienia budowlanego\n','Kilka przedstandardowych (przejściowych) liter głagolickich\n','Jest na nim zanotowane męskie imię Radên w celowniku liczby pojedynczej. Napis ten znajduje się na samej granicy obszaru panońskiego, a Branko Fučić ma wątpliwości, czy trzeba go przypisać chorwackiemu czy też starszemu, morawsko-panońskiemu obszarowi głagolityzmu.\n',NULL,NULL),(282,30,'pl','Alfabet głagolicki z Roča\n',3,'Kościół św. Antoniego w Roču\n','1200 rok\n','Głagolica przejściowa (okres przed standaryzacją  głagolicy – zachodni obszar chorwackiego głagolityzmu)\n','Język chorwacko-cerkiewnosłowiański\n','Alfabet (autochtoniczny)\n','Inskrypcja na ścianie kościoła (wyryta na planie równoramiennego krzyża w okręgu)\n','Obejmuje pełen zakres głagolickiego alfabetu z okresu jego formowania się: 34 znaki; między innymi łacińskie M, dwa znaki dawnego półgłosu (w formie klucza, pojawia się również laska), znak jotowanej przedniej głoski nosowej.\n',NULL,NULL),(283,31,'pl','Splicki fragment mszału\n',3,'południowo-zachodnia Bośnia\n','XIII wiek\n','Głagolica przejściowa (okres przed standaryzacją  głagolicy – wschodni obszar chorwackiego głagolityzmu)\n','Język chorwacko-cerkiewnosłowiański (ikawsko-sztokawskie cechy językowe)\n','Wzory mszalne z sanktorału na grudzień\n','Karta pergaminowa o wymiarach 30 × 22 cm, dwie kolumny tekstu po obu stronach\n','Został znaleziony przez Vatroslava Jagicia, przechowywany w Archiwum Archidiecezjalnym w Splicie.\n',NULL,NULL),(284,32,'pl','Legenda o św. Tekli\n',3,'-\n','XIII wiek\n','Uncjalna głagolica\n','Język chorwacko-cerkiewnosłowiański\n','Fragment apokryfu Dzieje Pawła i Tekli\n','Podwójna karta pergaminowa\n','Znajduje się w archiwum Chorwackiej Akademii Nauki i Sztuki w Zagrzebiu.\n',NULL,NULL),(285,26,'pl','Fragment mszału Kukuljevicia\n',3,'Zachodni obszar chorwackiego głagolityzmu\n','XIII wiek\n','Uncjalna głagolica\n','Język chorwacko-cerkiewnosłowiański\n','Fragment mszału (temporału)  przypadający na Szóstą Niedzielę Wielkiego Postu i początek Wielkiego Poniedziałku\n','Karta pergaminowa o wymiarach 31 x 22 cm\n','Na podstawie badań paleograficznych określono wiek zabytku: niejednolita wielkość liter, rzadko występujące ligatury; pochodzi z kolekcji Ivana Kukuljevicia, znajduje się w archiwum Chorwackiej Akademii Nauki i Sztuki w Zagrzebiu.Jeden z najstarszych fragmentów zapisany zunifikowaną głagolicą uncjalną.\n',NULL,NULL),(286,33,'pl','Epistoła o niedzieli\n',3,'-\n','XIII wiek\n','Uncjalna głagolica\n','Język chorwacko-cerkiewnosłowiański\n','Uszkodzona podwójna karta pergaminowa z fragmentem apokryficznej Epistoły o niedzieli\n','Podwójna karta pergaminowa\n','Zakłada się, że jest to część uszkodzonego woluminu, młodszy od fragmentu mszału Kukuljevicia, przechowywany w archiwum Chorwackiej Akademii Nauki i Sztuki w Zagrzebiu.\n',NULL,NULL),(287,27,'pl','Kodeks vinodolski\n',3,'Gmina Vinodol\n','1288 rok\n','Uncjalna / kursywna głagolica\n','Język starochorwacki\n','Kodeks prawa zwyczajowego gminy Vinodol\n','Tekst zawierający 77 paragrafów\n','Najstarszy chorwacki tekst prawny zapisany głagolicą i drugi najstarszy słowiański zbiór praw po Ruskiej Prawdzie, nie jest zachowany w oryginale, lecz w postaci głagolickiej kopii z XVI w., pierwszy raz opublikowany przez Mažuranicia w 1843 r., znajduje się w Bibliotece Narodowej i Uniwersyteckiej w Zagrzebiu.\n',NULL,NULL),(288,34,'pl','Parcelacja istryjska\n',3,'Istria\n','Lata 1275 – 1395\n','Kursywna głagolica\n','Trzy wersje językowe: łacińska, niemiecka i starochorwacka\n','Akt prawny, w którym zostały ustalone granice istryjskich ziem znajdujących się w posiadaniu Wenecji, patriarchy akwilejskiego i hrabiów pazinskich\n','35 kart\n','Zawiera informacje na temat etnicznej i społecznej struktury średniowiecznej Istrii, dziś zachowana jest chorwacka kopia Levca Križanicia z 1546 roku, znajduje się Bibliotece Narodowej i Uniwersyteckiej w Zagrzebiu.\n',NULL,NULL),(289,35,'pl','Homilia o Zwiastowaniu Pańskim\n',3,'-\n','XIII wiek\n','Uncjalna głagolica\n','Język chorwacko-cerkiewnosłowiański\n','Zawiera dwie homilie, kazania na dzień Zwiastowania Pańskiego\n','Dwie karty pergaminowe o wymiarach 30 x 21 cm\n','Znajduje się w archiwum Chorwackiej Akademii Nauki i Sztuki w Zagrzebiu.\n',NULL,NULL),(290,36,'pl','Zagrzebski fragment brewiarza\n',3,'-\n','XIII wiek\n','Uncjalna  głagolica\n','Język chorwacko-cerkiewnosłowiański\n','Fragmenty sanktorału\n','Uszkodzona podwójna karta pergaminowa\n','Jest przechowywany w archiwum Chorwackiej Akademii Nauki i Sztuki w Zagrzebiu.\n',NULL,NULL),(291,38,'pl','List apostolski z Omiša\n',3,'Krk\n','XIII – XIV wiek\n','Uncjalna  głagolica\n','Język chorwacko-cerkiewnosłowiański\n','Epistoła świętego Pawła apostoła do Rzymian, pieśń wejścia dla roku liturgicznego nieparzystego C.\n','Karta pergaminowa\n','Ważny dla chorwackiego głagolityzmu ponieważ dowodzi, że w strukturze chorwackiego zachodniego głagolitzmu występowały kompletne apostolarze, co jest z zasady bardziej charakterystyczne dla kościoła wschodniego (por. fragmenty Dziejów Apostolskich Grškovicia i Mihanovicia).\n',NULL,NULL),(292,37,'pl','Fragment Księgi Przysłów z Rijeki\n',3,'Rijeka\n','XIII wiek\n','Uncjalna głagolica\n','Język chorwacko-cerkiewnosłowiański\n','Część tekstu pierwszego rozdziału Księgi Przysłów, którą czyta się w sierpniu.\n','Fragment karty pergaminowej\n','Fragment został znaleziony przez Anicę Vlašić-Anić, pracownika Instytutu Starosłowiańskiego, najstarszy chorwacko-głagolicki fragment znaleziony w  Rijece.\n',NULL,NULL),(293,28,'pl','Homiliarz Lublański\n',3,'-\n','XIII wiek\n','Uncjalna głagolica (zachodni obszar chorwackiego głagolityzmu)\n','Język chorwacko-cerkiewnosłowiański\n','Część homiliarza (pierwszych trzech niedziel Wielkiego Postu), zawiera fragment homilii Jana Złotoustego o Ścięciu Jana Chrzciciela.\n','2  karty pergaminowe\n','Ciekawostki\n',NULL,NULL),(294,29,'pl','Fragment brewiarza z Vrbnika\n',3,'Vrbnik\n','XIII wiek\n','Uncjalna  głagolica (zachodni obszar chorwackiego głagolityzmu)\n','Język chorwacko-cerkiewnosłowiański\n','Część temporału (druga i trzecia niedziela adwentu), fragmenty A i D należały do tego samego brewiarza, natomiast B i C do innego rękopisu.\n','4 karty pergaminowe (uszkodzone i słabo czytelne) o różnej wielkości: A = 17 x 19 cm, B = 23,5 x 10 ','Wydany przez J. Vajsa, a dokładnie opisany przez V. Štefanicia. Fragmenty pisane przez jednego skrybę, służyły jako obwoluta dla dokumentów kościoła parafialnego w Vrbniku.\n',NULL,NULL),(295,39,'pl','Pierwszy brewiarz z Vrbnika\n',3,'Vrbnik\n','XIII – XIV wiek\n','Uncjalna głagolica (niedawno zakończony proces formowania)\n','Język chorwacko-cerkiewnosłowiański(z wieloma archaizmami starosłowiańskimi, ale również z elementami chorwackiego języka mówionego)\n','Zawiera skrócone oficjum Kurii Rzymskiej, istotny dla badań tekstów biblijnych.\n','259 kart pergaminowych\n','Zawiera lokalne cechy dialektalne okolic Vrbnika, znajduje się w Kancelarii Parafialnej w Vrbniku.\n',NULL,NULL),(296,30,'pl','Alfabet głagolicki z Roča\n',3,'Kościół św. Antoniego w Roču\n','1200 rok\n','Głagolica przejściowa (okres przed standaryzacją  głagolicy – zachodni obszar chorwackiego głagolityzmu)\n','Język chorwacko-cerkiewnosłowiański\n','Alfabet (autochtoniczny)\n','Inskrypcja na ścianie kościoła (wyryta na planie równoramiennego krzyża w okręgu)\n','Obejmuje pełen zakres głagolickiego alfabetu z okresu jego formowania się: 34 znaki; między innymi łacińskie M, dwa znaki dawnego półgłosu (w formie klucza, pojawia się również laska), znak jotowanej przedniej głoski nosowej.\n',NULL,NULL),(297,31,'pl','Splicki fragment mszału\n',3,'południowo-zachodnia Bośnia\n','XIII wiek\n','Głagolica przejściowa (okres przed standaryzacją  głagolicy – wschodni obszar chorwackiego głagolityzmu)\n','Język chorwacko-cerkiewnosłowiański (ikawsko-sztokawskie cechy językowe)\n','Wzory mszalne z sanktorału na grudzień\n','Karta pergaminowa o wymiarach 30 × 22 cm, dwie kolumny tekstu po obu stronach\n','Został znaleziony przez Vatroslava Jagicia, przechowywany w Archiwum Archidiecezjalnym w Splicie.\n',NULL,NULL),(298,32,'pl','Legenda o św. Tekli\n',3,'-\n','XIII wiek\n','Uncjalna głagolica\n','Język chorwacko-cerkiewnosłowiański\n','Fragment apokryfu Dzieje Pawła i Tekli\n','Podwójna karta pergaminowa\n','Znajduje się w archiwum Chorwackiej Akademii Nauki i Sztuki w Zagrzebiu.\n',NULL,NULL),(299,26,'pl','Fragment mszału Kukuljevicia\n',3,'Zachodni obszar chorwackiego głagolityzmu\n','XIII wiek\n','Uncjalna głagolica\n','Język chorwacko-cerkiewnosłowiański\n','Fragment mszału (temporału)  przypadający na Szóstą Niedzielę Wielkiego Postu i początek Wielkiego Poniedziałku\n','Karta pergaminowa o wymiarach 31 x 22 cm\n','Na podstawie badań paleograficznych określono wiek zabytku: niejednolita wielkość liter, rzadko występujące ligatury; pochodzi z kolekcji Ivana Kukuljevicia, znajduje się w archiwum Chorwackiej Akademii Nauki i Sztuki w Zagrzebiu.Jeden z najstarszych fragmentów zapisany zunifikowaną głagolicą uncjalną.\n',NULL,NULL),(300,33,'pl','Epistoła o niedzieli\n',3,'-\n','XIII wiek\n','Uncjalna głagolica\n','Język chorwacko-cerkiewnosłowiański\n','Uszkodzona podwójna karta pergaminowa z fragmentem apokryficznej Epistoły o niedzieli\n','Podwójna karta pergaminowa\n','Zakłada się, że jest to część uszkodzonego woluminu, młodszy od fragmentu mszału Kukuljevicia, przechowywany w archiwum Chorwackiej Akademii Nauki i Sztuki w Zagrzebiu.\n',NULL,NULL),(301,27,'pl','Kodeks vinodolski\n',3,'Gmina Vinodol\n','1288 rok\n','Uncjalna / kursywna głagolica\n','Język starochorwacki\n','Kodeks prawa zwyczajowego gminy Vinodol\n','Tekst zawierający 77 paragrafów\n','Najstarszy chorwacki tekst prawny zapisany głagolicą i drugi najstarszy słowiański zbiór praw po Ruskiej Prawdzie, nie jest zachowany w oryginale, lecz w postaci głagolickiej kopii z XVI w., pierwszy raz opublikowany przez Mažuranicia w 1843 r., znajduje się w Bibliotece Narodowej i Uniwersyteckiej w Zagrzebiu.\n',NULL,NULL),(302,34,'pl','Parcelacja istryjska\n',3,'Istria\n','Lata 1275 – 1395\n','Kursywna głagolica\n','Trzy wersje językowe: łacińska, niemiecka i starochorwacka\n','Akt prawny, w którym zostały ustalone granice istryjskich ziem znajdujących się w posiadaniu Wenecji, patriarchy akwilejskiego i hrabiów pazinskich\n','35 kart\n','Zawiera informacje na temat etnicznej i społecznej struktury średniowiecznej Istrii, dziś zachowana jest chorwacka kopia Levca Križanicia z 1546 roku, znajduje się Bibliotece Narodowej i Uniwersyteckiej w Zagrzebiu.\n',NULL,NULL),(303,35,'pl','Homilia o Zwiastowaniu Pańskim\n',3,'-\n','XIII wiek\n','Uncjalna głagolica\n','Język chorwacko-cerkiewnosłowiański\n','Zawiera dwie homilie, kazania na dzień Zwiastowania Pańskiego\n','Dwie karty pergaminowe o wymiarach 30 x 21 cm\n','Znajduje się w archiwum Chorwackiej Akademii Nauki i Sztuki w Zagrzebiu.\n',NULL,NULL),(304,36,'pl','Zagrzebski fragment brewiarza\n',3,'-\n','XIII wiek\n','Uncjalna  głagolica\n','Język chorwacko-cerkiewnosłowiański\n','Fragmenty sanktorału\n','Uszkodzona podwójna karta pergaminowa\n','Jest przechowywany w archiwum Chorwackiej Akademii Nauki i Sztuki w Zagrzebiu.\n',NULL,NULL),(305,38,'pl','List apostolski z Omiša\n',3,'Krk\n','XIII – XIV wiek\n','Uncjalna  głagolica\n','Język chorwacko-cerkiewnosłowiański\n','Epistoła świętego Pawła apostoła do Rzymian, pieśń wejścia dla roku liturgicznego nieparzystego C.\n','Karta pergaminowa\n','Ważny dla chorwackiego głagolityzmu ponieważ dowodzi, że w strukturze chorwackiego zachodniego głagolitzmu występowały kompletne apostolarze, co jest z zasady bardziej charakterystyczne dla kościoła wschodniego (por. fragmenty Dziejów Apostolskich Grškovicia i Mihanovicia).\n',NULL,NULL),(306,37,'pl','Fragment Księgi Przysłów z Rijeki\n',3,'Rijeka\n','XIII wiek\n','Uncjalna głagolica\n','Język chorwacko-cerkiewnosłowiański\n','Część tekstu pierwszego rozdziału Księgi Przysłów, którą czyta się w sierpniu.\n','Fragment karty pergaminowej\n','Fragment został znaleziony przez Anicę Vlašić-Anić, pracownika Instytutu Starosłowiańskiego, najstarszy chorwacko-głagolicki fragment znaleziony w  Rijece.\n',NULL,NULL),(307,28,'pl','Homiliarz Lublański\n',3,'-\n','XIII wiek\n','Uncjalna głagolica (zachodni obszar chorwackiego głagolityzmu)\n','Język chorwacko-cerkiewnosłowiański\n','Część homiliarza (pierwszych trzech niedziel Wielkiego Postu), zawiera fragment homilii Jana Złotoustego o Ścięciu Jana Chrzciciela.\n','2  karty pergaminowe\n','Ciekawostki\n',NULL,NULL),(308,29,'pl','Fragment brewiarza z Vrbnika\n',3,'Vrbnik\n','XIII wiek\n','Uncjalna  głagolica (zachodni obszar chorwackiego głagolityzmu)\n','Język chorwacko-cerkiewnosłowiański\n','Część temporału (druga i trzecia niedziela adwentu), fragmenty A i D należały do tego samego brewiarza, natomiast B i C do innego rękopisu.\n','4 karty pergaminowe (uszkodzone i słabo czytelne) o różnej wielkości: A = 17 x 19 cm, B = 23,5 x 10 ','Wydany przez J. Vajsa, a dokładnie opisany przez V. Štefanicia. Fragmenty pisane przez jednego skrybę, służyły jako obwoluta dla dokumentów kościoła parafialnego w Vrbniku.\n',NULL,NULL),(309,39,'pl','Pierwszy brewiarz z Vrbnika\n',3,'Vrbnik\n','XIII – XIV wiek\n','Uncjalna głagolica (niedawno zakończony proces formowania)\n','Język chorwacko-cerkiewnosłowiański(z wieloma archaizmami starosłowiańskimi, ale również z elementami chorwackiego języka mówionego)\n','Zawiera skrócone oficjum Kurii Rzymskiej, istotny dla badań tekstów biblijnych.\n','259 kart pergaminowych\n','Zawiera lokalne cechy dialektalne okolic Vrbnika, znajduje się w Kancelarii Parafialnej w Vrbniku.\n',NULL,NULL),(310,30,'pl','Alfabet głagolicki z Roča\n',3,'Kościół św. Antoniego w Roču\n','1200 rok\n','Głagolica przejściowa (okres przed standaryzacją  głagolicy – zachodni obszar chorwackiego głagolityzmu)\n','Język chorwacko-cerkiewnosłowiański\n','Alfabet (autochtoniczny)\n','Inskrypcja na ścianie kościoła (wyryta na planie równoramiennego krzyża w okręgu)\n','Obejmuje pełen zakres głagolickiego alfabetu z okresu jego formowania się: 34 znaki; między innymi łacińskie M, dwa znaki dawnego półgłosu (w formie klucza, pojawia się również laska), znak jotowanej przedniej głoski nosowej.\n',NULL,NULL),(311,31,'pl','Splicki fragment mszału\n',3,'południowo-zachodnia Bośnia\n','XIII wiek\n','Głagolica przejściowa (okres przed standaryzacją  głagolicy – wschodni obszar chorwackiego głagolityzmu)\n','Język chorwacko-cerkiewnosłowiański (ikawsko-sztokawskie cechy językowe)\n','Wzory mszalne z sanktorału na grudzień\n','Karta pergaminowa o wymiarach 30 × 22 cm, dwie kolumny tekstu po obu stronach\n','Został znaleziony przez Vatroslava Jagicia, przechowywany w Archiwum Archidiecezjalnym w Splicie.\n',NULL,NULL),(312,32,'pl','Legenda o św. Tekli\n',3,'-\n','XIII wiek\n','Uncjalna głagolica\n','Język chorwacko-cerkiewnosłowiański\n','Fragment apokryfu Dzieje Pawła i Tekli\n','Podwójna karta pergaminowa\n','Znajduje się w archiwum Chorwackiej Akademii Nauki i Sztuki w Zagrzebiu.\n',NULL,NULL),(313,26,'pl','Fragment mszału Kukuljevicia\n',3,'Zachodni obszar chorwackiego głagolityzmu\n','XIII wiek\n','Uncjalna głagolica\n','Język chorwacko-cerkiewnosłowiański\n','Fragment mszału (temporału)  przypadający na Szóstą Niedzielę Wielkiego Postu i początek Wielkiego Poniedziałku\n','Karta pergaminowa o wymiarach 31 x 22 cm\n','Na podstawie badań paleograficznych określono wiek zabytku: niejednolita wielkość liter, rzadko występujące ligatury; pochodzi z kolekcji Ivana Kukuljevicia, znajduje się w archiwum Chorwackiej Akademii Nauki i Sztuki w Zagrzebiu.Jeden z najstarszych fragmentów zapisany zunifikowaną głagolicą uncjalną.\n',NULL,NULL),(314,33,'pl','Epistoła o niedzieli\n',3,'-\n','XIII wiek\n','Uncjalna głagolica\n','Język chorwacko-cerkiewnosłowiański\n','Uszkodzona podwójna karta pergaminowa z fragmentem apokryficznej Epistoły o niedzieli\n','Podwójna karta pergaminowa\n','Zakłada się, że jest to część uszkodzonego woluminu, młodszy od fragmentu mszału Kukuljevicia, przechowywany w archiwum Chorwackiej Akademii Nauki i Sztuki w Zagrzebiu.\n',NULL,NULL),(315,27,'pl','Kodeks vinodolski\n',3,'Gmina Vinodol\n','1288 rok\n','Uncjalna / kursywna głagolica\n','Język starochorwacki\n','Kodeks prawa zwyczajowego gminy Vinodol\n','Tekst zawierający 77 paragrafów\n','Najstarszy chorwacki tekst prawny zapisany głagolicą i drugi najstarszy słowiański zbiór praw po Ruskiej Prawdzie, nie jest zachowany w oryginale, lecz w postaci głagolickiej kopii z XVI w., pierwszy raz opublikowany przez Mažuranicia w 1843 r., znajduje się w Bibliotece Narodowej i Uniwersyteckiej w Zagrzebiu.\n',NULL,NULL),(316,34,'pl','Parcelacja istryjska\n',3,'Istria\n','Lata 1275 – 1395\n','Kursywna głagolica\n','Trzy wersje językowe: łacińska, niemiecka i starochorwacka\n','Akt prawny, w którym zostały ustalone granice istryjskich ziem znajdujących się w posiadaniu Wenecji, patriarchy akwilejskiego i hrabiów pazinskich\n','35 kart\n','Zawiera informacje na temat etnicznej i społecznej struktury średniowiecznej Istrii, dziś zachowana jest chorwacka kopia Levca Križanicia z 1546 roku, znajduje się Bibliotece Narodowej i Uniwersyteckiej w Zagrzebiu.\n',NULL,NULL),(317,35,'pl','Homilia o Zwiastowaniu Pańskim\n',3,'-\n','XIII wiek\n','Uncjalna głagolica\n','Język chorwacko-cerkiewnosłowiański\n','Zawiera dwie homilie, kazania na dzień Zwiastowania Pańskiego\n','Dwie karty pergaminowe o wymiarach 30 x 21 cm\n','Znajduje się w archiwum Chorwackiej Akademii Nauki i Sztuki w Zagrzebiu.\n',NULL,NULL),(318,36,'pl','Zagrzebski fragment brewiarza\n',3,'-\n','XIII wiek\n','Uncjalna  głagolica\n','Język chorwacko-cerkiewnosłowiański\n','Fragmenty sanktorału\n','Uszkodzona podwójna karta pergaminowa\n','Jest przechowywany w archiwum Chorwackiej Akademii Nauki i Sztuki w Zagrzebiu.\n',NULL,NULL),(319,38,'pl','List apostolski z Omiša\n',3,'Krk\n','XIII – XIV wiek\n','Uncjalna  głagolica\n','Język chorwacko-cerkiewnosłowiański\n','Epistoła świętego Pawła apostoła do Rzymian, pieśń wejścia dla roku liturgicznego nieparzystego C.\n','Karta pergaminowa\n','Ważny dla chorwackiego głagolityzmu ponieważ dowodzi, że w strukturze chorwackiego zachodniego głagolitzmu występowały kompletne apostolarze, co jest z zasady bardziej charakterystyczne dla kościoła wschodniego (por. fragmenty Dziejów Apostolskich Grškovicia i Mihanovicia).\n',NULL,NULL),(320,37,'pl','Fragment Księgi Przysłów z Rijeki\n',3,'Rijeka\n','XIII wiek\n','Uncjalna głagolica\n','Język chorwacko-cerkiewnosłowiański\n','Część tekstu pierwszego rozdziału Księgi Przysłów, którą czyta się w sierpniu.\n','Fragment karty pergaminowej\n','Fragment został znaleziony przez Anicę Vlašić-Anić, pracownika Instytutu Starosłowiańskiego, najstarszy chorwacko-głagolicki fragment znaleziony w  Rijece.\n',NULL,NULL),(321,28,'pl','Homiliarz Lublański\n',3,'-\n','XIII wiek\n','Uncjalna głagolica (zachodni obszar chorwackiego głagolityzmu)\n','Język chorwacko-cerkiewnosłowiański\n','Część homiliarza (pierwszych trzech niedziel Wielkiego Postu), zawiera fragment homilii Jana Złotoustego o Ścięciu Jana Chrzciciela.\n','2  karty pergaminowe\n','Ciekawostki\n',NULL,NULL),(322,29,'pl','Fragment brewiarza z Vrbnika\n',3,'Vrbnik\n','XIII wiek\n','Uncjalna  głagolica (zachodni obszar chorwackiego głagolityzmu)\n','Język chorwacko-cerkiewnosłowiański\n','Część temporału (druga i trzecia niedziela adwentu), fragmenty A i D należały do tego samego brewiarza, natomiast B i C do innego rękopisu.\n','4 karty pergaminowe (uszkodzone i słabo czytelne) o różnej wielkości: A = 17 x 19 cm, B = 23,5 x 10 ','Wydany przez J. Vajsa, a dokładnie opisany przez V. Štefanicia. Fragmenty pisane przez jednego skrybę, służyły jako obwoluta dla dokumentów kościoła parafialnego w Vrbniku.\n',NULL,NULL),(323,39,'pl','Pierwszy brewiarz z Vrbnika\n',3,'Vrbnik\n','XIII – XIV wiek\n','Uncjalna głagolica (niedawno zakończony proces formowania)\n','Język chorwacko-cerkiewnosłowiański(z wieloma archaizmami starosłowiańskimi, ale również z elementami chorwackiego języka mówionego)\n','Zawiera skrócone oficjum Kurii Rzymskiej, istotny dla badań tekstów biblijnych.\n','259 kart pergaminowych\n','Zawiera lokalne cechy dialektalne okolic Vrbnika, znajduje się w Kancelarii Parafialnej w Vrbniku.\n',NULL,NULL),(324,30,'pl','Alfabet głagolicki z Roča\n',3,'Kościół św. Antoniego w Roču\n','1200 rok\n','Głagolica przejściowa (okres przed standaryzacją  głagolicy – zachodni obszar chorwackiego głagolityzmu)\n','Język chorwacko-cerkiewnosłowiański\n','Alfabet (autochtoniczny)\n','Inskrypcja na ścianie kościoła (wyryta na planie równoramiennego krzyża w okręgu)\n','Obejmuje pełen zakres głagolickiego alfabetu z okresu jego formowania się: 34 znaki; między innymi łacińskie M, dwa znaki dawnego półgłosu (w formie klucza, pojawia się również laska), znak jotowanej przedniej głoski nosowej.\n',NULL,NULL),(325,31,'pl','Splicki fragment mszału\n',3,'południowo-zachodnia Bośnia\n','XIII wiek\n','Głagolica przejściowa (okres przed standaryzacją  głagolicy – wschodni obszar chorwackiego głagolityzmu)\n','Język chorwacko-cerkiewnosłowiański (ikawsko-sztokawskie cechy językowe)\n','Wzory mszalne z sanktorału na grudzień\n','Karta pergaminowa o wymiarach 30 × 22 cm, dwie kolumny tekstu po obu stronach\n','Został znaleziony przez Vatroslava Jagicia, przechowywany w Archiwum Archidiecezjalnym w Splicie.\n',NULL,NULL),(326,32,'pl','Legenda o św. Tekli\n',3,'-\n','XIII wiek\n','Uncjalna głagolica\n','Język chorwacko-cerkiewnosłowiański\n','Fragment apokryfu Dzieje Pawła i Tekli\n','Podwójna karta pergaminowa\n','Znajduje się w archiwum Chorwackiej Akademii Nauki i Sztuki w Zagrzebiu.\n',NULL,NULL),(327,26,'pl','Fragment mszału Kukuljevicia\n',3,'Zachodni obszar chorwackiego głagolityzmu\n','XIII wiek\n','Uncjalna głagolica\n','Język chorwacko-cerkiewnosłowiański\n','Fragment mszału (temporału)  przypadający na Szóstą Niedzielę Wielkiego Postu i początek Wielkiego Poniedziałku\n','Karta pergaminowa o wymiarach 31 x 22 cm\n','Na podstawie badań paleograficznych określono wiek zabytku: niejednolita wielkość liter, rzadko występujące ligatury; pochodzi z kolekcji Ivana Kukuljevicia, znajduje się w archiwum Chorwackiej Akademii Nauki i Sztuki w Zagrzebiu.Jeden z najstarszych fragmentów zapisany zunifikowaną głagolicą uncjalną.\n',NULL,NULL),(328,33,'pl','Epistoła o niedzieli\n',3,'-\n','XIII wiek\n','Uncjalna głagolica\n','Język chorwacko-cerkiewnosłowiański\n','Uszkodzona podwójna karta pergaminowa z fragmentem apokryficznej Epistoły o niedzieli\n','Podwójna karta pergaminowa\n','Zakłada się, że jest to część uszkodzonego woluminu, młodszy od fragmentu mszału Kukuljevicia, przechowywany w archiwum Chorwackiej Akademii Nauki i Sztuki w Zagrzebiu.\n',NULL,NULL),(329,27,'pl','Kodeks vinodolski\n',3,'Gmina Vinodol\n','1288 rok\n','Uncjalna / kursywna głagolica\n','Język starochorwacki\n','Kodeks prawa zwyczajowego gminy Vinodol\n','Tekst zawierający 77 paragrafów\n','Najstarszy chorwacki tekst prawny zapisany głagolicą i drugi najstarszy słowiański zbiór praw po Ruskiej Prawdzie, nie jest zachowany w oryginale, lecz w postaci głagolickiej kopii z XVI w., pierwszy raz opublikowany przez Mažuranicia w 1843 r., znajduje się w Bibliotece Narodowej i Uniwersyteckiej w Zagrzebiu.\n',NULL,NULL),(330,34,'pl','Parcelacja istryjska\n',3,'Istria\n','Lata 1275 – 1395\n','Kursywna głagolica\n','Trzy wersje językowe: łacińska, niemiecka i starochorwacka\n','Akt prawny, w którym zostały ustalone granice istryjskich ziem znajdujących się w posiadaniu Wenecji, patriarchy akwilejskiego i hrabiów pazinskich\n','35 kart\n','Zawiera informacje na temat etnicznej i społecznej struktury średniowiecznej Istrii, dziś zachowana jest chorwacka kopia Levca Križanicia z 1546 roku, znajduje się Bibliotece Narodowej i Uniwersyteckiej w Zagrzebiu.\n',NULL,NULL),(331,35,'pl','Homilia o Zwiastowaniu Pańskim\n',3,'-\n','XIII wiek\n','Uncjalna głagolica\n','Język chorwacko-cerkiewnosłowiański\n','Zawiera dwie homilie, kazania na dzień Zwiastowania Pańskiego\n','Dwie karty pergaminowe o wymiarach 30 x 21 cm\n','Znajduje się w archiwum Chorwackiej Akademii Nauki i Sztuki w Zagrzebiu.\n',NULL,NULL),(332,36,'pl','Zagrzebski fragment brewiarza\n',3,'-\n','XIII wiek\n','Uncjalna  głagolica\n','Język chorwacko-cerkiewnosłowiański\n','Fragmenty sanktorału\n','Uszkodzona podwójna karta pergaminowa\n','Jest przechowywany w archiwum Chorwackiej Akademii Nauki i Sztuki w Zagrzebiu.\n',NULL,NULL),(333,38,'pl','List apostolski z Omiša\n',3,'Krk\n','XIII – XIV wiek\n','Uncjalna  głagolica\n','Język chorwacko-cerkiewnosłowiański\n','Epistoła świętego Pawła apostoła do Rzymian, pieśń wejścia dla roku liturgicznego nieparzystego C.\n','Karta pergaminowa\n','Ważny dla chorwackiego głagolityzmu ponieważ dowodzi, że w strukturze chorwackiego zachodniego głagolitzmu występowały kompletne apostolarze, co jest z zasady bardziej charakterystyczne dla kościoła wschodniego (por. fragmenty Dziejów Apostolskich Grškovicia i Mihanovicia).\n',NULL,NULL),(334,37,'pl','Fragment Księgi Przysłów z Rijeki\n',3,'Rijeka\n','XIII wiek\n','Uncjalna głagolica\n','Język chorwacko-cerkiewnosłowiański\n','Część tekstu pierwszego rozdziału Księgi Przysłów, którą czyta się w sierpniu.\n','Fragment karty pergaminowej\n','Fragment został znaleziony przez Anicę Vlašić-Anić, pracownika Instytutu Starosłowiańskiego, najstarszy chorwacko-głagolicki fragment znaleziony w  Rijece.\n',NULL,NULL),(335,28,'pl','Homiliarz Lublański\n',3,'-\n','XIII wiek\n','Uncjalna głagolica (zachodni obszar chorwackiego głagolityzmu)\n','Język chorwacko-cerkiewnosłowiański\n','Część homiliarza (pierwszych trzech niedziel Wielkiego Postu), zawiera fragment homilii Jana Złotoustego o Ścięciu Jana Chrzciciela.\n','2  karty pergaminowe\n','Ciekawostki\n',NULL,NULL),(336,29,'pl','Fragment brewiarza z Vrbnika\n',3,'Vrbnik\n','XIII wiek\n','Uncjalna  głagolica (zachodni obszar chorwackiego głagolityzmu)\n','Język chorwacko-cerkiewnosłowiański\n','Część temporału (druga i trzecia niedziela adwentu), fragmenty A i D należały do tego samego brewiarza, natomiast B i C do innego rękopisu.\n','4 karty pergaminowe (uszkodzone i słabo czytelne) o różnej wielkości: A = 17 x 19 cm, B = 23,5 x 10 ','Wydany przez J. Vajsa, a dokładnie opisany przez V. Štefanicia. Fragmenty pisane przez jednego skrybę, służyły jako obwoluta dla dokumentów kościoła parafialnego w Vrbniku.\n',NULL,NULL),(337,39,'pl','Pierwszy brewiarz z Vrbnika\n',3,'Vrbnik\n','XIII – XIV wiek\n','Uncjalna głagolica (niedawno zakończony proces formowania)\n','Język chorwacko-cerkiewnosłowiański(z wieloma archaizmami starosłowiańskimi, ale również z elementami chorwackiego języka mówionego)\n','Zawiera skrócone oficjum Kurii Rzymskiej, istotny dla badań tekstów biblijnych.\n','259 kart pergaminowych\n','Zawiera lokalne cechy dialektalne okolic Vrbnika, znajduje się w Kancelarii Parafialnej w Vrbniku.\n',NULL,NULL),(338,45,'pl','Mszał księcia Novaka\n',4,'Lika\n','1368 rok\n','Uncjalna głagolica\n','Język chorwacko-cerkiewnosłowiański\n','Zawiera temporał, kanoniczny porządek mszy, msze dziękczynne i in., sanktorał, komunał, teksty rytualne i modlitwy.\n','271 kart o wymiarze 32 x 24 cm\n','Napisał go książę Novak Disislavić, rycerz króla Ludwika I, w tym kodeksie chorwacka głagolica uncjalna osiągnęła szczyt swojego rozwoju jako pismo, obfituje w piękne inicjały, zapisany jest w nim pierwszy chorwacki czakawski ośmiozgłoskowiec. Znajduje się w Austriackiej Bibliotece Narodowej. Posłużył jako podstawa dla pierwszej chorwackiej drukowanej księgi Misal po zakonu rimskoga dvora (Mszał rzymski) z 1483 roku.\n',NULL,NULL),(339,46,'pl','Bulla papieża Grzegorza XI do paulinów\n',4,'Avignon\n','1371 rok\n','Półuncjalna  głagolica / kursywna głagolica\n','Pierwotnie napisana po łacinie, tłumaczenie na język chorwacki (północno-czakawski) zostało wykonane dla chorwackich klasztorów zakonu paulinów na terenie Chorwackiego Przymorza.\n','Bulla, która potwierdza prawo własności zakonu paulinów do całego nieruchomego majątku, jak i przychodów z dara almozine z różnych źródeł, mowa jest także między innymi o prawie do pochówku na terenie klasztoru, o sposobie wyboru nowego przeora, wykupie praw do dziesięciny i majątku klasztoru od osó','–\n','Pierwotnie napisana po łacinie, znajduje się w Bibliotece Narodowej i Uniwersyteckiej w Zagrzebiu.\n',NULL,NULL),(340,47,'pl','Statut Sokolski\n',4,'Sokol w zachodniej Bośni\n','1380 rok\n','Półuncjalna głagolica\n','Język starochorwacki\n','–\n','Karta pergaminowa – dokument\n','–\n',NULL,NULL),(341,48,'pl','Statut Senjski\n',4,'Senj\n','1388 rok\n','Kopia chorwackiego tłumaczenia łacińskiego statutu z 1388 roku. Do współczesnego odbiorcy dociera w łacińskim odpisie Ručicia z 1701 roku. O pierwszym tłumaczeniu chorwackim, prawdopodobnie pisanym głagolicą dziś praktycznie nic nie wiadomo.\n','Język starochorwacki\n','130 artykułów o prawach senjskiej szlachty (Stjepan oraz Ivan Frankopan i inni)\n','22 karty pergaminowe\n','–\n',NULL,NULL),(342,49,'pl','Dokument z Počitelja\n',4,'Počitelj w Lice\n','18.08.1393 roku\n','Wczesna głagolica kursywna\n','Język starochorwacki\n','Poświadczony dokument\n','1 karta\n','Znajduje się w archiwum Chorwackiej Akademii Nauki i Sztuki w Zagrzebiu.\n',NULL,NULL),(343,50,'pl','Wolumen z Reims\n',4,'Reims\n','1395 rok\n','Cyrylica  (XI w.), głagolica uncjalna (XIV w.)\n','Język chorwacko-cerkiewnosłowiański\n','Część głagolicka: lekcjonarz dla większych świąt kościelnych, przeznaczony na mszę pontyfikalną opatów z Emaus\n','31 kart pergaminowych uncjalnej głagolicy\n','Jeden z opatów zanotował, że pierwszą część zbioru zapisano „językiem serbskim“  (cyrylicą), a drugą część „iliryjskim“, tj. chorwackim, podczas koronacji królowie składali nań przysięgę, jest przechowywany w Bibliotece Miejskiej w Reims.Głagolicka część  ewangeliarza z Reims ma pochodzenie chorwackie, ze szkoły chorwackich benedyktynów, ale została przepisana przez nieznanego Czecha w 1395 roku w praskim klasztorze Emaus.\n',NULL,NULL),(344,51,'pl','Podział Kožljačko-Mošćenicki\n',4,'Mošćenica, Istria\n','1395 rok\n','Uncjalna i kursywna głagolica\n','Język starochorwacki\n','–\n','–\n','Najstarszy zachowany tekst głagolicki z parafii Mošćenica\n',NULL,NULL),(345,52,'pl','Brewiarz Vidy z Omišlja\n',4,'Krk\n','1396 rok\n','Uncjalna głagolica\n','Język chorwacko-cerkiewnosłowiański\n','Zawiera czytania na święta Pańskie oraz niedziele, obszerne teksty biblijne.\n','468 kart\n','Waży prawie 10 kilogramów, zawiera grecyzmy z wpływami łaciny i języka bośniackiego, znajduje się w Austriackiej Bibliotece Narodowej    został napisany przez Vida z Omišlja dla kościoła w Roču.\n',NULL,NULL),(346,59,'pl','Zbiór Stijepana Ivančicia\n',4,'-\n','XIV – XV wiek\n','Uncjalna głagolica\n','Język chorwacko-cerkiewnosłowiański (mieszanina elementów chorwacko-czakawskich i starosłowiańskich)\n','Zawiera Cuda Maryjne, Pytania i odpowiedzi, Pouczenia świętych ojców i Błogosławienie stołu.\n','181 kart\n','Służył do nauczania młodego pokolenia kapłanów głagolickich, nazywany imieniem Stijepana Ivančicia, który go odkrył, znajduje się w trzecim zakonie Franciszkanów na Ksawerze w Zagrzebiu.\n',NULL,NULL),(347,60,'pl','Ewangeliarz z miejscowości Čajniče\n',4,'Čajniče, południowo-wschodnia Bośnia (Muzeum Kościoła Wniebowstąpienia Najświętszej Maryi Panny i Ko','XIV – XV wiek\n','Głagolica na kartach 89 verso i 90 recto w cyrylickim kodeksie (fragment Ewangelii św. Jana, 15. 17–20) – przykład „defektywnej / zdegenerowanej“ głagolicy, która występowała w Bośni w XIII w.\n','Bośniacka redakcja języka starosłowiańskiego\n','Ewangeliarz\n','Zachowane 167 kart, utracony początek i koniec\n','Poza ewangeliarzem zawiera zdeformowany i niepełny alfabet głagolicki; należał do rodziny Rađenoviciów.\n',NULL,NULL),(348,61,'pl','Chorwacki fragment głagolicki z Beinecke\n',4,'Beinecke, USA\n','XIV – XV wiek\n','Uncjalna  głagolica\n','Język chorwacko-cerkiewnosłowiański\n','Dwustronicowy fragment mszału; czytania podczas modlitewnego czuwania w Dzień Wszystkich Świętych  (Apokalipsa św. Jana  5.6-12)\n','Podwójna karta pergaminowa (fragment)\n','–\n',NULL,NULL),(349,62,'pl','Mszał Kopenhaski\n',4,'Roč na Istrii lub Krk, lokacja nie została jednoznacznie potwierdzona ponieważ rękopis miał więcej p','XIV wiek\n','Uncjalna głagolica\n','Język chorwacko-cerkiewnosłowiański\n','Mszał i abecedariusz (niepełny temporał, niepełny kanon mszy, kalendarz, komunał, msze dziękczynne, msze za zmarłych, sanktorał)\n','263 karty\n','Rękopis w 1499 roku znajdował się w Roču na Istrii, w XIX wieku znalazł się w Austriackiej Bibliotece Narodowej w Wiedniu, dzisiaj znajduje się w Duńskiej Bibliotece Królewskiej w Kopenhadze.\n',NULL,NULL),(350,64,'pl','Brewiarz Akademii \n',4,'-\n','XIV wiek (1384 rok?)\n','Głagolica uncjalna\n','Język  chorwacko- cerkiewnosłowiański\n','Psałterz, kantyki, hymny, komunał, msze za zmarłych, oficjum Maryjne, kalendarium\n','70 kart o wymiarach 29,2 x 20,5 cm\n','Znajduje się w archiwum Chorwackiej Akademii Nauki i Sztuki w Zagrzebiu, pochodzi z wyspy Ist.\n',NULL,NULL),(351,68,'pl','Fragment mszału chorwacko- głagolickiego w Krakowie\n',4,'Kraków\n','XIV wiek\n','Głagolica uncjalna\n','Język  chorwacko- cerkiewnosłowiański\n','Fragmenty mszy o Nawróceniu Świętego Pawła i na święto św. Piotra i Pawła, fragment mszy za zmarłych\n','3 karty pergaminowe\n','Chorwaci głagolici działali w klasztorze na Kleparzu w Krakowie, w pożarze w 1584 roku klasztor został częściowo zniszczony, zachowało się bardzo mało głagolickich rękopisów, ten znajduje się w Bibliotece Jagiellońskiej w Krakowie.\n',NULL,NULL),(352,69,'pl','Fragment z miejscowości Novo Mesto\n',4,'Novo Mesto\n','XIV wiek\n','Głagolica uncjalna\n','Język  chorwacko- cerkiewnosłowiański\n','Fragment legendy o św. Eustachym\n','Część karty pergaminowej\n','Fragment pochodzi z okładki Księgi urodzeń; drugi, obok Fragmentów z Pazina, chorwacko- głagolicki fragment legendy o św. Eustachym.\n',NULL,NULL),(353,70,'pl','Głagolicki fragment brewiarza z Fojnicy\n',4,'-\n','XIV wiek\n','Głagolica uncjalna\n','Język chorwacko- cerkiewnosłowiański\n','Fragment Księgi Wyjścia i Listu św. Jana Chryzostoma\n','Uszkodzona karta pergaminowa\n','Znaleziony przez Josipa Hamma w 1950 roku w Muzeum Klasztoru Franciszkanów w Fojnici, zaginął.\n',NULL,NULL),(354,71,'pl','Drugi Brewiarz z Vrbnika\n',4,'Vrbnik\n','XIV wiek\n','Głagolica uncjalna\n','Język  chorwacko- cerkiewnosłowiański\n','Niekompletny temporał\n','295 kart pergaminowych\n','Tekst pisały trzy lub cztery osoby.\n',NULL,NULL),(355,72,'pl','Czwarty Brewiarz z Vrbnika\n',4,'Vrbnik\n','XIV wiek\n','Głagolica uncjalna\n','Język  chorwacko- cerkiewnosłowiański\n','Sanktorał i komunał\n','112 kart pergaminowych\n','Brakuje około 150 kart, znajduje się w Vrbniku od 1605 roku.\n',NULL,NULL),(356,73,'pl','Brewiarz z Padwy\n',4,'-\n','XIV wiek\n','Głagolica uncjalna\n','Język  chorwacko- cerkiewnosłowiański\n','Temporał\n','308 kart pergaminowych\n','Pisało go co najmniej  pięciu skrybów, znajduje się w Padwie.\n',NULL,NULL),(357,74,'pl','Brewiarz Medycejski\n',4,'-\n','XIV wiek\n','Głagolica uncjalna\n','Język  chorwacko- cerkiewnosłowiański\n','Psałterz z kantykami, laudy i pieśni pochwalne, komunał, temporał, msze za zmarłych, Dies irae\n','124 karty pergaminowe\n','Znajduje się we Florencji.\n',NULL,NULL),(358,75,'pl','Brewiarz-mszał Oksfordski\n',4,'-\n','XIV wiek\n','Głagolica uncjalna\n','Język  chorwacko- cerkiewnosłowiański\n','Brewiarz, mszał i rytuał\n','410 kart pergaminowych\n','Napisany niezwykle małymi literami alfabetu głagolickiego, do niedawna datowanymi na rok 1310, współcześni badacze są jednak sceptyczni i określają czas powstania jedynie orientacyjnie na XIV wiek.\n',NULL,NULL),(359,77,'pl','Mszał Berliński\n',5,'Lika\n','1402 r.\n','Głagolica uncjalna\n','Język starochorwacki\n','Temporał, porządek mszy, msze dziękczynne, kalendarium, sanktorał, komunał, teksty rytualne\n','218 kart pergaminowych\n','Najstarszy zachowany rękopis Bartola Krbavca, karty ozdobione miniaturami, znajduje się w Bibliotece Państwowej w Berlinie.\n',NULL,NULL),(360,79,'pl','Mszał Hrvoja\n',5,'Obszar zadarski\n','1404 rok\n','Głagolica uncjalna\n','Język  chorwacko- cerkiewnosłowiański (z wieloma kroatyzmami)\n','Temporał, porządek mszy, kalendarium, sanktorał, komunał, msze dziękczynne, teksty rytualne\n','247 kart pergaminowych\n','Napisał go skryba Butko dla Hrvoja Vukčicia Hrvatinicia, zawiera wiele ornamentów, które tworzą zdobione i malowane inicjały, po podboju Bośni przez Imperium Osmańskie był w Budzie, a następnie dotarł do Stambułu, gdzie jest przechowywany do dziś w bibliotece Topkapi Sarayi.\n',NULL,NULL),(361,80,'pl','Brewiarz ze wsi Draguć\n',5,'Okolice Zadaru i Krbavy\n','1407 r.\n','Głagolica uncjalna\n','Język  chorwacko- cerkiewnosłowiański\n','Temporał, rubryki, hymny, kalendarium, dodatkowe oficjum\n','196 kart pergaminowych\n','Pisało go kilka osób, przypuszcza się, że został napisany w okolicach Krbavy,z powodu licznych ikawizmów, następnie został przewieziony na Istrię do Dragucia, zawiera ornamenty, ilustracje zmartwychwstania, proroków i orła.\n',NULL,NULL),(362,86,'pl','Przywilej z Liki\n',5,'Lika\n','1433 r.\n','Głagolica kursywna\n','Starochorwacki język\n','Dokument prawny, na mocy którego Matijica Utišenić ofiarowuje ziemie kościołowi św. Jana na Gori.\n','pergamin\n','Ma sześć wiszących pieczęci, znajduje się w Bibliotece Prowincji Franciszkańskiej św. Krzyża.\n',NULL,NULL),(363,94,'pl','Pierwszy mszał z Vrbnika\n',5,'Vrbnik\n','1456 r.\n','Głagolica uncjalna\n','Język chorwacko-cerkiewnosłowiański\n','Temporał, porządek mszy z kanonem, msze wotywne, sanktorał, komunał, kalendarium i teksty rytualne\n','256 kart pergaminowych\n','Legenda o Wacławie jest napisana podobnie do legendy o śmierci króla Zvonimira. Na marginesach znajdują się liczne zapiski historyczne z czasów późniejszych. Brewiarz znajduje się w kancelarii parafialnej w miejscowości Novi Vinodolski.\n',NULL,NULL),(364,95,'pl','Pierwszy brewiarz z miejscowości Novi Vinodolski\n',5,'Novi Vinodolski\n','1459 r.\n','Głagolica uncjalna\n','Język chorwacko-cerkiewnosłowiański\n','Temporał, rubryki, kalendarium, psałterz, kantyki, komunał, sanktorał, a także legenda o Wacławie\n','466 kart pergaminowych\n','Brewiarz pisał Blaž Baromić, a ukończył go pop Jure z Baški. Znajduje się w Narodowej i Uniwersyteckiej Bibliotece w Zagrzebiu.\n',NULL,NULL),(365,101,'pl','Watykański brewiarz Vat. Slav. 19\n',5,'-\n','1465 ro.\n','Głagolica półunjalna\n','Język chorwacko-cerkiewnosłowiański\n','Temporał, psałterz, kantyki, hymny, komunał, kalendarium, sanktorał\n','384 katry pergaminowe i 3 papierowe\n','Nazwa pochodzi od nazwiska kanonika z Krku, Josipa Antuna Petrisa, ponieważ został odnaleziony w jego spuściźnie. Znajduje się w Bibliotece Narodowej i Uniwesyteckiej w Zagrzebiu.\n',NULL,NULL),(366,102,'pl','Zbiór Petrisa\n',5,'Istria lub Ozalj\n','1468 r.\n','Głagolica kursywna / półuncjalna\n','Język chorwacko-cerkiewnosłowiański (mieszanina czakawskich, kajkawskich i starosłowiańskich jednostek językowych)\n','Teksty z literatury apokryficznej i średniowiecznych powieści, pieśni i mowy kościelne, teksty moralizatorskie, teksty encyklopedyczne (Lucydariusz)\n','350 kart pergaminowych\n','Sędzia potwierdza testament arystokraty z Liki, Matijicy Utišenicia, w którym ten zapisuje ziemie kościołowi św. Jana.\n',NULL,NULL),(367,110,'pl','Zbiór Kolunicia\n',5,'Kneževa Vasa koło miejscowości Otočac\n','1486 r.\n','Głagolica półuncjalna\n','Język chorwacko-starosłowiański (czakawski z elementami kajkawskiego)\n','Zbiór kazań wielkopostnych, traktat o  siedmiu grzechach głównych\n','197 kart (pierwsze 42 zaginęły)\n','W 1991 r. wydano przedruk brewiarza z okazji 500-letniej rocznicy jego powstania. Jest to najstarszy drukowany brewiarz, głagolicki inkanabuł, Znajduje się w Bibliotece Narodowej w Wenecji.\n',NULL,NULL),(368,111,'pl','Brewiarz według obrządku rzymskiego\n',5,'Kosinj\n','1491 r.\n','Głagolica uncjalna\n','Język chorwacko-cerkiewnosłowiański\n','Kalendarium, temporał, psałterz, kantyki, sanktorał, komunał\n','360 kart\n','Autorem jest Šimun Greblo, który w tamtym czasie był „diakonem przez około rok”.\n',NULL,NULL),(369,113,'pl','Brewiarz Blaža Baromicia\n',5,'Wenecja\n','1493 rok\n','Głagolica uncjalna\n','Język chorwacko-cerkiewnosłowiański\n','Kalendarz, psałterz, kantyki, hymny, temporał, sanktorał, komunał, kanon mszy, porządek mszy, rytuał\n','544 karty\n','Pierwsza książka wydrukowana w głagolickiej drukarni w Senju (1494-1508)\n',NULL,NULL),(370,114,'pl','Mszał z Senja\n',5,'Senj\n','1494 rok\n','Głagolica uncjalna\n','Język chorwacko-cerkiewnosłowiański\n','Kalendarz, temporał, porządek mszy z kanonem i msze za zmarłych\n','216 kart\n','Napisał go pop Martinac w Grobniku; tekst o charakterze dramatycznym, mówi o wydarzeniach związanych z turecką agresją.\n',NULL,NULL),(371,115,'pl','Drugi Brewiarz z miejscowości Novi Vinodolski\n',5,'Grobnik\n','1495 rok\n','Głagolica uncjalna\n','Język chorwacko-cerkiewnosłowiański\n','Pełny brewiarz Rzymskiej kurii:  temporał, kalendarz, psałterz, kantyki i hymny, msze za zmarłych, sanktorał, msze na część Błogosławionej Maryi Panny\n','500 kart pergaminowych\n','Zapis znajduje się w Drugim Brewiarzu z Novalji z 1495 roku.\n',NULL,NULL),(372,118,'pl','Spowiedź Powszechna\n',5,'Senj\n','1496 rok\n','Głagolica uncjalna\n','Język chorwacko-cerkiewnosłowiański / starochorwacki (ikawsko-ekawska czakawszczyzna z wieloma italianizmami)\n','Instrukcje dla mnichów jak spowiadać grzeszników i jak ich pouczać by się dobrze spowiadali.\n','40 kart\n','Znajduje się w Trzecim Zakonie Regularnym św. Franciszka na Ksawerze w Zagrzebiu.\n',NULL,NULL),(373,134,'pl','Mszał-brewiarz Lublański\n',5,'-\n','XV wiek\n','Głagolica uncjalna\n','Język chorwacko-cerkiewnosłowiański\n','Psałterz, komunał, kalendarium, porządek mszy z kanonem, msze dziękczynne\n','177 kart pergaminowych\n','Brewiarz był używany na terenie Istrii,  we wsi Beram, ozdobiony wielobarwnymi inicjałami, ornamentami i miniaturami, znajduje się w Bibliotece Narodowej i Uniwersyteckiej w Lublanie.\n',NULL,NULL),(374,136,'pl','Mszał Bribirski\n',5,'Bribir\n','XV wiek\n','Głagolica uncjalna\n','Język chorwacko-cerkiewnosłowiański\n','Temporał, porządek mszy z kanonem, rubryki, kalendarium, sanktorał, msze dziękczynne, msze za zmarłych i komunał\n','103 karty pergaminowe\n','Znajduje się w Archiwum Chorwackiej Akademii Nauk i Sztuk w Zagrzebiu.\n',NULL,NULL),(375,137,'pl','Zbiór Vinodolski\n',5,'-\n','XV wiek\n','Głagolica uncjalna\n','Język chorwacko-cerkiewnosłowiański\n','–\n','65 kart pergaminowych i 3 karty papieru\n','Zapis z 1474 r. dowodzi, że rękopis pochodzi z miejscowości Beram (Istria), znajduje się w Bibliotece Narodowej i Uniwersyteckiej w Lublanie.\n',NULL,NULL),(376,139,'pl','Pierwszy Brewiarz Lublański\n',5,'–\n','XV wiek\n','Głagolica uncjalna\n','Język chorwacko-cerkiewnosłowiański\n','Sanktorał i kalendarium\n','180 kart pergaminowych\n','–\n',NULL,NULL),(377,140,'pl','Fragment brewiarza z miejscowości Novo Mesto\n',5,'Novo Mesto\n','XV wiek\n','Głagolica uncjalna\n','Język chorwacko-cerkiewnosłowiański\n','Temporał\n','Karta  pergaminowa\n','Znajduje się w Lublanie.\n',NULL,NULL),(378,141,'pl','Drugi Mszał Lublański (z miejscowości Beram na Istrii)\n',5,'-\n','XV wiek\n','Głagolica uncjalna\n','Język chorwacko-cerkiewnosłowiański\n','Temporał, porządek mszy, msze dziękczynne, sanktorał, teksty rytualne i kalendarium\n','196 kart pergaminowych\n','Bogaty w inicjały, znajduje się w Oksfordzie.\n',NULL,NULL),(379,142,'pl','Pierwszy Mszał Oksfordzki\n',5,'-\n','XV wiek\n','Głagolica uncjalna\n','Język chorwacko-cerkiewnosłowiański\n','Temporał, kalendarium, rubryki, sanktorał, komunał, msze dziękczynne i teksty rytualne\n','180 kart\n','Znajduje się w Oksfordzie.\n',NULL,NULL),(380,143,'pl','Drugi Mszał Oksfordzki\n',5,'-\n','XV wiek\n','Głagolica unjalna\n','Język chorwacko-cerkiewnosłowiański\n','Temporał, porządek mszy, kalendarium, komunał i sanktorał\n','239 kart pergaminowych\n','Znajduje się w Bibliotece Metropolitańskiej w Zagrzebiu.\n',NULL,NULL),(381,144,'pl','Mszał Metropolitański\n',5,'Vrbnik\n','XV wiek\n','Głagolica uncjalna\n','Język chorwacko-cerkiewnosłowiański\n','Część temporału, część komunału, porządek mszy, msze dziękczynne i teksty rytualne\n','63 karty pergaminowe\n','W mszale zawarto zapiski ważne dla historii miasta Novi Vinodolski.\n',NULL,NULL),(382,145,'pl','Mszał z miejscowości Novalja\n',5,'Novi Vinodolski\n','XV wiek\n','Głagolica uncjalna\n','Język chorwacko-cerkiewnosłowiański\n','Temporał, porządek mszy, kalendarium, sanktorał, komunał, teksty rytualne, msze dziękczynne, msze za zmarłych\n','188 kart pergaminowych\n','–\n',NULL,NULL),(383,146,'pl','Trzeci brewiarz z miejscowości Vrbnik\n',5,'Vrbnik\n','XV wiek\n','Głagolica uncjalna\n','Język chorwacko-cerkiewnosłowiański\n','Temporał\n','299 kart pergaminowych\n','Na pierwszej stronie, kursywną głagolicą spisano notatkę, z której wynika, że autorem dzieła jest Ivan Križanić. Zawiera ona ozdobne inicjały i miniatury. Z okładki brewiarza usunięto Londyński fragment brewiarza, który znajduje się w Londynie w Muzeum Brytyjskim.\n',NULL,NULL),(384,147,'pl','Brewiarz Brytyjski\n',5,'-\n','XV wiek\n','Głagolica uncjalna / kursywna\n','Język chorwacko-cerkiewnosłowiański\n','Czytania biblijne\n','71 kart pergaminowych\n',NULL,NULL,NULL),(385,151,'pl','Zbiór Kazań Świątecznych Popa Andrija\n',6,'-\n','1506 r.\n','Głagolica kursywna\n','Język chorwacko-cerkiewnosłowiański (dialekt czakavski z okolic miejscowości Novalja z cerkiewno-słowiańskimi elementami – cytaty biblijne)\n','51 kazań na dni świąteczne\n','103 karty\n','Znajduje się w Archiwum HAZU (Chorwackiej Akademii Nauki i Sztuki) w Zagrzebiu.\n',NULL,NULL),(386,152,'pl','Manipularz Plebana\n',6,'Senj\n','1507 r.\n','Głagolica uncjalna\n','Język chorwacko-cerkiewnosłowiański / język chorwacki (szczególna kompilacja przeważającej  czakawskiej stylizacji języka literackiego i języka cerkiewno-słowiańskiego)\n','Tłumaczenie Manipulus curatorum, podręcznika teologicznego w języku łacińskim\n','117 kart\n','W pisaniu uczestniczyło wielu mnichów, wyróżniono Grgura Senjanina;  zachowało się siedem egzemplarzy dzieła. Zabytek znajduje się w bibliotece  HAZU (Chorwackiej Akademii Nauki i Sztuki) w Zagrzebiu.Głagolickie wydania z Senja znalazły się wśród źródeł historycznego Słownika chorwackiego lub serbskiego, który powstał w JAZU (Jugosłowiańskiej Akademii Nauki i Sztuki).\n',NULL,NULL),(387,153,'pl','Prawo z Veprinca\n',6,'Veprinac (Istria)\n','1507 r.\n','Głagolica kursywna\n','Język chorwacki (dialekt północno-czakawski ekawski ze wschodniej Istrii, gwara z okolic Veprinca stylizowana na język literacki)\n','Zbiór praw gminy Veprinac\n','3 papierowe karty\n','Kopia niezachowanego głagolickiego tekstu źródłowego, uszkodzone krawędzie, jako podstawa językowa występuje  północno-czakawska ekawska gwara wschodniej Istrii.Jako pierwszy opublikował ją Franjo Rački w 1890 r. Znajduje się w archiwum Chorwackiej Akademii Nauki i Sztuki w Zagrzebiu.\n',NULL,NULL),(388,154,'pl','Sztuka Dobrego Umierania\n',6,'Senj\n','1507 / 1508 r.\n','Głagolica uncjalna\n','Język chorwacko-cerkiewnosłowiański / język chorwacki (szczególna kompilacja przeważającej czakawskiej stylizacji języka literackiego i języka cerkiewno-słowiańskiego)\n','Przekład popularnego dzieła Ars bene moriendi. Książka podzielona jest na dwie części: w pierwszej znajduje się tekst, który jest przeznaczony dla wierzącego w momencie śmierci, a w drugiej części znajduje się rytuał.\n','Broszura, niekompletne egzemplarze\n','Nie wiadomo, kiedy dokładnie został wydrukowany. Istnieją tylko 2 niekompletne egzemplarze. Jeden znajduje się w Petersburgu, a drugi w Narodowej i Uniwersyteckiej Bibliotece w Zagrzebiu.\n',NULL,NULL),(389,155,'pl','Cuda Sławnej Dziewicy Maryji\n',6,'Senj\n','1507 / 1508 r.\n','Głagolica uncjalna\n','Język chorwacko-cerkiewnosłowiański / język chorwacki (specjalna kompilacja przeważającej czakawskiej stylizacji  języka literackiego i języka cerkiewno-słowiańskiego)\n','Przekład z języka włoskiego, zawiera najobszerniejszy zbiór cudów dziewicy Maryji.\n','154 strony\n','Zachowało się 5 egzemplarzy, jedyny zachowany tekst źródłowy znajduje się w Londynie, pozostałe znajdują się w Petersburgu oraz Zagrzebiu w bibliotece Chorwackiej Akademii Nauki i Sztuki.\n',NULL,NULL),(390,156,'pl','Śmierć Świętego Hieronima\n',6,'Senj\n','1508 r.\n','Głagolica uncjalna\n','Język chorwacko-cerkiewnosłowiański / język chorwacki (szczególna kompilacja przeważającej czakawskiej stylizacji  języka literackiego i języka cerkiewno-słowiańskiego)\n','Przekład włoskiego dzieła Vita et Transitus sancti Hieronymi, tj. życia Świętego Hieronima\n','301 stron\n','Zachowało się 10 egzemplarzy, na końcu oryginalnego wydania znajduje się pieśń o świętym Hieronimie Anjelske kriposti (Anielskie przymioty), jej autorstwo przypisuje się M. Maruliciowi.\n',NULL,NULL),(391,157,'pl','Senjska Księga Wielkopostna\n',6,'Senj\n','1508 r.\n','Głagolica uncjalna\n','Język chorwacko-cerkiewnosłowiański / język chorwacki (szczególna kompilacja przeważającej czakawskiej stylizacji  języka literackiego i języka cerkiewno-słowiańskiego)\n','Zbiór wielkopostnych kazań włoskiego franciszkanina Roberta Caraccioli, tekst przełożyli księża z Senja: Pero Jakovčić i Silvestar Bedričić\n','208 stron w formacie 16×22 cm\n','Ostatnie dzieło, które zostało wydrukowane w drukarni w Senju, dzięki B. Fučiciowi i A. Nazor dzieło doczekało się przedruku, istnieje 10 zachowanych, oryginalnych egzemplarzy, które znajdują się w Bibliotece Chorwackiej Akademii Nauki i Sztuki w Zagrzebiu.\n',NULL,NULL),(392,158,'pl','Pierwszy elementarz chorwacko-głagolicki\n',6,'Wenecja\n','1527 r.\n','Głagolica uncjalna\n','Język chorwacko-cerkiewnosłowiański (oprócz modlitw na ostatnich stronach, które są w języku ludowym)\n','Podobny do łacińskich elementarzy z tego okresu (po modlitwie wstawienniczej wymienione są litery głagolickie w standardowej kolejności)\n','11 stron\n','Pierwszy chorwacki elementarz w ogóle, nie wiadomo kto jest jego autorem, wydrukowany został w renomowanej drukarni  A. Torresania, ozdobiony 13 wielkimi inicjałami z których 7 jest głagolickich, doczekał się przedruku, znajduje się w Narodowej i Uniwersyteckiej Bibliotece w Zagrzebiu.\n',NULL,NULL),(393,159,'pl','Mszał Pavla Modrušanina\n',6,'Wenecja\n','1528 r.\n','Głagolica uncjalna\n','Język chorwacko-cerkiewnosłowiański\n','Temporał, porządek mszy i kanon mszalny, msze dziękczynne, sanktorał, komunał, msze za zmarłych i teksty rytualne\n','224 karty\n','Nazwany na cześć twórcy Pavla Modrušanina, wydrukowany w ponad tysiącu egzemplarzy, kilka z nich zachowało się w Chorwacji. Jeden znajduje się w zakonie Franciszkanów Św. Ksawerego, jeden w bibliotece Chorwackiej Akademii Nauki i Sztuki, a dwa niepełne w Narodowej i Uniwersyteckiej Bibliotece w Zagrzebiu.\n',NULL,NULL),(394,160,'pl','Psałterz (Elementarz)\n',6,'Rijeka\n','1530 r.\n','Głagolica uncjalna\n','Język chorwacko-cerkiewnosłowiański / język chorwacki (szczególna kompilacja czakawszczyzny i  języka cerkiewno-słowiańskiego)\n','Elementarz do uczenia głagolicy i podręcznik-modlitewnik z podstawowymi modlitwami chrześcijańskimi\n','Broszurka licząca 8 kart\n','Znajduje się w Bibliotece Publicznej w Petersburgu.\n',NULL,NULL),(395,162,'pl','Mszał Chorwacki\n',6,'Rijeka\n','1531 r.\n','Głagolica uncjalna\n','Język chorwacko-cerkiewnosłowiański  (dosłowna redakcja wg Wulgaty)\n','kalendarium, uroczystości\n','256 kart\n','Jest to najpiękniejsze i najobszerniejsze dzieło Simuna Kožicia, charakterystyczne wprowadzenie franciszkańskich świętych i świąt do kalendarium, zachowało się 15 oryginalnych egzemplarzy m. in. w Zagrzebiu, Dubrowniku, Londynie, Lublanie, Moskwie, Rzymie, Oksfordzie.\n',NULL,NULL),(396,163,'pl','Broszury o Życiu Rzymskich Hierarchów i Cesarzy\n',6,'Rijeka\n','1531 r.\n','Głagolica uncjalna\n','Język chorwacko-cerkiewnosłowiański / język chorwacki (szczególna kompilacja czakawszczyzny i  języka cerkiewno-słowiańskiego)\n','Książka zawiera historię rzymskich cesarzy i papieży.\n','60 kart\n','Pierwsza historia świata drukowana w języku chorwackim, zawiera dedykację dla Toma Nigera, w której opowiada się ze reformą języka. Zachowało się 7 egzemplarzy, w tym 2 w Chorwacji: jeden w Zadarze, a drugi w Bibliotece Chorwackiej Akademii Nauki i Sztuki w Zagrzebiu.\n',NULL,NULL),(397,164,'pl','Książeczka z modlitwami\n',6,'Rijeka\n','1531 r.\n','Głagolica uncjalna\n','Język chorwacko-cerkiewnosłowiański (specyficzna mieszanina elementów dialektu czakawskiego i języka cerkiewnosłowiańskiego; elementy cerkiewnosłowiańskie występują w deklinacji, zwłaszcza zaimków i przymiotników, częste stosowanie składni dativus absolutus).\n','Obejmuje obrzędy chrztu, komunii dla chorych, namaszczenia chorych, obrzędy pogrzebowe dzieci i dorosłych i in.\n','106 stron\n','Poza Mszałem Chorwackim Książeczkaz modlitwami jako jedyne należą do liturgicznego korpusu publikacji Šimuna Kožičicia Benje (różnice w języku); zachowały się jedynie 3 egzemplarze; znajdują się w Petersburgu, we włoskim mieście Vicenza i Bibliotece Mazarina w Paryżu.\n',NULL,NULL),(398,165,'pl','Książeczka o byciu zakonnikiem\n',6,'Rijeka\n','1531 r.\n','Głagolica uncjalna\n','Chorwacko-cerkiewnosłowiański / chorwacki (szczególna mieszanina dialektu czakawskiego i języka cerkiewnosłowiańskiego)\n','Wskazówki dla zakonników: jak żyć i jakim być zakonnikiem\n','12 kart\n','Ostatnie dzieło w drukarni w Rijece, zachowana tylko jedna kopia w Petersburgu.\n',NULL,NULL),(399,169,'pl','Wielka sygnalna karta głagolicka\n',6,'Norymberga\n','1560 r.\n','Głagolica uncjalna\n','Język chorwacki\n','Modlitwa Pańska, Psalm 117 i pierwszy rozdział Listu św. Pawła apostoła do Rzymian\n','1 karta papieru\n','–\n',NULL,NULL),(400,170,'pl','Mały katechizm\n',6,'Tybinga\n','1561 r.\n','Głagolica uncjalna\n','Język chorwacki\n','–\n','7 kart papieru\n','W prywatnym posiadaniu Ivona Dubravčicia w Zagrzebiu\n',NULL,NULL),(401,171,'pl','Tablica dla dzieci\n',6,'Tybinga\n','1561 r.\n','Głagolica uncjalna\n','Język chorwacki\n','–\n','–\n','W tym samym roku została wydrukowana wersja cyrylicą.\n',NULL,NULL),(402,172,'pl','Brewiarz Brozicia\n',6,'Wenecja\n','1561 r.\n','Głagolica uncjalna\n','Język chorwacko-cerkiewnosłowiański\n','Psałterz z kantykami, temporał, msza nawiedzenia Najświętszej Maryi Panny, sanktorał, komunał, teksty rytualne\n','504 + 31 kart\n','Zredagował go Nikola Brozić, unikalny ze względu na liczbę ligatur – 250. Zachowanych ponad 20 kopii, znajduje się w Bibliotece Chorwackiej Akademii Nauki i Sztuki, Bibiotece Narodowej i Uniwersyteckiej w Zagrzebiu, Petersburgu, Wiedniu, Rzymie i in.Uważany za ostatni zabytek będący przykładem końca naturalnego rozwoju języka chorwacko-cerkiewnosłowiańskiego, czy też za symboliczny koniec rodzimej, chorwackiej redakcji języka starocerkiewnosłowiańskiego.\n',NULL,NULL),(403,173,'pl','Pewne krótkie racjonalne pouczenia\n',6,'Tybinga\n','1562 r.\n','Głagolica uncjalna\n','Język chorwacki\n','Chorwackie tłumaczenie dzieła Filipa Melanchtona Loci communes rerum theologicarum\n','4 + 144 kart\n','Chorwacka wersja została przetłumaczona ze słoweńskiego tłumaczenia P. Trubara przez Antona Dalmatina i Stjepana Istranina, pozostało 20 egzemplarzy.\n',NULL,NULL),(404,174,'pl','Pierwsza część Nowego Testamentu\n',6,'Instytut Biblijny w Bad Urach koło Tybingi\n','1562 r.\n','Głagolica uncjalna\n','Język chorwacki (podstawa czakawska, ale i elementy sztokawskiego, cerkiewnosłowiańskiego i słoweńskiego)\n','Zawiera cztery Ewangelie i Dzieje Apostolskie.\n','–\n','Przetłumaczyli i redagowali Stjepan Konzul Istranin i Antun Dalmatin. Wiadomo o istnieniu 20 kopii, m.in. w Bibliotece Narodowej i Uniwersyteckiej w Zagrzebiu. Pierwsze chorwackie drukowane tłumaczenia tekstów Nowego Testamentu w języku ludowym. We wstępie do pierwszej części  Nowego Testamentu Konzul i Dalmatin wspominają,  że przekładają  Biblię na język, który byłby zrozumiały  dla czakawców, sztokawców  i kajkawców, którzy sami zwą go: ogólnym, dzisiejszym i zrozumiałym językiem chorwackim. W 2013 r. Mateo Žagar, Tanja Kuštović, Vesna Badurina Stipčević i Alojz Jembrih przygotowali łacińską transliterację głagolickiego oryginału.\n',NULL,NULL),(405,175,'pl','Druga część Nowego Testamentu\n',6,'Biblijski Instytut w Bad Urach koło Tybingi\n','1563 r.\n','Głagolica uncjalna\n','Język chorwacki (podstawa czakawska, ale i elementy sztokawskiego, cerkiewnosłowiańskiego i słoweńskiego)\n','Zawiera listy i Apokalipsę, która jest ilustrowana 26 drzeworytami.\n','–\n','Przetłumaczony i zredagowany przez Stjepana Konzula Istranina i Antuna Dalmatina. Na podstawie dobrze zachowanej kopii z Narodowej i  Uniwersyteckiej Biblioteki w Zagrzebiu powstał w 2007 r. przedruk wydany na Wydziale Teologicznym Matija Vlačić Ilirik. W jednym woluminie wydane zostały pierwsza i druga część Nowego Testamentu, które były pierwotnie opublikowane oddzielnie; w obszernym posłowiu redaktor Alojz Jembrih opisuje wszystkie etapy pracy chorwackich protestantów nad tłumaczeniem Nowego Testamentu.\n',NULL,NULL),(406,178,'pl','Protokół mszy kapituły w Rijece\n',6,'Rijeka\n','XVI wiek\n','Głagolica kursywna\n','Język chorwacki (północnozachodnia czakawszczyzna Liburniji [okolice Opatiji, Kastavu, gmina Lovran i Mošćenička Draga] z ekawskim refleksem jat)\n','Księga z intencjami mszalnymi i pogrzebami od  sierpnia 1545 r. do października 1547 r. roku i od sierpnia 1553 r. do kwietnia 1555 r. , także notatki o corocznych posiedzeniach i działalności gospodarczej kapituły w Rijece.\n','–\n','–\n',NULL,NULL),(407,180,'pl','Zbiór z Tkonu\n',6,'Tkon, wyspa Pašman\n','XVI w.\n','Głagolica kursywna\n','Język chorwacko-cerkiewnosłowiański (przeważa dialekt czakawski z elementami dialektu kajkawskiego i sztokawskiego)\n','170 kart\n','Zawiera rozważania o Jezusie, o grzechu, o Lucyferze, dramaty pisane wierszem, zapis korzyści z Mszy','Jest on przechowywany w archiwum HAZU w Zagrzebiu, łacińską transliterację napisał  Slavomir Sambunjak w 2001 roku.\n',NULL,NULL),(408,181,'pl','Zbiór Žgombicia\n',6,'Dubašnica na wyspie Krk\n','XVI w.\n','Głagolica kursywna\n','Język chorwacko-cerkiewnosłowiański (widoczne kajkawizmy, które sprawiają, że zabytek jest ważny dla badań nad chorwackim językiem kajkawskim i literaturą kajkawską w XVI w.)\n','Zawiera ewangelie, listy, homilie, lucydariusz, apokryfy, przepisy i in.\n','1 + 195 arkuszy o wymiarach 19,2 x 13,4 cm\n','Pisany w latach 1520 – 1583, przez wielu autorów; znajduje się w Archiwum Chorwackiej Akademii Nauki i Sztuki w Zagrzebiu. Składa się z trzech części, które powstały w różnych okresach, a następnie zostały połączone tworząc jeden wolumin. Według Vjekoslava Štefanicia najstarsza część powstała między 1520 r. a 1530 r.; druga, nieco młodsza najpóźniej około 1540 r., a najmłodsza około 1582 r., potwierdzają to pewne zapisy, w których ten rok został zanotowany. Nazwany od nazwiska gwardiana klasztoru św. Marii Magdaleny we wsi Dubašnica na wyspie Krk.\n',NULL,NULL),(409,182,'pl','Zbiór Grškovicia\n',6,'Vrbnik / Istria (?)\n','XVI w.\n','Głagolica kursywna\n','Język chorwacko-cerkiewnosłowiański (występują również kajkawizmy)\n','Literatura średniowieczna (Legenda o 12 piątkach, legenda o św.  Makarym Pustelniku, apokryfy o rajskim drzewie, o Kainie i Ablu, apokryficzne apokalipsy, itd.\n','–\n','Przypuszcza się, że pochodzi z Istrii, kupiony przez  Stefana Ivšicia od proboszcza z Vrbnika – Ivana Grškovicia, znajduje się w bibliotece Chorwackiej Akademii Nauki i Sztuki w Zagrzebiu.\n',NULL,NULL),(410,184,'pl','Disipula (2)\n',7,'Selci\n','1600 r.\n','Głagolica kursywna\n','Język chorwacki\n','Zbiór kazań na niedziele i święta przez cały rok\n','233 kart\n','Rękopis został stworzony przez popa Ivana Brozovicia ze wsi Selci, tekst jest przystępny, a jego lekturę ułatwiono przez usunięcie ligatur i skrótów.\n',NULL,NULL),(411,185,'pl','Zbiór Fatevicia\n',7,'-\n','1617 r.\n','Głagolica kursywna\n','Język chorwacki (czakawski, niektóre archaizmy w wyniku przepisywania ze starszych wzorów, na przykład starsze formy czasu teraźniejszego w cytatach z Biblii, pisanie półsamogłoski / laski w wyrazie bogь i in.)\n','Zawiera kilka kazań wielkopostnych, które prawdopodobnie zostały przepisane ze zbioru kazań wielkopostnych takich jak kazania Kolunicia.\n','(?)\n','Znajduje się w archiwum Chorwackiej Akademii Nauki i Sztuki. Nazwany od nazwiska głagolity Mikuli Fatevicia, kapelana na wysepce Rava i we wsi Luka na wyspie Dugi Otok, w XVII w. przepisywał on ze starych głagolickich rękopisów z XV wieku.\n',NULL,NULL),(412,186,'pl','Doktryna chrześcijańska w skróconej wersji\n',7,'Rzym\n','1628 r.\n','Głagolica uncjalna\n','Późniejszy język starosłowiański (redakcja w księgach chorwacko-głagolickich pod wyraźnym wpływem wschodniosłowiańskim, faza początkowa, tj. z przewagą czystego języka chorwackiego)\n','Tłumaczenie Dottrina cristiane breve Bellarrmina\n','(?)\n','Istnieją cztery kopie, znajduje się Bibliotece Narodowej i Uniwersyteckiej w Zagrzebiu i Bibliotece Chorwackiej Akademii Nauki i Sztuki.\n',NULL,NULL),(413,187,'pl','Alfabet słowiański\n',7,'Rzym\n','1629 r.\n','Głagolica uncjalna\n','Późniejszy język starosłowiański (redakcja w  księgach chorwacko-głagolickich pod wyraźnym wpływem wschodniosłowiańskim, faza początkowa z pierwszymi śladami wpływów Rusinów wyznania greko-unickiego)\n','Alfabet\n','16 stron\n','Przechowywany w Bibliotece Chorwackiej Akademi Nauki i Sztuki w Zagrzebiu.\n',NULL,NULL),(414,192,'pl','Amulet Petra Marelicia\n',7,'Wyspa Iž\n','XVII w.\n','Głagolica kursywna\n','Język chorwacki\n','(?)\n','Książeczka o objętości 113 kart (stron).\n','Modlitewnik był pisany przez trzech anonimowych autorów, zakłada się więc, że powstawał stopniowo.\n',NULL,NULL),(415,193,'pl','Modlitewnik ojca Ivana Čepericia\n',7,'Krk\n',NULL,NULL,NULL,NULL,NULL,NULL,NULL,NULL),(416,194,'pl','Zaklęcia przeciw szkodnikom i złym chmurom\n',8,'Dugi otok\n','1703 r.\n','Głagolica kursywna\n','Język chorwacki z elementami wariantu ikawskiego (?)\n','Modlitwy i różnego rodzaju zaklęcia przeciw szkodnikom\n','Tom o objętości 14 kart\n','Zaklęcia spisał Ivan Rudić z wyspy Dugi otok.\n',NULL,NULL),(417,196,'pl','Msze za zmarłych\n',8,'Rzym\n','1707 r.\n','Głagolica uncjalna\n','Późniejszy język starosłowiański (pod wyraźnym wpływem wschodniosłowiańskim)\n','Msze za zmarłych\n','38 stron\n','Autorem jest Ivan Paštrić.\n',NULL,NULL),(418,198,'pl','Elementarz\n',8,'Rzym\n','1753 r.\n','Głagolica uncjalna\n','Późniejszy język starosłowiański (pod wyraźnym wpływem wschodniosłowiańskim)\n','Elementarz\n','40 kart\n','Wiadomo o istnieniu około 60 egemplarzy, przechowywany w Narodowej i Uniwersyteckiej Bibliotece w Zagrzebiu.\n',NULL,NULL),(419,199,'pl','Elementarz (2)\n',8,'Wenecja\n','1763 r.\n','Głagolica uncjalna\n','Późniejszy język starosłowiański (pod wyraźnym wpływem wschodniosłowiańskim)\n','Elementarz\n','16 kart\n','Wiadomo o istnieniu 12 egzemplarzy, opracowany przez Antona Juranicia, przechowywany w Narodowej i Uniwersyteckiej Bibliotece w Zagrzebiu.\n',NULL,NULL),(420,201,'pl','Brewiarz rzymski\n',8,'Rzym\n','1791 r.\n','Głagolica uncjalna\n','Późniejszy język starosłowiański (pod wyraźnym wpływem wschodniosłowiańskim)\n','(?)\n','(?)\n','Zachowało się około 35 egzemplarzy, opracowany przez Karamana i Sovicia, redagowany przez Petra Gocinicia, biskupa z Rabu.\n',NULL,NULL),(421,202,'pl','Czyny świętych\n',8,'Rzym\n','1791 r.\n','Głagolica uncjalna\n','Późniejszy język starosłowiański (pod wyraźnym wpływem wschodniosłowiańskim)\n','Oficja o świętych poszczególnych obrzarów głagolickich\n','270 stron\n','Zachowało się około 25 egzemplarzy, przechowywany w Narodowej i Uniwersyteckiej Bibliotece w Zagrzebiu.\n',NULL,NULL),(422,203,'pl','Epistoła Pana Naszego Jezusa Chrystusa\n',8,'-\n','XVIII w.\n','Głagolica kursywna\n','Język chorwacki z elementami wariantu sztokawsko-ikawskimi (?)\n','Epistoła Jezusa o niedzieli\n','Tomik o objętości 16 kart (stron)\n','Użyto znaków z alfabetu łacińskiego do oznaczenia samogłosek „i“ i „o“.\n',NULL,NULL),(423,204,'pl','Karta św. Bonifacego\n',8,'Północna Dalmacja\n','XVIII w.\n','Głagolica kursywna\n','Język chorwacki z elementami wariantu ikawskiego (?)\n','Legenda o tym, jak św. Bonifacy wybawił swoją matkę od czyśćca.\n','Podwójna karta papieru\n','–\n',NULL,NULL),(424,205,'pl','Chrestomatia języka starosłowiańskiego głagolicą\n',9,'Praga\n','1859 r.\n','Łacinka / głagolica uncjalna\n','Język łaciński / język chorwacko-cerkiewnosłowiański (nowa wersja z XIX w.)\n','Czytanka cerkiewnosłowiańska / starochorwacka\n','–\n','Opracował Ivan Berčić.\n',NULL,NULL),(425,206,'pl','Przykład mszy Misi za umr\'šee ze śpiewem chóralnym\n',9,'Galevac\n','1860 r.\n','Głagolica uncjalna\n','Język chorwacko-cerkiewnosłowiański (nowa wersja z XIX w.)\n','Msze za zmarłych\n','Litografia\n','Autorem jest Dragutin Antun Parčić.\n',NULL,NULL),(426,207,'pl','Elementarz języka starosłowiańskiego w alfabecie głagolickim do czytania ksiąg kościelnych\n',9,'Praga\n','1862 r.\n','Łacinka / głagolica uncjalna\n','Język łaciński / język chorwacko-cerkiewnosłowiański (nowa wersja z XIX w.)\n','Elementarz\n','–\n','Dodatkowe wskazówki do czytania rusyfikowanych tekstów mszałów i brewiarzy zgodnie z chorwacką redakcją. Elementarz ma dwa Suplementy w postaci litografii: Głagolicki alfabet pismem odręcznym (głagolica kursywna z przykładami) i Bośniacki alfabet (alfabet cyrylicy bośniackiej ze wskazówkami do czytania). W tym samym roku Berčić opracował także krótką starosłowiańską gramatykę, ale ona nie została opublikowana.\n',NULL,NULL),(427,208,'pl','Przykład mszy za Króla i Pana Naszego i Decretum\n',9,'Zadar\n','1863 r.\n','Głagolica uncjalna\n','Język chorwacko-cerkiewnosłowiański (nowa wersja z XIX w.)\n','–\n','Litografia\n','Autorem jest Dragutin Antun Parčić.\n',NULL,NULL),(428,209,'pl','Czytanka języka starosłowiańskiego\n',9,'Praga\n','1864 r.\n','Łacinka / głagolica uncjalna\n','Język łaciński / język chorwacko-cerkiewnosłowiański (nowa wersja z XIX w.)\n','Czytanka\n','–\n','Drugie wydanie chrestomatii pod tytułem Czytanka języka starosłowiańskiego, znacznie poszerzone i przeredagowane. Materiał został podzielony na trzy części: część bułgarska (głagolica okrągła),część chorwacka (głagolica kanciasta pismem odręcznym i drukowanym do R. Levakovicia) i część ruska (rusyfikowane wydania chorwackie od Levakovicia do Karamana).\n',NULL,NULL),(429,210,'pl','Przykład mszy na Święto Niepokalanego Poczęcia\n',9,'Krk\n','1 grudnia 1864 r.\n','Głagolica uncjalna\n','Język chorwacko-cerkiewnosłowiański (nowa wersja z XIX w.)\n','Wzór mszy\n','Litografia\n','Autorem jest Dragutin Antun Parčić.\n',NULL,NULL),(430,211,'pl','Fragmenty Pisma Świętego\n',9,'Praga\n','1865 – 1871 r.\n','Głagolica uncjalna\n','Język chorwacko-cerkiewnosłowiański (nowa wersja z XIX w.)\n','Fragmenty z Biblii\n','–\n','Berčić próbował opracować cały tekst Biblii na podstawie chorwacko-głagolickich zabytków liturgicznych, materiał czerpał przede wszystkim z pierwodruku Mszału... (1483 r.) i Brewiarza... Brozicia (1561 r.).\n',NULL,NULL),(431,212,'pl','1) Pieśń,  2) Faktura św. Tomasza z Akwinu dla św. Eucharystii\n',9,'Glavotok\n','1870 r. (?)\n','Głagolica uncjalna\n','Język chorwacko-cerkiewnosłowiański (nowa wersja z XIX w.)\n','Przekład hymnów\n','–\n','Autorem jest Dragutin Antun Parčić, wydrukowane w przyklasztornej Drukarni Serafińskiej.\n',NULL,NULL),(432,213,'pl','Suplement w języku słowiańskim....\n',9,'Rzym\n','1881 r.\n','Głagolica uncjalna\n','Język chorwacko-cerkiewnosłowiański (nowa wersja z XIX w.)\n','Suplement z nowymi mszami do Mszału... Karamana\n','–\n','Autorem jest Dragutin Antun Parčić.\n',NULL,NULL),(433,217,'pl','Cała jesteś piękna, Maryjo...\n',9,'Kościół św. Marii na wyspie Glavotok\n','XIX w.\n','Głagolica uncjalna\n','Język chorwacko-cerkiewnosłowiański (nowa wersja z XIX w.)\n','Pieśń dla chóru\n','–\n','Autorem jest Dragutin Antun Parčić.\n',NULL,NULL),(434,220,'pl','Abecedarium palaeoslovenicum in usum glagolitarum accedunt paradigmata morphologica specimina lectionum e missali romano slavonico idiomate selecta specimina cantus glossarium\n',10,'Krk, Akademia Starosłowiańska\n','1909 r. 1, 1917 r. 2\n','Łacinka / głagolica uncjalna\n','Język łaciński / język chorwacko-cerkiewnosłowiański\n','74 strony\n','Elementarz z podstawami gramatyki\n','Podstawowy podręcznik z podstawami gramatyki i glosariuszem do korzystania z nowowydanych ksiąg liturgicznych autorstwa Vajsa.\n',NULL,NULL),(435,222,'pl','Porządek Mszy z wybranymi Mszami: Mszał rzymski odnowiony z dyspozycji Soboru Watykańskiego Drugiego, ogłoszony przez papieża Pawła VI\n',10,'Zagrzeb, wydawnictwo Kršćanska sadašnjost\n','1980 r. 1, 2000 r.2\n','Łacinka\n','Język chorwacko-cerkiewnosłowiański\n','Głagolicki Porządek Mszy z wybranymi mszami\n','64 strony o wymiarach 21 x 29 cm\n','Po Soborze Watykańskim Drugim w księgach liturgicznych zaczął dominować język narodowy, ale starosłowiańskie msze i były w dalszym ciągu obecne. Ivan Golub tłumaczy na język chorwacko-cerkiewnosłowiański nowy Ordo missae (wyd. Kršćanska sadašnjost, Zagreb).\n',NULL,NULL);
/*!40000 ALTER TABLE `zapis_jezik` ENABLE KEYS */;
UNLOCK TABLES;

--
-- Dumping routines for database 'glagopedija'
--
/*!40103 SET TIME_ZONE=@OLD_TIME_ZONE */;

/*!40101 SET SQL_MODE=@OLD_SQL_MODE */;
/*!40014 SET FOREIGN_KEY_CHECKS=@OLD_FOREIGN_KEY_CHECKS */;
/*!40014 SET UNIQUE_CHECKS=@OLD_UNIQUE_CHECKS */;
/*!40101 SET CHARACTER_SET_CLIENT=@OLD_CHARACTER_SET_CLIENT */;
/*!40101 SET CHARACTER_SET_RESULTS=@OLD_CHARACTER_SET_RESULTS */;
/*!40101 SET COLLATION_CONNECTION=@OLD_COLLATION_CONNECTION */;
/*!40111 SET SQL_NOTES=@OLD_SQL_NOTES */;

-- Dump completed on 2019-11-15 11:19:50

update kategorija set slikaPutanja='https://www.ffos.unios.hr/projekti/glagopedija/public/img/grupa/11.stoljece-glagoljica.png' where id=1;
update kategorija set slikaPutanja='https://www.ffos.unios.hr/projekti/glagopedija/public/img/grupa/12.stoljece-glagoljica.png' where id=2;
update kategorija set slikaPutanja='https://www.ffos.unios.hr/projekti/glagopedija/public/img/grupa/13.stoljece-glagoljica.png' where id=3;
update kategorija set slikaPutanja='https://www.ffos.unios.hr/projekti/glagopedija/public/img/grupa/14.stoljece-glagoljica.png' where id=4;
update kategorija set slikaPutanja='https://www.ffos.unios.hr/projekti/glagopedija/public/img/grupa/15.stoljece-glagoljica.png' where id=5;
update kategorija set slikaPutanja='https://www.ffos.unios.hr/projekti/glagopedija/public/img/grupa/16.stoljece-glagoljica.png' where id=6;
update kategorija set slikaPutanja='https://www.ffos.unios.hr/projekti/glagopedija/public/img/grupa/17.stoljece-glagoljica.png' where id=7;
update kategorija set slikaPutanja='https://www.ffos.unios.hr/projekti/glagopedija/public/img/grupa/18.stoljece-glagoljica.png' where id=8;
update kategorija set slikaPutanja='https://www.ffos.unios.hr/projekti/glagopedija/public/img/grupa/19.stoljece-glagoljica.png' where id=9;
update kategorija set slikaPutanja='https://www.ffos.unios.hr/projekti/glagopedija/public/img/grupa/20.stoljece-glagoljica.png' where id=10;
update kategorija set slikaPutanja='https://www.ffos.unios.hr/projekti/glagopedija/public/img/grupa/11.i12.stoljece-cirilica.png' where id=11;
update kategorija set slikaPutanja='https://www.ffos.unios.hr/projekti/glagopedija/public/img/grupa/13.stoljece-cirilica.png' where id=12;
update kategorija set slikaPutanja='https://www.ffos.unios.hr/projekti/glagopedija/public/img/grupa/14.i15.stoljece-cirilica.png' where id=13;
update kategorija set slikaPutanja='https://www.ffos.unios.hr/projekti/glagopedija/public/img/grupa/16.stoljece-cirilica.png' where id=14;
update kategorija set slikaPutanja='https://www.ffos.unios.hr/projekti/glagopedija/public/img/grupa/17.stoljece-cirilica.png' where id=15;
update kategorija set slikaPutanja='https://www.ffos.unios.hr/projekti/glagopedija/public/img/grupa/18.stoljece-cirilica.png' where id=16;
update kategorija set slikaPutanja='https://www.ffos.unios.hr/projekti/glagopedija/public/img/grupa/19.stoljece-cirilica.png' where id=17;

